Site,SiteType,Year,Parameter,Max,Min,Avg,Count,Provenance
Bear Lake (Manistee),Lake,2000,Chlorophyll-a,7.613469575626834,6.4450922832102115,6.964926148764145,18,simulated
Bear Lake (Manistee),Lake,2001,Chlorophyll-a,7.8819003139725865,6.346988242870287,7.397397299995757,19,simulated
Bear Lake (Manistee),Lake,2002,Chlorophyll-a,7.827866539283862,6.34251220156153,7.079558307668875,23,simulated
Bear Lake (Manistee),Lake,2003,Chlorophyll-a,8.013721074287153,6.874888544263417,7.295983839699725,23,simulated
Bear Lake (Manistee),Lake,2004,Chlorophyll-a,8.157572676980182,6.683094182674596,7.580576461882058,22,simulated
Bear Lake (Manistee),Lake,2005,Chlorophyll-a,8.16630006810753,6.3260385586368,7.459343948151488,22,simulated
Bear Lake (Manistee),Lake,2006,Chlorophyll-a,7.918744051230768,6.428197014444217,7.317941312619121,26,simulated
Bear Lake (Manistee),Lake,2007,Chlorophyll-a,8.126958115623301,7.040567060909204,7.415161859106235,21,simulated
Bear Lake (Manistee),Lake,2008,Chlorophyll-a,8.533502306448653,7.069755758917827,7.679050909330549,25,simulated
Bear Lake (Manistee),Lake,2009,Chlorophyll-a,8.519108277973448,6.5327172174602195,7.492619909696438,23,simulated
Bear Lake (Manistee),Lake,2010,Chlorophyll-a,8.135170909311515,7.1245292452781355,7.686593039436067,23,simulated
Bear Lake (Manistee),Lake,2011,Chlorophyll-a,8.872197197338156,6.890029042169489,7.699996711490809,27,simulated
Bear Lake (Manistee),Lake,2012,Chlorophyll-a,7.920341549148399,6.7544072981199506,7.626958599670487,27,simulated
Bear Lake (Manistee),Lake,2013,Chlorophyll-a,8.849422462289024,7.584364643965018,8.129150863420637,27,simulated
Bear Lake (Manistee),Lake,2014,Chlorophyll-a,8.787597528708584,7.200054256942596,7.922358723715278,29,simulated
Bear Lake (Manistee),Lake,2015,Chlorophyll-a,8.27858051572021,7.502211655602286,7.521496498053749,25,simulated
Bear Lake (Manistee),Lake,2016,Chlorophyll-a,8.531524342186986,7.42260333850287,7.932693550524053,27,simulated
Bear Lake (Manistee),Lake,2017,Chlorophyll-a,8.514019717507951,7.160346028509726,7.832335509415439,25,simulated
Bear Lake (Manistee),Lake,2018,Chlorophyll-a,8.77418960166943,7.658761497926647,8.131018241153528,27,simulated
Bear Lake (Manistee),Lake,2019,Chlorophyll-a,8.497719405068251,6.802708358831371,7.894447024032168,26,simulated
Bear Lake (Manistee),Lake,2020,Chlorophyll-a,8.991056571435074,7.6261309308015255,8.052956617202332,27,simulated
Bear Lake (Manistee),Lake,2021,Chlorophyll-a,9.045985987751497,7.5419846903732815,8.202943023719406,29,simulated
Bear Lake (Manistee),Lake,2022,Chlorophyll-a,8.920500803384314,7.507845860884316,8.309474661916008,25,simulated
Bear Lake (Manistee),Lake,2023,Chlorophyll-a,8.93691392031977,6.931473747371874,7.994492963501544,34,simulated
Bear Lake (Manistee),Lake,2024,Chlorophyll-a,9.019224403196908,7.756227494111116,8.188956858240795,25,simulated
Bear Lake (Manistee),Lake,2025,Chlorophyll-a,9.156033665098427,7.1803752980891895,8.208242719088782,24,simulated
Bear Lake (Manistee),Lake,2000,Chloride,8.36028434206617,5.636831067628939,7.153493147144626,17,simulated
Bear Lake (Manistee),Lake,2001,Chloride,8.36766014820166,5.584425401520592,7.172689168861017,20,simulated
Bear Lake (Manistee),Lake,2002,Chloride,8.577686548828707,6.123454736569787,7.252896324641698,21,simulated
Bear Lake (Manistee),Lake,2003,Chloride,7.674550293458349,5.52820245089351,7.10078241506895,23,simulated
Bear Lake (Manistee),Lake,2004,Chloride,8.140940990616674,5.460645593022616,6.855087624518593,24,simulated
Bear Lake (Manistee),Lake,2005,Chloride,8.543764972575051,5.509317066677244,7.289999133103514,19,simulated
Bear Lake (Manistee),Lake,2006,Chloride,8.738458753986292,5.901711395129777,7.088586467926506,18,simulated
Bear Lake (Manistee),Lake,2007,Chloride,9.703490716887663,5.785307842838446,7.7906169701189345,26,simulated
Bear Lake (Manistee),Lake,2008,Chloride,10.039561924693533,5.0262482078749775,7.447464198442121,24,simulated
Bear Lake (Manistee),Lake,2009,Chloride,9.34707299411042,5.7015766736525375,7.267193678037658,21,simulated
Bear Lake (Manistee),Lake,2010,Chloride,8.93297164434835,5.661254262600876,7.543725092711623,28,simulated
Bear Lake (Manistee),Lake,2011,Chloride,9.204120598903692,5.788310128368547,7.916305377103508,24,simulated
Bear Lake (Manistee),Lake,2012,Chloride,9.559232780546484,6.122017622195988,7.613472091069712,28,simulated
Bear Lake (Manistee),Lake,2013,Chloride,8.613929765528582,5.788133732235095,7.592731693507807,25,simulated
Bear Lake (Manistee),Lake,2014,Chloride,10.909433140382315,6.2976163184274965,8.110717973052006,31,simulated
Bear Lake (Manistee),Lake,2015,Chloride,10.672618296099039,6.320506076615095,8.200232434707537,30,simulated
Bear Lake (Manistee),Lake,2016,Chloride,9.503217839721493,6.612313829781139,7.97680368625471,25,simulated
Bear Lake (Manistee),Lake,2017,Chloride,8.954025176764732,6.266905646744185,8.079450880952603,29,simulated
Bear Lake (Manistee),Lake,2018,Chloride,11.11929114042459,6.300119363550682,8.467609451724245,28,simulated
Bear Lake (Manistee),Lake,2019,Chloride,9.522256031096234,5.331815191511229,7.836924539932733,30,simulated
Bear Lake (Manistee),Lake,2020,Chloride,10.365667576887308,5.663293040012764,7.940593712033966,24,simulated
Bear Lake (Manistee),Lake,2021,Chloride,9.298879435130367,5.277203826672999,8.331003087680516,29,simulated
Bear Lake (Manistee),Lake,2022,Chloride,10.226599696857773,7.164707006434973,8.647132661203873,30,simulated
Bear Lake (Manistee),Lake,2023,Chloride,10.980453118776,6.455266026262967,8.97790498748121,22,simulated
Bear Lake (Manistee),Lake,2024,Chloride,11.775461545521734,7.349070745805774,9.606023564742026,24,simulated
Bear Lake (Manistee),Lake,2025,Chloride,11.24342218795624,5.948636590293956,9.427391823967072,22,simulated
Bear Lake (Manistee),Lake,2000,Nitrate,12.061892084590042,9.235890593146305,10.727240640604952,16,simulated
Bear Lake (Manistee),Lake,2001,Nitrate,13.038968574088553,7.269942812657048,11.097786136523016,14,simulated
Bear Lake (Manistee),Lake,2002,Nitrate,11.850819096145615,8.0689708698231,10.335635603376655,15,simulated
Bear Lake (Manistee),Lake,2003,Nitrate,14.724004362824179,9.19433750832813,11.09697879036731,20,simulated
Bear Lake (Manistee),Lake,2004,Nitrate,12.1534635076557,7.334179929991451,9.536560482009117,19,simulated
Bear Lake (Manistee),Lake,2005,Nitrate,11.367944353876856,7.385273818731012,9.34486527518335,15,simulated
Bear Lake (Manistee),Lake,2006,Nitrate,13.329631639803317,8.09278073962071,10.14926858676923,19,simulated
Bear Lake (Manistee),Lake,2007,Nitrate,12.636851160249332,7.683219321282105,10.340724879712752,21,simulated
Bear Lake (Manistee),Lake,2008,Nitrate,11.726856451408079,7.410981664549919,10.10119241687801,14,simulated
Bear Lake (Manistee),Lake,2009,Nitrate,11.915769555764413,7.401373490968735,9.053366724855524,21,simulated
Bear Lake (Manistee),Lake,2010,Nitrate,12.538198488974455,8.216079402580073,10.01377816756352,18,simulated
Bear Lake (Manistee),Lake,2011,Nitrate,10.781900331299251,7.512241739648852,9.379789002934626,22,simulated
Bear Lake (Manistee),Lake,2012,Nitrate,12.445367568713854,9.637645857708177,10.331377556838122,18,simulated
Bear Lake (Manistee),Lake,2013,Nitrate,11.775378378724213,8.949591483690265,10.151147611791265,15,simulated
Bear Lake (Manistee),Lake,2014,Nitrate,10.680593969717291,6.577153466791583,9.477134333896336,16,simulated
Bear Lake (Manistee),Lake,2015,Nitrate,12.337165347194421,6.528313840230646,9.658731710214914,21,simulated
Bear Lake (Manistee),Lake,2016,Nitrate,12.558818015504379,7.482967272910015,9.363037387313067,22,simulated
Bear Lake (Manistee),Lake,2017,Nitrate,11.059821928662716,7.322284545739434,9.822579003806522,19,simulated
Bear Lake (Manistee),Lake,2018,Nitrate,12.899812107532595,7.848238366021162,10.289713028911128,24,simulated
Bear Lake (Manistee),Lake,2019,Nitrate,10.943597861517004,5.427265775084185,9.316465605210071,17,simulated
Bear Lake (Manistee),Lake,2020,Nitrate,11.865782320609963,7.1087003525088654,10.010811916814434,22,simulated
Bear Lake (Manistee),Lake,2021,Nitrate,11.173774876683034,7.503123927702148,9.481808691062694,19,simulated
Bear Lake (Manistee),Lake,2022,Nitrate,10.82697673998193,7.883569372448161,9.32747643506554,21,simulated
Bear Lake (Manistee),Lake,2023,Nitrate,11.7495057983555,8.546817584314898,9.629409093442144,24,simulated
Bear Lake (Manistee),Lake,2024,Nitrate,10.648455579665914,7.048322435583014,9.156711256630164,21,simulated
Bear Lake (Manistee),Lake,2025,Nitrate,11.555662831805762,7.78943805248859,9.35971026213022,23,simulated
Bear Lake (Manistee),Lake,2000,Secchi Depth,13.888862338068533,6.978206649146038,10.475124465616956,23,simulated
Bear Lake (Manistee),Lake,2001,Secchi Depth,17.017977688073497,10.1058818801431,11.85870984232993,22,simulated
Bear Lake (Manistee),Lake,2002,Secchi Depth,14.176211259457322,7.341989416664297,9.99396054330265,20,simulated
Bear Lake (Manistee),Lake,2003,Secchi Depth,17.418461823119955,9.681868735931532,11.621571016960573,24,simulated
Bear Lake (Manistee),Lake,2004,Secchi Depth,16.571143518665103,8.268224873458326,12.53303525528252,28,simulated
Bear Lake (Manistee),Lake,2005,Secchi Depth,11.829452210381778,5.412455259529909,8.765140541631267,27,simulated
Bear Lake (Manistee),Lake,2006,Secchi Depth,13.215331574814247,4.461185722243387,10.416405246655955,28,simulated
Bear Lake (Manistee),Lake,2007,Secchi Depth,15.666915273260202,6.860733441657909,11.782315518702774,22,simulated
Bear Lake (Manistee),Lake,2008,Secchi Depth,15.726905651633686,7.121825697232547,11.04838188196602,21,simulated
Bear Lake (Manistee),Lake,2009,Secchi Depth,17.071080721356758,6.1095597342356704,11.638411480825942,24,simulated
Bear Lake (Manistee),Lake,2010,Secchi Depth,13.655370122003822,9.337311096351325,10.708727830873393,25,simulated
Bear Lake (Manistee),Lake,2011,Secchi Depth,16.890599126894795,6.766005254639301,11.415345534354028,28,simulated
Bear Lake (Manistee),Lake,2012,Secchi Depth,17.19954093732705,5.956440948089406,11.204140684355348,20,simulated
Bear Lake (Manistee),Lake,2013,Secchi Depth,17.90453347919346,9.887204688298654,12.541864430255558,30,simulated
Bear Lake (Manistee),Lake,2014,Secchi Depth,18.6027716765442,5.705664212336821,11.66624916346083,25,simulated
Bear Lake (Manistee),Lake,2015,Secchi Depth,15.217867071786577,6.8424761659342455,11.777665425282454,25,simulated
Bear Lake (Manistee),Lake,2016,Secchi Depth,13.695212235502057,7.3763700180196405,11.059151095369131,23,simulated
Bear Lake (Manistee),Lake,2017,Secchi Depth,12.964033644067124,6.027062006022536,11.010612587948742,22,simulated
Bear Lake (Manistee),Lake,2018,Secchi Depth,17.206415728804657,3.998612585601255,11.09283379141648,29,simulated
Bear Lake (Manistee),Lake,2019,Secchi Depth,17.38955234148816,7.156770671702111,11.950953818309952,27,simulated
Bear Lake (Manistee),Lake,2020,Secchi Depth,15.333190876107347,6.598051512070223,11.159065150636604,24,simulated
Bear Lake (Manistee),Lake,2021,Secchi Depth,16.812714173507306,7.999796091120146,11.90406806944821,24,simulated
Bear Lake (Manistee),Lake,2022,Secchi Depth,17.20257424452265,9.84623826597971,13.740521243552514,27,simulated
Bear Lake (Manistee),Lake,2023,Secchi Depth,20.830921542907173,6.588052747591089,12.552455633181996,33,simulated
Bear Lake (Manistee),Lake,2024,Secchi Depth,15.856848202591912,8.152585540908964,11.365718635987276,28,simulated
Bear Lake (Manistee),Lake,2025,Secchi Depth,18.038910015588666,7.918516032722009,12.95075882443818,24,simulated
Bear Lake (Manistee),Lake,2000,Total Phosphorus,7.153674551229612,5.843859939322983,6.337639552687761,22,simulated
Bear Lake (Manistee),Lake,2001,Total Phosphorus,7.0456605030835044,4.545890372036946,5.577336372060472,21,simulated
Bear Lake (Manistee),Lake,2002,Total Phosphorus,7.57682421045185,5.180475421736528,6.342071405262262,22,simulated
Bear Lake (Manistee),Lake,2003,Total Phosphorus,7.346609875647352,5.513459718254143,6.258814085453182,23,simulated
Bear Lake (Manistee),Lake,2004,Total Phosphorus,8.26615599294615,5.475926139530841,6.5036896938562565,21,simulated
Bear Lake (Manistee),Lake,2005,Total Phosphorus,7.920212813520212,5.876263402364518,6.812669141600246,21,simulated
Bear Lake (Manistee),Lake,2006,Total Phosphorus,7.349275870464857,4.502160997202457,6.567541227738771,24,simulated
Bear Lake (Manistee),Lake,2007,Total Phosphorus,6.801055024510069,4.510147706548244,6.127807283776717,21,simulated
Bear Lake (Manistee),Lake,2008,Total Phosphorus,7.280647266128278,4.187385020602151,5.854489565358638,25,simulated
Bear Lake (Manistee),Lake,2009,Total Phosphorus,7.7668486611062715,5.163762617535281,6.891936253209483,19,simulated
Bear Lake (Manistee),Lake,2010,Total Phosphorus,8.064136598471398,5.29797820357395,6.134106824859523,28,simulated
Bear Lake (Manistee),Lake,2011,Total Phosphorus,6.562911702479275,5.033480671388221,6.091524089564571,26,simulated
Bear Lake (Manistee),Lake,2012,Total Phosphorus,7.9334120339499545,4.620824558668621,6.051274457761549,26,simulated
Bear Lake (Manistee),Lake,2013,Total Phosphorus,7.418924416078165,5.29076160296249,6.085199644029749,28,simulated
Bear Lake (Manistee),Lake,2014,Total Phosphorus,7.151716427282644,4.467988914035306,5.959039782400142,31,simulated
Bear Lake (Manistee),Lake,2015,Total Phosphorus,6.811255248793117,4.698362756622466,5.809521425828461,29,simulated
Bear Lake (Manistee),Lake,2016,Total Phosphorus,7.125145117900717,4.729911196887874,5.788997828057569,21,simulated
Bear Lake (Manistee),Lake,2017,Total Phosphorus,7.107595393774553,4.427693061846306,5.904303819670335,23,simulated
Bear Lake (Manistee),Lake,2018,Total Phosphorus,7.307425968746429,4.394720281708339,5.734228030942327,25,simulated
Bear Lake (Manistee),Lake,2019,Total Phosphorus,6.866431745882188,4.619514007860636,5.65981607309649,27,simulated
Bear Lake (Manistee),Lake,2020,Total Phosphorus,7.119303065055734,4.230174029640677,5.857480724784477,29,simulated
Bear Lake (Manistee),Lake,2021,Total Phosphorus,6.782808853385795,4.932346367246264,5.730459778974469,26,simulated
Bear Lake (Manistee),Lake,2022,Total Phosphorus,7.433506095144241,4.671639256741252,6.181170563111015,29,simulated
Bear Lake (Manistee),Lake,2023,Total Phosphorus,6.15869387174444,3.806317111653839,5.026848121826677,26,simulated
Bear Lake (Manistee),Lake,2024,Total Phosphorus,6.613876993075229,4.886691401753964,6.010576765828948,27,simulated
Bear Lake (Manistee),Lake,2025,Total Phosphorus,6.762381013112042,4.660042336545789,6.023011937527317,25,simulated
Big Glen Lake,Lake,2000,Chlorophyll-a,6.653139943789742,5.148286864096606,5.927839819501947,11,simulated
Big Glen Lake,Lake,2001,Chlorophyll-a,6.782767167791021,5.198533211192197,6.036967831077081,13,simulated
Big Glen Lake,Lake,2002,Chlorophyll-a,7.319384959852716,5.391204794643635,6.483760366538308,13,simulated
Big Glen Lake,Lake,2003,Chlorophyll-a,7.035677841392717,5.1956794704909,6.109893882075522,14,simulated
Big Glen Lake,Lake,2004,Chlorophyll-a,7.718350224240015,6.295309009016602,6.881229150009407,17,simulated
Big Glen Lake,Lake,2005,Chlorophyll-a,7.743524767654562,5.451825599738792,6.4768388685435525,18,simulated
Big Glen Lake,Lake,2006,Chlorophyll-a,7.118963524483344,5.3648604236433055,6.448743448052307,22,simulated
Big Glen Lake,Lake,2007,Chlorophyll-a,7.106623729970185,5.226694196739951,6.266357455841797,15,simulated
Big Glen Lake,Lake,2008,Chlorophyll-a,7.446847495397335,5.382267784717096,6.629345518738295,21,simulated
Big Glen Lake,Lake,2009,Chlorophyll-a,7.69931710199492,5.260323361157034,6.396264604835129,18,simulated
Big Glen Lake,Lake,2010,Chlorophyll-a,7.5703048867745215,5.516849497136593,6.580401814428731,18,simulated
Big Glen Lake,Lake,2011,Chlorophyll-a,8.46689550095327,6.146091475409726,7.138858853100598,21,simulated
Big Glen Lake,Lake,2012,Chlorophyll-a,7.127335159128519,6.136165630163036,6.607056571930362,16,simulated
Big Glen Lake,Lake,2013,Chlorophyll-a,7.97415053140297,5.804725206756461,6.9133861905618295,21,simulated
Big Glen Lake,Lake,2014,Chlorophyll-a,7.727407860469559,5.560565065568938,6.54882505540093,20,simulated
Big Glen Lake,Lake,2015,Chlorophyll-a,7.711411376212116,5.697388518603148,6.73155204119992,21,simulated
Big Glen Lake,Lake,2016,Chlorophyll-a,8.509870708631674,6.538331784106534,7.166431958314663,21,simulated
Big Glen Lake,Lake,2017,Chlorophyll-a,7.477010290096987,6.03506291006182,6.67584004067484,28,simulated
Big Glen Lake,Lake,2018,Chlorophyll-a,8.722364381069664,5.899448780897579,7.255835441398347,19,simulated
Big Glen Lake,Lake,2019,Chlorophyll-a,8.741102656262605,6.059639680334424,7.0491237386017005,20,simulated
Big Glen Lake,Lake,2020,Chlorophyll-a,7.663804203756959,5.638717124792328,6.802640649133863,20,simulated
Big Glen Lake,Lake,2021,Chlorophyll-a,7.98603903797827,6.09217802373475,7.110902549200911,20,simulated
Big Glen Lake,Lake,2022,Chlorophyll-a,8.702389736799212,6.192001406634543,7.227935174444054,20,simulated
Big Glen Lake,Lake,2023,Chlorophyll-a,8.69295549114722,5.879476961944441,7.187993866500757,26,simulated
Big Glen Lake,Lake,2024,Chlorophyll-a,7.529123323341194,5.916512873558401,6.723794545433131,27,simulated
Big Glen Lake,Lake,2025,Chlorophyll-a,7.819933494030906,5.939638279046015,6.956316851965315,21,simulated
Big Glen Lake,Lake,2000,Chloride,9.539625149699432,3.9474875762070116,6.426659735167787,10,simulated
Big Glen Lake,Lake,2001,Chloride,7.6684913879203025,3.9120341623274935,6.054271310355806,16,simulated
Big Glen Lake,Lake,2002,Chloride,8.686569287729341,3.595614426378148,6.615514767759022,15,simulated
Big Glen Lake,Lake,2003,Chloride,8.541804980926344,4.250982921945791,6.492092287131809,13,simulated
Big Glen Lake,Lake,2004,Chloride,8.319296127626792,4.2846892372071235,5.806483689698799,11,simulated
Big Glen Lake,Lake,2005,Chloride,9.2575643269613,4.71179846018679,7.202369081529772,18,simulated
Big Glen Lake,Lake,2006,Chloride,9.728183172061843,4.490562181002735,7.379136071997348,17,simulated
Big Glen Lake,Lake,2007,Chloride,8.58627657612097,4.040063594067054,6.372864607903556,15,simulated
Big Glen Lake,Lake,2008,Chloride,8.560122275129396,4.322220382019614,6.533484162093741,21,simulated
Big Glen Lake,Lake,2009,Chloride,8.655917844072654,4.224792415044353,6.900411227495197,13,simulated
Big Glen Lake,Lake,2010,Chloride,9.15872517302754,4.214530024324574,6.986850227014201,12,simulated
Big Glen Lake,Lake,2011,Chloride,9.998801678563414,4.209139163613392,7.201875433043114,15,simulated
Big Glen Lake,Lake,2012,Chloride,9.506641232691765,5.128137019798606,7.900561519591921,17,simulated
Big Glen Lake,Lake,2013,Chloride,9.06289477927392,5.005233824808368,6.942270030515873,18,simulated
Big Glen Lake,Lake,2014,Chloride,8.268254928328487,4.6528734158522225,6.710973121790391,17,simulated
Big Glen Lake,Lake,2015,Chloride,9.085715524033624,3.896035057448751,6.494155198739648,19,simulated
Big Glen Lake,Lake,2016,Chloride,7.964721549413812,5.3457543360271735,6.8689938627883365,15,simulated
Big Glen Lake,Lake,2017,Chloride,9.052976760249273,4.901242206323822,7.27442883370107,23,simulated
Big Glen Lake,Lake,2018,Chloride,10.94107823206129,6.108872706481442,8.245038844512028,19,simulated
Big Glen Lake,Lake,2019,Chloride,10.263503657852034,5.044758721627646,7.16871045968548,23,simulated
Big Glen Lake,Lake,2020,Chloride,9.799378723012984,4.516318753927159,7.608487684909168,21,simulated
Big Glen Lake,Lake,2021,Chloride,9.407356495615826,5.2100193517013365,7.557195175202219,21,simulated
Big Glen Lake,Lake,2022,Chloride,12.033978483579574,5.789409644358289,8.245142306345816,22,simulated
Big Glen Lake,Lake,2023,Chloride,10.512100792766745,7.446711882247511,9.014422152590852,22,simulated
Big Glen Lake,Lake,2024,Chloride,8.251202285695097,4.804458478318576,7.501233066967108,23,simulated
Big Glen Lake,Lake,2025,Chloride,10.117587728097133,4.930532727592622,7.592801202471996,25,simulated
Big Glen Lake,Lake,2000,Nitrate,13.492015231453323,8.580169343599586,10.975143826005088,18,simulated
Big Glen Lake,Lake,2001,Nitrate,12.348635725796102,8.097982192020604,10.516924943003726,15,simulated
Big Glen Lake,Lake,2002,Nitrate,13.36090778408359,10.328879518831378,11.27457369533358,15,simulated
Big Glen Lake,Lake,2003,Nitrate,12.117680605854476,8.103465496101713,10.134651833073764,18,simulated
Big Glen Lake,Lake,2004,Nitrate,14.1538956367414,9.418542578657021,11.377564431587716,18,simulated
Big Glen Lake,Lake,2005,Nitrate,12.988453902043283,8.814336855476563,10.387224655099358,11,simulated
Big Glen Lake,Lake,2006,Nitrate,11.361977522486061,7.725343460077597,9.63520406852118,21,simulated
Big Glen Lake,Lake,2007,Nitrate,12.630353398621903,6.932072729304429,10.396290280100672,21,simulated
Big Glen Lake,Lake,2008,Nitrate,13.482253471685254,7.378774715376114,9.945638734305112,15,simulated
Big Glen Lake,Lake,2009,Nitrate,14.19117288850426,8.76489470194491,10.680804041366178,18,simulated
Big Glen Lake,Lake,2010,Nitrate,12.306586416080982,7.378602842412296,9.886336161887636,19,simulated
Big Glen Lake,Lake,2011,Nitrate,12.132864022480481,6.894389298307853,9.953618350525543,19,simulated
Big Glen Lake,Lake,2012,Nitrate,11.254053730066378,6.650584285082186,9.192482608206875,16,simulated
Big Glen Lake,Lake,2013,Nitrate,12.408403472749443,7.700521355470185,9.876825952091163,16,simulated
Big Glen Lake,Lake,2014,Nitrate,10.187457669583653,7.312867272537511,8.858271835597051,19,simulated
Big Glen Lake,Lake,2015,Nitrate,11.088380518563737,6.822434371624627,9.24218407487626,23,simulated
Big Glen Lake,Lake,2016,Nitrate,11.487552644139846,7.857756771114362,10.36678406327148,21,simulated
Big Glen Lake,Lake,2017,Nitrate,12.847415446343252,7.501154406174624,10.340819153187669,18,simulated
Big Glen Lake,Lake,2018,Nitrate,12.743131896512256,7.516045070548505,10.125635096853738,22,simulated
Big Glen Lake,Lake,2019,Nitrate,11.148595607606095,6.729725987588429,9.407358209567814,12,simulated
Big Glen Lake,Lake,2020,Nitrate,12.949758812535753,8.035721100555973,9.820174494582549,24,simulated
Big Glen Lake,Lake,2021,Nitrate,11.147156548634255,6.843734402802701,9.805138585029384,16,simulated
Big Glen Lake,Lake,2022,Nitrate,10.328407379557287,7.098490945257066,9.21049978003366,20,simulated
Big Glen Lake,Lake,2023,Nitrate,12.874726963827442,6.784925866124207,10.458344268127764,18,simulated
Big Glen Lake,Lake,2024,Nitrate,12.997741602047608,8.381522538576185,10.119129610340536,18,simulated
Big Glen Lake,Lake,2025,Nitrate,12.670281931994472,6.410419052081476,9.556497671228502,25,simulated
Big Glen Lake,Lake,2000,Secchi Depth,14.279536918180662,7.732629508065386,10.472193954354768,13,simulated
Big Glen Lake,Lake,2001,Secchi Depth,13.520701734858967,7.435080074053503,10.24708702788648,6,simulated
Big Glen Lake,Lake,2002,Secchi Depth,12.467261030196203,9.461672048921974,10.599923159564574,6,simulated
Big Glen Lake,Lake,2003,Secchi Depth,14.512118968408881,6.825406916522693,10.369722352316591,6,simulated
Big Glen Lake,Lake,2004,Secchi Depth,11.206587707295176,6.709646284701697,9.530249615664635,8,simulated
Big Glen Lake,Lake,2005,Secchi Depth,14.21507096917111,7.167122604624396,10.998663783181009,6,simulated
Big Glen Lake,Lake,2006,Secchi Depth,12.163567596417126,9.719795337916391,10.073930290861382,15,simulated
Big Glen Lake,Lake,2007,Secchi Depth,11.893936748831795,5.31099856818467,9.41767985853544,14,simulated
Big Glen Lake,Lake,2008,Secchi Depth,13.151879442042656,7.549858073736354,10.1595196060516,9,simulated
Big Glen Lake,Lake,2009,Secchi Depth,14.77340378862639,7.338791681154553,11.417362173866977,18,simulated
Big Glen Lake,Lake,2010,Secchi Depth,14.354023802010083,8.990820103972165,11.024340691692146,14,simulated
Big Glen Lake,Lake,2011,Secchi Depth,14.36565744518349,7.01508869512843,10.276714389843796,11,simulated
Big Glen Lake,Lake,2012,Secchi Depth,13.435207932310306,8.410096862085034,10.298550014981664,6,simulated
Big Glen Lake,Lake,2013,Secchi Depth,12.90740624039579,8.085602089166951,10.33867539952134,19,simulated
Big Glen Lake,Lake,2014,Secchi Depth,16.032468878867338,6.886073729808138,11.91441852446727,9,simulated
Big Glen Lake,Lake,2015,Secchi Depth,14.78335297407819,8.10017741216683,10.840117648451098,8,simulated
Big Glen Lake,Lake,2016,Secchi Depth,12.740015111163249,7.783464503167309,10.894854611432324,16,simulated
Big Glen Lake,Lake,2017,Secchi Depth,14.88520324069896,7.486190843383513,11.309709708110864,21,simulated
Big Glen Lake,Lake,2018,Secchi Depth,14.327122675845512,7.485827777734717,10.817086295272992,18,simulated
Big Glen Lake,Lake,2019,Secchi Depth,13.081806553419595,7.5684362516364025,10.514544252917396,16,simulated
Big Glen Lake,Lake,2020,Secchi Depth,14.584909465283712,7.43187953558349,10.578419039638442,16,simulated
Big Glen Lake,Lake,2021,Secchi Depth,13.418544068113395,5.754048422687157,10.6833259638014,17,simulated
Big Glen Lake,Lake,2022,Secchi Depth,13.713870390800427,7.902386179210038,10.729086288386624,17,simulated
Big Glen Lake,Lake,2023,Secchi Depth,14.11875187713406,8.0572588599277,11.257395796186948,16,simulated
Big Glen Lake,Lake,2024,Secchi Depth,13.752832562323402,7.014311432700822,10.83455914377504,16,simulated
Big Glen Lake,Lake,2025,Secchi Depth,13.344306336726936,7.271855457777907,11.309465988723684,16,simulated
Big Glen Lake,Lake,2000,Total Phosphorus,7.563665672038244,4.879287973813284,6.159239917409842,23,simulated
Big Glen Lake,Lake,2001,Total Phosphorus,7.387730912714117,4.252959845901627,5.65020356193228,16,simulated
Big Glen Lake,Lake,2002,Total Phosphorus,8.605993542055728,4.452215013121662,6.16153926840714,25,simulated
Big Glen Lake,Lake,2003,Total Phosphorus,6.991180583818612,4.420884278195199,5.832574740836557,22,simulated
Big Glen Lake,Lake,2004,Total Phosphorus,6.576165356461199,4.373810760443971,5.765968400698683,19,simulated
Big Glen Lake,Lake,2005,Total Phosphorus,7.597154932643297,5.0044458850272715,6.16541373935608,21,simulated
Big Glen Lake,Lake,2006,Total Phosphorus,9.303435169686768,5.287956595270585,6.537224990833169,23,simulated
Big Glen Lake,Lake,2007,Total Phosphorus,7.498950375093473,5.47222916630588,6.349517989578994,22,simulated
Big Glen Lake,Lake,2008,Total Phosphorus,7.460234398517861,3.5008894700998696,5.5023089918449175,24,simulated
Big Glen Lake,Lake,2009,Total Phosphorus,7.6970394304538,4.818298377654896,5.665427418311287,19,simulated
Big Glen Lake,Lake,2010,Total Phosphorus,7.511685296475758,5.0814972906345055,6.265359229421235,23,simulated
Big Glen Lake,Lake,2011,Total Phosphorus,7.180727226222246,4.562812933983283,5.613203854170584,19,simulated
Big Glen Lake,Lake,2012,Total Phosphorus,7.900071566996507,4.065957877322846,5.830010382977151,23,simulated
Big Glen Lake,Lake,2013,Total Phosphorus,7.328999873204373,4.734524741276902,6.04998463829832,21,simulated
Big Glen Lake,Lake,2014,Total Phosphorus,6.77695536061518,3.7217145501222006,5.536861749360158,21,simulated
Big Glen Lake,Lake,2015,Total Phosphorus,7.002789610564817,4.73706819169875,5.850709145580193,28,simulated
Big Glen Lake,Lake,2016,Total Phosphorus,6.258829396797655,3.980452839758554,5.368140474890997,28,simulated
Big Glen Lake,Lake,2017,Total Phosphorus,6.64270787745247,4.576266885964492,5.572387947361292,26,simulated
Big Glen Lake,Lake,2018,Total Phosphorus,6.71403565281295,3.5464567534722127,5.833463884903223,22,simulated
Big Glen Lake,Lake,2019,Total Phosphorus,6.4658129493638405,4.410207844950902,5.210255416622498,24,simulated
Big Glen Lake,Lake,2020,Total Phosphorus,6.8813160852813,4.298732927969791,5.814680213565547,29,simulated
Big Glen Lake,Lake,2021,Total Phosphorus,7.085824272831723,4.042325790411836,5.6448644417482665,26,simulated
Big Glen Lake,Lake,2022,Total Phosphorus,6.5299134438752215,4.239641683982172,5.79305695496899,33,simulated
Big Glen Lake,Lake,2023,Total Phosphorus,7.150268718050519,4.38867302341696,5.664847208045039,28,simulated
Big Glen Lake,Lake,2024,Total Phosphorus,7.768054943993691,4.611996228975631,5.983768230260138,27,simulated
Big Glen Lake,Lake,2025,Total Phosphorus,6.115463908842774,4.231833549965637,5.58049578601205,26,simulated
Cedar Lake (Leelanau),Lake,2000,Chlorophyll-a,9.383913833663417,4.4663129881972345,6.472524318359674,18,simulated
Cedar Lake (Leelanau),Lake,2001,Chlorophyll-a,9.151061203841783,4.061594814918804,6.908179186029508,21,simulated
Cedar Lake (Leelanau),Lake,2002,Chlorophyll-a,9.033345850995897,4.553676472806671,7.060734542850144,19,simulated
Cedar Lake (Leelanau),Lake,2003,Chlorophyll-a,7.865872814435783,4.339017327465993,6.274561401777092,16,simulated
Cedar Lake (Leelanau),Lake,2004,Chlorophyll-a,7.757606474624753,3.7072630293814584,6.04831916307957,23,simulated
Cedar Lake (Leelanau),Lake,2005,Chlorophyll-a,7.442182157450834,3.2671747320050764,5.838774214540175,20,simulated
Cedar Lake (Leelanau),Lake,2006,Chlorophyll-a,9.27768253870646,4.4558383383964735,6.993060701969696,20,simulated
Cedar Lake (Leelanau),Lake,2007,Chlorophyll-a,8.289645178442026,4.303239589550215,6.252651882685843,18,simulated
Cedar Lake (Leelanau),Lake,2008,Chlorophyll-a,7.573628320450996,4.687754392373269,5.776578636266591,20,simulated
Cedar Lake (Leelanau),Lake,2009,Chlorophyll-a,9.520552325534789,5.55437100459249,7.044175366266929,19,simulated
Cedar Lake (Leelanau),Lake,2010,Chlorophyll-a,11.532174570075574,5.820737359000564,8.110812866562576,21,simulated
Cedar Lake (Leelanau),Lake,2011,Chlorophyll-a,9.687927447466397,5.1648562560745646,6.923176402142555,27,simulated
Cedar Lake (Leelanau),Lake,2012,Chlorophyll-a,8.648172795459448,5.212609967336693,7.376766704825227,18,simulated
Cedar Lake (Leelanau),Lake,2013,Chlorophyll-a,7.550348031805875,4.81390675502355,7.03880727401868,18,simulated
Cedar Lake (Leelanau),Lake,2014,Chlorophyll-a,9.764471706776817,4.468993923432874,6.98496681916236,27,simulated
Cedar Lake (Leelanau),Lake,2015,Chlorophyll-a,8.913649333877604,5.240857389689831,7.532509664783912,22,simulated
Cedar Lake (Leelanau),Lake,2016,Chlorophyll-a,8.978526157036285,4.481631454537072,6.960903503206141,21,simulated
Cedar Lake (Leelanau),Lake,2017,Chlorophyll-a,8.748420318052315,4.973557667142575,7.280012055723369,27,simulated
Cedar Lake (Leelanau),Lake,2018,Chlorophyll-a,8.39427304873277,6.415425856652522,7.345438508066807,22,simulated
Cedar Lake (Leelanau),Lake,2019,Chlorophyll-a,9.360157112184552,5.341058822789575,6.875917524782716,30,simulated
Cedar Lake (Leelanau),Lake,2020,Chlorophyll-a,10.731257133830574,5.457513833640474,7.767301986546725,27,simulated
Cedar Lake (Leelanau),Lake,2021,Chlorophyll-a,9.0543907642682,5.776605686065692,7.202870569102954,23,simulated
Cedar Lake (Leelanau),Lake,2022,Chlorophyll-a,7.417880815389363,4.393318399778953,6.937701137298788,32,simulated
Cedar Lake (Leelanau),Lake,2023,Chlorophyll-a,9.638274564548963,4.180522897156216,7.650182162402202,24,simulated
Cedar Lake (Leelanau),Lake,2024,Chlorophyll-a,9.343373977711877,3.9912609289948624,6.934675647483159,28,simulated
Cedar Lake (Leelanau),Lake,2025,Chlorophyll-a,8.750825769700846,5.290388273496278,7.460775946717125,27,simulated
Cedar Lake (Leelanau),Lake,2000,Chloride,9.932043392693584,4.351159695770914,7.558750961044249,26,simulated
Cedar Lake (Leelanau),Lake,2001,Chloride,9.142616840101365,5.536926403440963,6.987509338469944,22,simulated
Cedar Lake (Leelanau),Lake,2002,Chloride,9.050413998405936,4.506493456991308,6.714805084243915,18,simulated
Cedar Lake (Leelanau),Lake,2003,Chloride,9.241374501831688,5.367425760903199,7.269612072359571,23,simulated
Cedar Lake (Leelanau),Lake,2004,Chloride,7.9225554333164405,4.943201625879882,6.846464857170868,25,simulated
Cedar Lake (Leelanau),Lake,2005,Chloride,10.34862717180637,5.019396814957591,8.033962838233455,20,simulated
Cedar Lake (Leelanau),Lake,2006,Chloride,8.804808676813481,5.132235286739672,7.2948384851892785,22,simulated
Cedar Lake (Leelanau),Lake,2007,Chloride,8.677976589270292,5.002145034657444,7.133768744011618,23,simulated
Cedar Lake (Leelanau),Lake,2008,Chloride,9.670122658002118,4.899681829893405,7.424179605291476,21,simulated
Cedar Lake (Leelanau),Lake,2009,Chloride,9.216520819462195,5.25198663853812,6.812762637834017,25,simulated
Cedar Lake (Leelanau),Lake,2010,Chloride,8.84738974924613,5.67503551670942,7.027849836161415,23,simulated
Cedar Lake (Leelanau),Lake,2011,Chloride,10.298745254777568,6.619107973818379,8.03899976590223,25,simulated
Cedar Lake (Leelanau),Lake,2012,Chloride,10.09875330423176,6.505168064576693,7.2724196462908015,21,simulated
Cedar Lake (Leelanau),Lake,2013,Chloride,9.124263395319401,4.176807748797128,7.151553626586683,23,simulated
Cedar Lake (Leelanau),Lake,2014,Chloride,11.547010495824292,6.556367992811351,7.919449889932683,27,simulated
Cedar Lake (Leelanau),Lake,2015,Chloride,10.762844548134524,6.286191311499428,8.27333370685601,24,simulated
Cedar Lake (Leelanau),Lake,2016,Chloride,9.106430731776616,6.205127996074398,8.120815263063658,30,simulated
Cedar Lake (Leelanau),Lake,2017,Chloride,10.929571774670396,5.974204973505932,8.308905816628682,24,simulated
Cedar Lake (Leelanau),Lake,2018,Chloride,9.721468255111786,5.136055484432587,7.555468013837667,27,simulated
Cedar Lake (Leelanau),Lake,2019,Chloride,9.904622986760597,4.937165782175318,7.299965934770462,29,simulated
Cedar Lake (Leelanau),Lake,2020,Chloride,11.43404407732536,6.879710135582126,8.733492741173727,22,simulated
Cedar Lake (Leelanau),Lake,2021,Chloride,9.886735256480424,5.993029524603688,7.931109056527493,22,simulated
Cedar Lake (Leelanau),Lake,2022,Chloride,9.330446178666124,5.7849510004919305,8.02430797973289,23,simulated
Cedar Lake (Leelanau),Lake,2023,Chloride,10.978562747151981,6.73975077618481,8.845616261606848,31,simulated
Cedar Lake (Leelanau),Lake,2024,Chloride,10.17164561215834,5.281078067798119,8.535978135000118,26,simulated
Cedar Lake (Leelanau),Lake,2025,Chloride,10.366665035829664,6.026506528729319,8.550120018948652,36,simulated
Cedar Lake (Leelanau),Lake,2000,Nitrate,11.741468654432818,8.23479750419617,10.258328176667638,10,simulated
Cedar Lake (Leelanau),Lake,2001,Nitrate,11.581290956495671,8.794716590409372,10.636856564877682,6,simulated
Cedar Lake (Leelanau),Lake,2002,Nitrate,12.236744693787466,9.150031238609946,10.750683327278992,11,simulated
Cedar Lake (Leelanau),Lake,2003,Nitrate,12.41878104762604,9.474658302559625,10.743963307380046,10,simulated
Cedar Lake (Leelanau),Lake,2004,Nitrate,12.286674995945774,9.525714656644237,10.470923136465666,6,simulated
Cedar Lake (Leelanau),Lake,2005,Nitrate,11.67258812517155,9.224186874703136,10.394620847962054,14,simulated
Cedar Lake (Leelanau),Lake,2006,Nitrate,11.465856780364527,8.52345823253032,10.246441925054752,9,simulated
Cedar Lake (Leelanau),Lake,2007,Nitrate,11.23833399298982,8.239187705326376,10.278644615942442,9,simulated
Cedar Lake (Leelanau),Lake,2008,Nitrate,10.811027604004195,8.039969472600683,9.870285515874423,13,simulated
Cedar Lake (Leelanau),Lake,2009,Nitrate,10.9261910633204,8.714787564538408,9.771743378700066,16,simulated
Cedar Lake (Leelanau),Lake,2010,Nitrate,11.391968633600118,9.145958763256038,9.986621445879178,9,simulated
Cedar Lake (Leelanau),Lake,2011,Nitrate,11.518641107953187,8.606938387306219,9.917094378151376,13,simulated
Cedar Lake (Leelanau),Lake,2012,Nitrate,10.758583411830518,9.230310372938638,9.81432918175706,14,simulated
Cedar Lake (Leelanau),Lake,2013,Nitrate,11.981738566409845,8.716216930581016,10.123862197531606,15,simulated
Cedar Lake (Leelanau),Lake,2014,Nitrate,11.3614779594064,8.943701418498392,10.17648926135911,14,simulated
Cedar Lake (Leelanau),Lake,2015,Nitrate,11.154184819283032,8.826414284430703,9.90654458781652,13,simulated
Cedar Lake (Leelanau),Lake,2016,Nitrate,11.293333884833794,9.602395194760208,10.282183825145625,12,simulated
Cedar Lake (Leelanau),Lake,2017,Nitrate,9.842436894534224,8.12188154772099,9.513560479875569,15,simulated
Cedar Lake (Leelanau),Lake,2018,Nitrate,11.328551403586001,8.72315903641206,9.762876171371468,12,simulated
Cedar Lake (Leelanau),Lake,2019,Nitrate,11.078311249490046,8.804277997419986,9.593498673052895,6,simulated
Cedar Lake (Leelanau),Lake,2020,Nitrate,10.320548332514615,9.085210228818902,9.247341243861234,17,simulated
Cedar Lake (Leelanau),Lake,2021,Nitrate,10.990047762654449,8.508378095181115,9.731726591806185,19,simulated
Cedar Lake (Leelanau),Lake,2022,Nitrate,11.119691526346715,7.816704287728483,9.699892479744497,9,simulated
Cedar Lake (Leelanau),Lake,2023,Nitrate,10.822061794674198,8.213612982206946,10.13931988313933,13,simulated
Cedar Lake (Leelanau),Lake,2024,Nitrate,10.922242142557947,8.790295521662781,9.86977176047964,19,simulated
Cedar Lake (Leelanau),Lake,2025,Nitrate,10.85792162192347,8.41024476915759,9.384902288042436,23,simulated
Cedar Lake (Leelanau),Lake,2000,Secchi Depth,12.019519431370812,8.077559082337242,10.232696978672893,29,simulated
Cedar Lake (Leelanau),Lake,2001,Secchi Depth,12.221434636017534,9.019782342477175,10.460442687503264,26,simulated
Cedar Lake (Leelanau),Lake,2002,Secchi Depth,12.652861808787303,8.63815849193388,11.077450637949678,28,simulated
Cedar Lake (Leelanau),Lake,2003,Secchi Depth,12.130005931921907,8.64616965165933,10.32143827940578,27,simulated
Cedar Lake (Leelanau),Lake,2004,Secchi Depth,11.772219036042424,8.227709909655935,10.28164326132912,25,simulated
Cedar Lake (Leelanau),Lake,2005,Secchi Depth,12.164602515001828,8.523757572365454,10.42283569150301,29,simulated
Cedar Lake (Leelanau),Lake,2006,Secchi Depth,12.53764448487599,9.042643954145413,10.260365639827532,25,simulated
Cedar Lake (Leelanau),Lake,2007,Secchi Depth,11.883716194240682,9.32310184189991,10.696050365727524,32,simulated
Cedar Lake (Leelanau),Lake,2008,Secchi Depth,13.710450024645967,8.945949061496117,11.298566609402924,28,simulated
Cedar Lake (Leelanau),Lake,2009,Secchi Depth,13.213620821734086,9.266363633953892,10.813764564403922,30,simulated
Cedar Lake (Leelanau),Lake,2010,Secchi Depth,12.23778666882922,9.12649445785601,10.609843581426286,30,simulated
Cedar Lake (Leelanau),Lake,2011,Secchi Depth,11.227833249705839,9.409568202355397,10.614189901438866,29,simulated
Cedar Lake (Leelanau),Lake,2012,Secchi Depth,11.455580572245388,8.319654564856876,10.137096023809931,32,simulated
Cedar Lake (Leelanau),Lake,2013,Secchi Depth,13.569468135109899,8.251955292005558,11.11371600326165,29,simulated
Cedar Lake (Leelanau),Lake,2014,Secchi Depth,12.45693221146695,9.594290903770736,10.757466088581396,33,simulated
Cedar Lake (Leelanau),Lake,2015,Secchi Depth,11.93308070046031,9.016759616824494,10.73714223409943,27,simulated
Cedar Lake (Leelanau),Lake,2016,Secchi Depth,13.716619395054485,9.348414379873514,12.085309671788703,32,simulated
Cedar Lake (Leelanau),Lake,2017,Secchi Depth,13.150470068909677,9.263430188701037,10.966154244941242,37,simulated
Cedar Lake (Leelanau),Lake,2018,Secchi Depth,12.528838667498423,8.661587697337708,10.571411231835349,29,simulated
Cedar Lake (Leelanau),Lake,2019,Secchi Depth,12.302920080014825,9.558173367346363,10.719917703678153,30,simulated
Cedar Lake (Leelanau),Lake,2020,Secchi Depth,12.973318174273787,9.324441930157981,11.36449182912534,34,simulated
Cedar Lake (Leelanau),Lake,2021,Secchi Depth,12.514802865059334,9.326590888738401,10.974275859966006,33,simulated
Cedar Lake (Leelanau),Lake,2022,Secchi Depth,11.570892057796648,8.23816977121919,10.37699109888765,34,simulated
Cedar Lake (Leelanau),Lake,2023,Secchi Depth,14.013855791661006,8.890902567853892,11.33660815320442,35,simulated
Cedar Lake (Leelanau),Lake,2024,Secchi Depth,12.26422266278662,7.692426972920899,10.723381543761656,36,simulated
Cedar Lake (Leelanau),Lake,2025,Secchi Depth,14.314706429191617,9.564663292172241,11.760782054462693,37,simulated
Cedar Lake (Leelanau),Lake,2000,Total Phosphorus,8.808302632245672,4.950970054914052,6.534187234866834,22,simulated
Cedar Lake (Leelanau),Lake,2001,Total Phosphorus,9.63870448520225,5.026539760964405,6.877047556874007,17,simulated
Cedar Lake (Leelanau),Lake,2002,Total Phosphorus,10.115879838101247,5.537071384640577,7.344022087347309,21,simulated
Cedar Lake (Leelanau),Lake,2003,Total Phosphorus,9.10712234478791,4.31010632910778,6.487367444513301,20,simulated
Cedar Lake (Leelanau),Lake,2004,Total Phosphorus,8.14268835952044,5.265104316949861,6.118085106940941,24,simulated
Cedar Lake (Leelanau),Lake,2005,Total Phosphorus,8.840668215549616,5.6424655973432705,6.9241551053789205,27,simulated
Cedar Lake (Leelanau),Lake,2006,Total Phosphorus,7.302170567140458,5.224410867514697,6.402131156224201,18,simulated
Cedar Lake (Leelanau),Lake,2007,Total Phosphorus,6.950293867964633,3.6242703197316724,5.557204946184112,24,simulated
Cedar Lake (Leelanau),Lake,2008,Total Phosphorus,8.085106192589327,3.970886917011568,6.725308292613004,23,simulated
Cedar Lake (Leelanau),Lake,2009,Total Phosphorus,8.898540135100362,4.537523245585994,6.149908440848059,26,simulated
Cedar Lake (Leelanau),Lake,2010,Total Phosphorus,7.909549772661553,4.6778560898769035,6.295508461177429,25,simulated
Cedar Lake (Leelanau),Lake,2011,Total Phosphorus,8.235875755278556,4.653748192272211,6.430934301076027,23,simulated
Cedar Lake (Leelanau),Lake,2012,Total Phosphorus,8.347942221974353,4.0297569569520135,6.346115710990541,24,simulated
Cedar Lake (Leelanau),Lake,2013,Total Phosphorus,8.304004743987136,5.243846333811741,6.517024185271411,23,simulated
Cedar Lake (Leelanau),Lake,2014,Total Phosphorus,8.515345574551734,4.292953539625489,6.04655532928232,29,simulated
Cedar Lake (Leelanau),Lake,2015,Total Phosphorus,7.78596118032252,4.148889487050917,6.381394995328194,26,simulated
Cedar Lake (Leelanau),Lake,2016,Total Phosphorus,7.792664463364263,4.171453640619342,6.057432421287802,32,simulated
Cedar Lake (Leelanau),Lake,2017,Total Phosphorus,7.755734560999329,4.57475644374609,6.40771732636653,26,simulated
Cedar Lake (Leelanau),Lake,2018,Total Phosphorus,7.366358476215793,4.1030494297357585,6.33132759687621,25,simulated
Cedar Lake (Leelanau),Lake,2019,Total Phosphorus,6.98335412311865,5.426809986367834,5.7194346959224704,23,simulated
Cedar Lake (Leelanau),Lake,2020,Total Phosphorus,8.174441134619096,4.348184312142095,6.448479019724451,22,simulated
Cedar Lake (Leelanau),Lake,2021,Total Phosphorus,7.186166294087409,4.549920675832456,5.814978161730541,23,simulated
Cedar Lake (Leelanau),Lake,2022,Total Phosphorus,7.633576074983399,5.518726120815328,6.285686285850507,29,simulated
Cedar Lake (Leelanau),Lake,2023,Total Phosphorus,7.0474877629198565,4.191607511602269,6.093961440286982,30,simulated
Cedar Lake (Leelanau),Lake,2024,Total Phosphorus,8.348531308934016,4.0807535937839035,6.605303116769839,24,simulated
Cedar Lake (Leelanau),Lake,2025,Total Phosphorus,6.686042675983009,4.31092100634927,5.821642201168996,32,simulated
Crystal Lake,Lake,2000,Chlorophyll-a,6.8417731482879365,5.363558950446318,6.375726142999159,18,simulated
Crystal Lake,Lake,2001,Chlorophyll-a,8.170565118207072,5.70628128165148,6.730798776844312,17,simulated
Crystal Lake,Lake,2002,Chlorophyll-a,7.107041097881549,5.6473655859267025,6.598522166931318,16,simulated
Crystal Lake,Lake,2003,Chlorophyll-a,7.644823990987914,5.422792584299426,6.363416323933461,17,simulated
Crystal Lake,Lake,2004,Chlorophyll-a,7.534790897275071,5.830861873234506,6.24923566747162,17,simulated
Crystal Lake,Lake,2005,Chlorophyll-a,6.608119459420885,5.219553693100473,5.988726342566567,17,simulated
Crystal Lake,Lake,2006,Chlorophyll-a,7.196524946731009,5.339515009385705,6.341680768450274,18,simulated
Crystal Lake,Lake,2007,Chlorophyll-a,7.1515523508906025,5.440324127075702,6.485217434541811,23,simulated
Crystal Lake,Lake,2008,Chlorophyll-a,7.244781833870398,5.660205306246577,6.333775433234365,21,simulated
Crystal Lake,Lake,2009,Chlorophyll-a,7.47403695580297,5.167535144578232,6.558828881143698,18,simulated
Crystal Lake,Lake,2010,Chlorophyll-a,7.893746724764301,5.880002250818442,6.635034429550887,22,simulated
Crystal Lake,Lake,2011,Chlorophyll-a,8.004756477075006,5.284315646399212,6.59271280983836,19,simulated
Crystal Lake,Lake,2012,Chlorophyll-a,7.943319425003054,5.389903993476881,6.5209645661397815,24,simulated
Crystal Lake,Lake,2013,Chlorophyll-a,7.603084525220048,5.905889919347059,6.741418527682275,22,simulated
Crystal Lake,Lake,2014,Chlorophyll-a,7.819483200912773,5.224192175116156,6.834639395951056,20,simulated
Crystal Lake,Lake,2015,Chlorophyll-a,6.994292731724426,5.858212410507668,6.499671258325047,22,simulated
Crystal Lake,Lake,2016,Chlorophyll-a,7.9543201363564915,5.726570137211741,7.123848577136712,17,simulated
Crystal Lake,Lake,2017,Chlorophyll-a,8.139079792336386,5.434685142755905,6.792479591437007,18,simulated
Crystal Lake,Lake,2018,Chlorophyll-a,8.413025433024682,6.008309791765049,6.849531514682411,18,simulated
Crystal Lake,Lake,2019,Chlorophyll-a,7.727162453872975,5.509469227434843,7.045103616563408,23,simulated
Crystal Lake,Lake,2020,Chlorophyll-a,7.839593891872652,5.969981017887097,6.959747232336892,28,simulated
Crystal Lake,Lake,2021,Chlorophyll-a,8.25745590157193,5.967707962727614,7.164645931567842,29,simulated
Crystal Lake,Lake,2022,Chlorophyll-a,8.204109655230557,5.866495194035731,7.032085016669813,25,simulated
Crystal Lake,Lake,2023,Chlorophyll-a,7.637197716565986,5.831508639038578,6.840890372936551,25,simulated
Crystal Lake,Lake,2024,Chlorophyll-a,8.342436523046615,5.751131077991199,7.110200597048832,18,simulated
Crystal Lake,Lake,2025,Chlorophyll-a,7.659943518493618,5.479250632278329,6.76738753359635,22,simulated
Crystal Lake,Lake,2000,Chloride,8.80002805498638,3.9968244862527413,5.922771291812877,23,simulated
Crystal Lake,Lake,2001,Chloride,8.866756759308098,3.54102727881919,6.213356944158645,21,simulated
Crystal Lake,Lake,2002,Chloride,6.371209195710291,4.14079807881153,6.1101085138367,24,simulated
Crystal Lake,Lake,2003,Chloride,7.692021045965495,3.199985662172286,5.364676392291142,22,simulated
Crystal Lake,Lake,2004,Chloride,9.515716987146705,4.406063185732744,6.877127357864773,23,simulated
Crystal Lake,Lake,2005,Chloride,8.10054602956839,3.066700839614326,5.954252041019603,25,simulated
Crystal Lake,Lake,2006,Chloride,8.879578865869615,4.325228573464386,6.725692996034457,23,simulated
Crystal Lake,Lake,2007,Chloride,11.579649893467705,6.475716564793243,7.799080889714913,25,simulated
Crystal Lake,Lake,2008,Chloride,9.093185911845254,3.1039913634523275,6.20465830493953,20,simulated
Crystal Lake,Lake,2009,Chloride,6.848407660620568,3.9426098592970646,5.356811455181116,27,simulated
Crystal Lake,Lake,2010,Chloride,9.394041409900083,4.731848315225104,6.677759677541299,27,simulated
Crystal Lake,Lake,2011,Chloride,9.466621896022966,5.289661358938981,7.532133659458762,24,simulated
Crystal Lake,Lake,2012,Chloride,9.816058378161458,3.951079314756134,8.095947049274695,29,simulated
Crystal Lake,Lake,2013,Chloride,8.171608082549215,5.491044656084578,6.313323067608822,30,simulated
Crystal Lake,Lake,2014,Chloride,10.755778779694442,2.1882009322839977,7.385772141588256,23,simulated
Crystal Lake,Lake,2015,Chloride,10.091193025215667,3.597323828077675,6.882780618914495,26,simulated
Crystal Lake,Lake,2016,Chloride,10.156296460919169,4.391244660142533,7.160912114466361,26,simulated
Crystal Lake,Lake,2017,Chloride,12.810510273970195,5.719067584235264,8.88783976394519,26,simulated
Crystal Lake,Lake,2018,Chloride,9.137457102973974,3.906146487470668,6.441030341718884,31,simulated
Crystal Lake,Lake,2019,Chloride,9.799856718691643,4.403093884861132,7.580699519796105,29,simulated
Crystal Lake,Lake,2020,Chloride,10.969817536270865,4.415528384804449,7.782937649738528,29,simulated
Crystal Lake,Lake,2021,Chloride,11.946314633799936,4.75596446049373,8.241435934658757,24,simulated
Crystal Lake,Lake,2022,Chloride,11.111850691039967,4.828962795998406,7.69237725277755,32,simulated
Crystal Lake,Lake,2023,Chloride,11.780447726190035,5.203716547053218,7.896840706792897,27,simulated
Crystal Lake,Lake,2024,Chloride,10.823276997784003,4.91682986568423,7.51863734122308,31,simulated
Crystal Lake,Lake,2025,Chloride,11.229318922365108,5.280664755322954,8.016827732738152,32,simulated
Crystal Lake,Lake,2000,Nitrate,12.348295601753076,8.58973439199103,10.605145609720404,9,simulated
Crystal Lake,Lake,2001,Nitrate,11.881649910327365,7.563003056401918,9.7780776929273,15,simulated
Crystal Lake,Lake,2002,Nitrate,14.004511641635396,9.72042722015714,11.229036016513035,9,simulated
Crystal Lake,Lake,2003,Nitrate,14.016479285938958,10.19922077873155,11.939178773689637,17,simulated
Crystal Lake,Lake,2004,Nitrate,13.472320097957116,9.72189388887219,11.643557412566963,10,simulated
Crystal Lake,Lake,2005,Nitrate,13.157724219240603,9.929753347671552,11.135368928790086,15,simulated
Crystal Lake,Lake,2006,Nitrate,13.090648522244319,9.303665474661802,10.780069381270597,12,simulated
Crystal Lake,Lake,2007,Nitrate,12.50454160474904,9.572929820324745,11.337553019827004,15,simulated
Crystal Lake,Lake,2008,Nitrate,11.0866075313322,8.08834502314108,10.4937134853299,12,simulated
Crystal Lake,Lake,2009,Nitrate,12.802029381813835,8.93910956681858,11.11677461211486,14,simulated
Crystal Lake,Lake,2010,Nitrate,12.371873268519636,8.963273852810762,11.09498311633663,15,simulated
Crystal Lake,Lake,2011,Nitrate,13.050152995601607,8.73165097801655,11.309553267863212,12,simulated
Crystal Lake,Lake,2012,Nitrate,14.124374259860664,9.94027674087015,12.035737723740665,17,simulated
Crystal Lake,Lake,2013,Nitrate,12.656710945139633,8.720925558498191,10.940236565938578,14,simulated
Crystal Lake,Lake,2014,Nitrate,13.243009736135228,8.656003629984182,10.504394769306804,15,simulated
Crystal Lake,Lake,2015,Nitrate,12.8166691180097,8.591105839868655,10.686021150035607,13,simulated
Crystal Lake,Lake,2016,Nitrate,11.836719587910311,8.400230783108647,9.880768528823888,9,simulated
Crystal Lake,Lake,2017,Nitrate,12.548338028524622,9.820680885093005,10.323754067461872,16,simulated
Crystal Lake,Lake,2018,Nitrate,11.66217491699171,8.601498907221963,10.416863628439687,24,simulated
Crystal Lake,Lake,2019,Nitrate,12.795247201190254,7.6563940582521,10.333803601380437,20,simulated
Crystal Lake,Lake,2020,Nitrate,12.477529897026972,8.138033215117376,10.596993968373658,17,simulated
Crystal Lake,Lake,2021,Nitrate,12.350433285334693,7.764670556942805,10.138997960634905,17,simulated
Crystal Lake,Lake,2022,Nitrate,12.300394383697615,8.225191744467201,10.951242852170626,18,simulated
Crystal Lake,Lake,2023,Nitrate,11.442843212273633,8.48694939562255,10.431564306281738,20,simulated
Crystal Lake,Lake,2024,Nitrate,12.745368097726796,8.395421029029855,10.394691048263292,15,simulated
Crystal Lake,Lake,2025,Nitrate,12.291345591095059,8.712286639872634,10.224962458498348,22,simulated
Crystal Lake,Lake,2000,Secchi Depth,13.546096562505166,9.20682608024526,11.277784511784622,19,simulated
Crystal Lake,Lake,2001,Secchi Depth,13.514330656883569,8.913045608249616,11.140349855897806,20,simulated
Crystal Lake,Lake,2002,Secchi Depth,14.398939333251876,8.697677556873003,10.92420879118026,16,simulated
Crystal Lake,Lake,2003,Secchi Depth,12.168144288984914,7.782840744748085,11.310820710029184,22,simulated
Crystal Lake,Lake,2004,Secchi Depth,14.996515713199404,8.316993182042243,11.284657497985975,23,simulated
Crystal Lake,Lake,2005,Secchi Depth,12.159685291937015,9.152544898129184,10.769849267454056,20,simulated
Crystal Lake,Lake,2006,Secchi Depth,12.874557111227716,8.084005600258173,10.664213160996352,20,simulated
Crystal Lake,Lake,2007,Secchi Depth,13.237436111086096,8.199957604960108,11.065515283553612,22,simulated
Crystal Lake,Lake,2008,Secchi Depth,15.062361223701174,8.306489739101519,11.906363917713254,21,simulated
Crystal Lake,Lake,2009,Secchi Depth,11.553807039534389,6.906639819610341,10.341037354350508,22,simulated
Crystal Lake,Lake,2010,Secchi Depth,12.852698491473062,8.626085726881472,10.228752982551075,29,simulated
Crystal Lake,Lake,2011,Secchi Depth,15.225740535852374,9.272374409390276,11.178084530760025,22,simulated
Crystal Lake,Lake,2012,Secchi Depth,12.614629363302878,9.570496481885979,11.1322880175172,22,simulated
Crystal Lake,Lake,2013,Secchi Depth,13.893657356216348,8.871021747403482,11.221654864799795,21,simulated
Crystal Lake,Lake,2014,Secchi Depth,13.3184189085427,8.384345307546498,11.28155352317429,26,simulated
Crystal Lake,Lake,2015,Secchi Depth,13.83564381799187,7.810824794535582,11.032557645479638,23,simulated
Crystal Lake,Lake,2016,Secchi Depth,14.765443057639716,9.38764862085134,12.037859578218187,22,simulated
Crystal Lake,Lake,2017,Secchi Depth,12.145752868355213,8.183202737178487,10.276172629465488,29,simulated
Crystal Lake,Lake,2018,Secchi Depth,13.513939807098494,8.210346945549412,10.740151799966492,29,simulated
Crystal Lake,Lake,2019,Secchi Depth,15.059998413087127,9.290991440469897,11.178408916258196,23,simulated
Crystal Lake,Lake,2020,Secchi Depth,12.493661695002983,6.5280695333230225,10.305011029228034,20,simulated
Crystal Lake,Lake,2021,Secchi Depth,14.236113752629311,9.871545726774904,11.174906569337368,29,simulated
Crystal Lake,Lake,2022,Secchi Depth,13.953843735832187,9.347160417124167,12.2630043976012,24,simulated
Crystal Lake,Lake,2023,Secchi Depth,13.148036710764531,7.226721827395892,11.328195379967486,29,simulated
Crystal Lake,Lake,2024,Secchi Depth,14.420592401532883,8.88084197462198,11.47023934346124,21,simulated
Crystal Lake,Lake,2025,Secchi Depth,14.075579680436713,8.362489867704985,10.618299550912848,30,simulated
Crystal Lake,Lake,2000,Total Phosphorus,7.376742625192251,4.9847895988683,6.295784887753894,21,simulated
Crystal Lake,Lake,2001,Total Phosphorus,7.0136196145828675,4.53675083905511,6.08599034631115,21,simulated
Crystal Lake,Lake,2002,Total Phosphorus,7.35319832371799,5.080356906930624,5.8130179869145495,23,simulated
Crystal Lake,Lake,2003,Total Phosphorus,7.6060051391870545,4.604170264907912,5.930199449511839,19,simulated
Crystal Lake,Lake,2004,Total Phosphorus,7.671889976452053,4.626058621679104,6.185789068034237,19,simulated
Crystal Lake,Lake,2005,Total Phosphorus,7.159331097043376,5.492985956639571,6.013906145924656,18,simulated
Crystal Lake,Lake,2006,Total Phosphorus,6.971070301929804,4.86756829619179,6.111335854403085,23,simulated
Crystal Lake,Lake,2007,Total Phosphorus,7.335999458923469,5.42343780138628,6.438232897971055,24,simulated
Crystal Lake,Lake,2008,Total Phosphorus,6.710235846525468,4.522940175934943,5.523645510913696,23,simulated
Crystal Lake,Lake,2009,Total Phosphorus,7.614076032581522,5.00619323060955,6.297727768948679,27,simulated
Crystal Lake,Lake,2010,Total Phosphorus,7.4512879792807425,4.961066410945647,5.895955894630631,22,simulated
Crystal Lake,Lake,2011,Total Phosphorus,6.871937464728811,4.791082034014229,5.623756878970939,25,simulated
Crystal Lake,Lake,2012,Total Phosphorus,6.055226648056308,4.464004505775248,5.494917776883113,20,simulated
Crystal Lake,Lake,2013,Total Phosphorus,7.160123521661617,5.034198159413641,5.7542628442462025,22,simulated
Crystal Lake,Lake,2014,Total Phosphorus,6.785167419814027,5.252223833540101,6.004016981503544,26,simulated
Crystal Lake,Lake,2015,Total Phosphorus,6.664600285028939,4.444379161014814,5.724041342821746,27,simulated
Crystal Lake,Lake,2016,Total Phosphorus,7.3181399413926576,5.357794991130969,6.100235439141717,23,simulated
Crystal Lake,Lake,2017,Total Phosphorus,6.949019349055115,4.164226108849673,5.358202801452454,24,simulated
Crystal Lake,Lake,2018,Total Phosphorus,7.72508925816304,4.4823407223745155,5.684510545784392,20,simulated
Crystal Lake,Lake,2019,Total Phosphorus,6.541284760705757,4.883469738154573,5.363855837037081,24,simulated
Crystal Lake,Lake,2020,Total Phosphorus,6.735384019672819,4.882007156124035,5.729788835794497,28,simulated
Crystal Lake,Lake,2021,Total Phosphorus,7.088782553558229,4.360990015716295,5.83204541639936,28,simulated
Crystal Lake,Lake,2022,Total Phosphorus,6.791319984321647,4.77778587248064,5.498317942917383,28,simulated
Crystal Lake,Lake,2023,Total Phosphorus,5.79230584297827,4.16706819056564,4.959827930685062,27,simulated
Crystal Lake,Lake,2024,Total Phosphorus,7.201574896963031,4.416794775794802,5.601175181563988,27,simulated
Crystal Lake,Lake,2025,Total Phosphorus,6.753634706463477,4.342545631683857,5.634944399600247,25,simulated
Duck Lake,Lake,2000,Chlorophyll-a,8.274253683723117,6.0493261137922785,6.888833742246272,13,simulated
Duck Lake,Lake,2001,Chlorophyll-a,8.634540569834302,5.789702912729264,6.943315971367701,13,simulated
Duck Lake,Lake,2002,Chlorophyll-a,7.504917491099352,4.324331946741415,6.576452253873827,9,simulated
Duck Lake,Lake,2003,Chlorophyll-a,7.048745354791445,4.548108781309292,5.969783569830181,10,simulated
Duck Lake,Lake,2004,Chlorophyll-a,8.52943725720086,5.7458950071071495,7.261666156788577,6,simulated
Duck Lake,Lake,2005,Chlorophyll-a,8.443535998377087,4.925718582149417,6.672812188730583,13,simulated
Duck Lake,Lake,2006,Chlorophyll-a,8.217971444765606,4.665890809441623,6.548044683163052,13,simulated
Duck Lake,Lake,2007,Chlorophyll-a,8.59526485965025,4.790421514939104,7.188262392168602,11,simulated
Duck Lake,Lake,2008,Chlorophyll-a,8.571577898488126,4.354100135196077,6.786240111506821,15,simulated
Duck Lake,Lake,2009,Chlorophyll-a,8.934327595879838,5.7435904248434095,7.390726606836396,11,simulated
Duck Lake,Lake,2010,Chlorophyll-a,8.904830147319776,6.153186824268429,7.242824527374424,14,simulated
Duck Lake,Lake,2011,Chlorophyll-a,10.03659091888951,5.700897759213276,7.297997002713503,10,simulated
Duck Lake,Lake,2012,Chlorophyll-a,8.778834857847691,4.750343699656739,6.501417456509389,13,simulated
Duck Lake,Lake,2013,Chlorophyll-a,8.72282343914322,6.224840997615147,7.569087275547011,13,simulated
Duck Lake,Lake,2014,Chlorophyll-a,9.463602423498326,5.9284363153064685,7.213018171601576,14,simulated
Duck Lake,Lake,2015,Chlorophyll-a,9.154155768436997,5.0595839338953,6.984478279358314,13,simulated
Duck Lake,Lake,2016,Chlorophyll-a,8.404311389603173,5.443790846806983,7.221635117269415,14,simulated
Duck Lake,Lake,2017,Chlorophyll-a,8.472617488860319,4.831528932636264,6.461747772412342,17,simulated
Duck Lake,Lake,2018,Chlorophyll-a,10.085172459198176,5.962163741555282,7.387886587171553,14,simulated
Duck Lake,Lake,2019,Chlorophyll-a,7.952105375547818,5.235287432929407,6.8217656809240665,10,simulated
Duck Lake,Lake,2020,Chlorophyll-a,7.929960503227366,5.501932148763934,6.714252890720939,21,simulated
Duck Lake,Lake,2021,Chlorophyll-a,8.844922844856361,4.558527474345967,6.669865846489254,20,simulated
Duck Lake,Lake,2022,Chlorophyll-a,9.90686365063675,5.245845147187838,7.79958831336109,12,simulated
Duck Lake,Lake,2023,Chlorophyll-a,9.164529397542953,6.306762648078954,7.097892658640124,18,simulated
Duck Lake,Lake,2024,Chlorophyll-a,10.252266757233983,6.590456554740446,8.038747265193317,15,simulated
Duck Lake,Lake,2025,Chlorophyll-a,9.201182007240625,6.203124193842944,7.193415484586863,18,simulated
Duck Lake,Lake,2000,Chloride,7.3992736882478365,6.1051938504069305,6.554280976971072,21,simulated
Duck Lake,Lake,2001,Chloride,7.4317091466941445,5.7018173175575,6.536162553051542,22,simulated
Duck Lake,Lake,2002,Chloride,7.634066645503518,5.688821423171676,6.632739103062515,26,simulated
Duck Lake,Lake,2003,Chloride,7.375378397647766,5.945853958638606,6.67237672342509,17,simulated
Duck Lake,Lake,2004,Chloride,7.415868802294123,5.632187157095118,6.769389036457641,22,simulated
Duck Lake,Lake,2005,Chloride,7.547197726544401,6.505531187583622,6.995251864998771,18,simulated
Duck Lake,Lake,2006,Chloride,7.5699596218059835,5.974413384350508,6.957562962722326,23,simulated
Duck Lake,Lake,2007,Chloride,8.922758713445859,6.610979304710186,7.310800013337276,19,simulated
Duck Lake,Lake,2008,Chloride,8.770561342897835,6.216457427503505,7.556455267170552,21,simulated
Duck Lake,Lake,2009,Chloride,7.745815384548972,5.888334405499027,7.241990249302203,21,simulated
Duck Lake,Lake,2010,Chloride,8.022334518361534,6.818466853098762,7.493486832927005,25,simulated
Duck Lake,Lake,2011,Chloride,8.659987271884162,6.891179082947636,7.6373503735014685,26,simulated
Duck Lake,Lake,2012,Chloride,8.776953315987484,6.58810620688033,7.7248674002045155,19,simulated
Duck Lake,Lake,2013,Chloride,8.791546505844229,6.93727842127518,7.7373243652883135,24,simulated
Duck Lake,Lake,2014,Chloride,8.832241058493663,7.051240026756875,7.971051062518325,22,simulated
Duck Lake,Lake,2015,Chloride,8.915355355563479,7.068607159423862,8.013192265709959,20,simulated
Duck Lake,Lake,2016,Chloride,8.737557855978492,7.35851716484972,7.742663702979056,24,simulated
Duck Lake,Lake,2017,Chloride,9.28900675581755,7.327501725394775,8.293739442798868,24,simulated
Duck Lake,Lake,2018,Chloride,8.727272373669013,7.619633126872287,8.398888836282449,32,simulated
Duck Lake,Lake,2019,Chloride,9.020884682438957,7.323932853428364,8.134819097523694,26,simulated
Duck Lake,Lake,2020,Chloride,9.147065900996163,7.003476634347583,8.414139761775433,21,simulated
Duck Lake,Lake,2021,Chloride,9.730422252617995,8.032129715638357,8.663611262924597,24,simulated
Duck Lake,Lake,2022,Chloride,10.462820590826746,7.317468324463144,8.563733135781929,29,simulated
Duck Lake,Lake,2023,Chloride,10.131780643401767,8.005843961013664,8.967090425041494,33,simulated
Duck Lake,Lake,2024,Chloride,10.375284068838852,8.375685157118152,9.381043751896248,22,simulated
Duck Lake,Lake,2025,Chloride,10.048960185984354,7.477864858351799,8.74324755642708,21,simulated
Duck Lake,Lake,2000,Nitrate,13.386725741466899,8.826461093340392,11.644241483875648,20,simulated
Duck Lake,Lake,2001,Nitrate,12.528772465376722,9.137597732742545,11.090618682896862,21,simulated
Duck Lake,Lake,2002,Nitrate,12.263990956482328,9.580906982570706,11.64012864257084,25,simulated
Duck Lake,Lake,2003,Nitrate,12.371744152697495,8.695041224993759,10.30081812135503,24,simulated
Duck Lake,Lake,2004,Nitrate,13.844949089824919,8.898005659585126,11.357630915188723,21,simulated
Duck Lake,Lake,2005,Nitrate,13.62951052465806,9.046939778842916,11.459382912588474,24,simulated
Duck Lake,Lake,2006,Nitrate,12.889611234417659,10.169822996208397,11.671718759558516,18,simulated
Duck Lake,Lake,2007,Nitrate,12.463928535150083,9.810718273059498,10.849169272817736,23,simulated
Duck Lake,Lake,2008,Nitrate,13.047719004965101,9.590389230704046,11.266459465689548,27,simulated
Duck Lake,Lake,2009,Nitrate,12.848283984444695,9.522068017815368,10.825352608924309,22,simulated
Duck Lake,Lake,2010,Nitrate,13.416959179902538,9.521328595461911,11.273098865725805,20,simulated
Duck Lake,Lake,2011,Nitrate,12.109228246129867,8.436732240079925,10.777917943936622,21,simulated
Duck Lake,Lake,2012,Nitrate,12.720551967229088,9.448349124955804,10.94420346843494,20,simulated
Duck Lake,Lake,2013,Nitrate,12.601953181030861,9.008464036201124,10.67831366900622,21,simulated
Duck Lake,Lake,2014,Nitrate,13.88130143673548,9.48522133135983,11.307683476160989,23,simulated
Duck Lake,Lake,2015,Nitrate,13.538992784064659,9.101769964884397,11.359229010525803,20,simulated
Duck Lake,Lake,2016,Nitrate,13.027193557648861,10.330673083586952,10.89310576561992,24,simulated
Duck Lake,Lake,2017,Nitrate,12.753047893146809,9.54967322455052,10.971340133990214,27,simulated
Duck Lake,Lake,2018,Nitrate,12.68689308993941,8.60891608701629,10.352901674043796,22,simulated
Duck Lake,Lake,2019,Nitrate,12.694851877598774,8.455661533632018,10.777654894954608,30,simulated
Duck Lake,Lake,2020,Nitrate,12.120430256791343,9.381501459093352,10.846113984831536,27,simulated
Duck Lake,Lake,2021,Nitrate,14.534918516881602,11.042829357944417,11.86421000450697,29,simulated
Duck Lake,Lake,2022,Nitrate,12.357867582037755,8.422659395990394,10.37099430866034,24,simulated
Duck Lake,Lake,2023,Nitrate,12.906303893857137,9.892652962730189,11.347621463759204,29,simulated
Duck Lake,Lake,2024,Nitrate,12.644638860030138,10.00018365523483,11.134515322699018,23,simulated
Duck Lake,Lake,2025,Nitrate,12.693457963459807,9.4321666060119,10.825910535896538,30,simulated
Duck Lake,Lake,2000,Secchi Depth,13.137127657070545,9.029213136342435,10.789806785590129,24,simulated
Duck Lake,Lake,2001,Secchi Depth,11.932491176943456,8.454735811867558,10.186645836622017,22,simulated
Duck Lake,Lake,2002,Secchi Depth,11.200263690527045,9.480217732864716,10.3088370426548,21,simulated
Duck Lake,Lake,2003,Secchi Depth,12.67021447284279,8.883228544610418,10.87129509301492,22,simulated
Duck Lake,Lake,2004,Secchi Depth,10.900838902161672,8.508529627748313,10.331155702979258,21,simulated
Duck Lake,Lake,2005,Secchi Depth,12.78981847324573,9.740886016631398,10.866424938656772,23,simulated
Duck Lake,Lake,2006,Secchi Depth,12.147674592799278,8.80839548902631,10.22001766926156,14,simulated
Duck Lake,Lake,2007,Secchi Depth,12.405578120492784,9.423619565295045,11.051232419659195,21,simulated
Duck Lake,Lake,2008,Secchi Depth,11.904333082948643,8.836040821432082,10.310707574279384,23,simulated
Duck Lake,Lake,2009,Secchi Depth,13.58470888675987,9.185728658536137,10.987233959970352,19,simulated
Duck Lake,Lake,2010,Secchi Depth,12.431693538573509,8.685291346971496,11.036425274747716,24,simulated
Duck Lake,Lake,2011,Secchi Depth,11.645917638964406,8.4842051505428,10.570941550500583,22,simulated
Duck Lake,Lake,2012,Secchi Depth,13.447039743365961,10.065053795272547,11.064946825817264,28,simulated
Duck Lake,Lake,2013,Secchi Depth,13.565311357846966,9.028479460822503,10.968201846513953,28,simulated
Duck Lake,Lake,2014,Secchi Depth,12.289270502923571,8.464591276654719,10.693746839445874,22,simulated
Duck Lake,Lake,2015,Secchi Depth,12.588320255120204,8.787446832033204,10.540688817589478,24,simulated
Duck Lake,Lake,2016,Secchi Depth,12.339806843215428,8.18749835451273,10.20649684055106,24,simulated
Duck Lake,Lake,2017,Secchi Depth,12.375115369810924,8.439728247487968,11.090411190055235,23,simulated
Duck Lake,Lake,2018,Secchi Depth,11.72048799230383,8.371271673070932,10.396606381969802,25,simulated
Duck Lake,Lake,2019,Secchi Depth,13.292855728279774,9.271525876191161,11.03993763477336,23,simulated
Duck Lake,Lake,2020,Secchi Depth,13.379320904860169,8.788275139082035,10.9274714950242,22,simulated
Duck Lake,Lake,2021,Secchi Depth,13.273568171618333,9.546335037820437,11.304319282773536,28,simulated
Duck Lake,Lake,2022,Secchi Depth,12.159096760443786,9.312394353566352,10.95711217207992,28,simulated
Duck Lake,Lake,2023,Secchi Depth,13.578168900535086,9.506473317854969,10.968893010307143,24,simulated
Duck Lake,Lake,2024,Secchi Depth,12.820427897153891,8.898590905679995,11.392936939320617,29,simulated
Duck Lake,Lake,2025,Secchi Depth,12.775539370068103,9.998669491825614,11.265391071230605,25,simulated
Duck Lake,Lake,2000,Total Phosphorus,8.558182490145557,5.582839573295148,6.857818674789025,10,simulated
Duck Lake,Lake,2001,Total Phosphorus,8.171599108877816,5.2602419433468866,6.539246534523838,7,simulated
Duck Lake,Lake,2002,Total Phosphorus,7.2980563447384075,5.594992215302845,6.670106535127819,8,simulated
Duck Lake,Lake,2003,Total Phosphorus,7.608541782115313,4.91955931960408,6.316389849007447,8,simulated
Duck Lake,Lake,2004,Total Phosphorus,8.17991160631133,5.3276094572311745,6.391286148475451,9,simulated
Duck Lake,Lake,2005,Total Phosphorus,7.755783991042268,4.694034474877406,6.357332535242297,9,simulated
Duck Lake,Lake,2006,Total Phosphorus,6.9444242445343685,5.5127892892594605,6.150204710796684,10,simulated
Duck Lake,Lake,2007,Total Phosphorus,7.691073619655748,5.049679148491556,6.305504227571958,14,simulated
Duck Lake,Lake,2008,Total Phosphorus,7.799306755645233,4.412226185186187,5.831773511115252,9,simulated
Duck Lake,Lake,2009,Total Phosphorus,8.028261853229832,4.696433531792139,6.143640009184346,13,simulated
Duck Lake,Lake,2010,Total Phosphorus,7.5339842516369,3.6856433243295728,6.179972452465844,16,simulated
Duck Lake,Lake,2011,Total Phosphorus,7.926795672366158,4.639908848669442,6.159257515520089,11,simulated
Duck Lake,Lake,2012,Total Phosphorus,7.353030950566406,5.177210046474607,6.134157334903931,11,simulated
Duck Lake,Lake,2013,Total Phosphorus,6.833602580253712,4.825117416485683,6.1612115192712364,13,simulated
Duck Lake,Lake,2014,Total Phosphorus,7.317928891721756,5.644178897255496,6.301315649384256,17,simulated
Duck Lake,Lake,2015,Total Phosphorus,8.491113660860485,5.001276647787233,6.394278462106715,15,simulated
Duck Lake,Lake,2016,Total Phosphorus,7.096345683235038,4.903334995596406,5.889578160994689,13,simulated
Duck Lake,Lake,2017,Total Phosphorus,6.867451172125655,4.070815488400549,5.689927297179048,16,simulated
Duck Lake,Lake,2018,Total Phosphorus,6.872557949911408,4.647074231341148,5.712052606070248,12,simulated
Duck Lake,Lake,2019,Total Phosphorus,7.908053412679537,4.593223856060406,5.854440517063798,17,simulated
Duck Lake,Lake,2020,Total Phosphorus,7.816249508433705,4.8072636713149315,5.867404252790108,17,simulated
Duck Lake,Lake,2021,Total Phosphorus,7.836311614917566,3.7717251069570894,5.7122140642841615,15,simulated
Duck Lake,Lake,2022,Total Phosphorus,6.700525730266145,4.411027120956567,5.525762818552287,14,simulated
Duck Lake,Lake,2023,Total Phosphorus,7.149362834345484,3.7615521414533735,5.751473770695011,14,simulated
Duck Lake,Lake,2024,Total Phosphorus,6.633949275241195,4.271469306981607,5.914336763416215,18,simulated
Duck Lake,Lake,2025,Total Phosphorus,7.9447013925865875,4.473373195929147,6.008849183218335,21,simulated
Green Lake,Lake,2000,Chlorophyll-a,7.668038470715655,4.497102043964771,6.423168357288816,11,simulated
Green Lake,Lake,2001,Chlorophyll-a,6.893206672911331,4.695113330688907,5.729755685781681,10,simulated
Green Lake,Lake,2002,Chlorophyll-a,7.507730140257397,4.8625738817658375,6.191591890783344,10,simulated
Green Lake,Lake,2003,Chlorophyll-a,7.601757088689981,5.139770526537521,6.384146267506016,13,simulated
Green Lake,Lake,2004,Chlorophyll-a,7.459112469890614,5.099941830453158,6.162804412344107,6,simulated
Green Lake,Lake,2005,Chlorophyll-a,7.989165090086072,5.173809152037899,6.1875272159541375,14,simulated
Green Lake,Lake,2006,Chlorophyll-a,7.911830545532096,4.931210862699718,6.299044987394601,12,simulated
Green Lake,Lake,2007,Chlorophyll-a,8.263612478039606,5.903147486793998,6.615430636179513,9,simulated
Green Lake,Lake,2008,Chlorophyll-a,7.618557850467052,4.9324874445366405,6.508204089763559,13,simulated
Green Lake,Lake,2009,Chlorophyll-a,6.790747532191564,4.905551973612809,5.931319545825759,7,simulated
Green Lake,Lake,2010,Chlorophyll-a,7.522813171024477,5.21442589020851,5.997861900774895,8,simulated
Green Lake,Lake,2011,Chlorophyll-a,8.103972698516618,5.376902806817247,6.485509654691557,9,simulated
Green Lake,Lake,2012,Chlorophyll-a,8.791561606226605,4.980064625921791,6.842102129815575,10,simulated
Green Lake,Lake,2013,Chlorophyll-a,6.857698896580284,4.9234979440195445,5.902609080374205,8,simulated
Green Lake,Lake,2014,Chlorophyll-a,7.8400163285991,5.172361905709951,6.621601546842176,15,simulated
Green Lake,Lake,2015,Chlorophyll-a,7.316044647825035,5.622697515029938,6.648418111355165,11,simulated
Green Lake,Lake,2016,Chlorophyll-a,8.544080533591716,5.510919794182329,7.275599459254347,13,simulated
Green Lake,Lake,2017,Chlorophyll-a,8.498704307594467,5.15148418059617,6.762737831187498,11,simulated
Green Lake,Lake,2018,Chlorophyll-a,8.234722286661386,4.8761942348370315,7.038471979848714,7,simulated
Green Lake,Lake,2019,Chlorophyll-a,8.64873024001027,5.689313662299644,6.99970375503076,14,simulated
Green Lake,Lake,2020,Chlorophyll-a,7.496570146562509,4.8199165502303485,6.319175928766101,8,simulated
Green Lake,Lake,2021,Chlorophyll-a,8.849847138765545,5.7933786783095815,7.272893054777558,14,simulated
Green Lake,Lake,2022,Chlorophyll-a,8.059362948770024,5.176775585168032,7.134866214879797,10,simulated
Green Lake,Lake,2023,Chlorophyll-a,8.739199591191745,6.140216114987426,7.266520690593776,20,simulated
Green Lake,Lake,2024,Chlorophyll-a,8.577928492014248,6.374618802267172,8.40736845970607,17,simulated
Green Lake,Lake,2025,Chlorophyll-a,7.715908287122359,5.292885542236213,6.502893166507907,15,simulated
Green Lake,Lake,2000,Chloride,8.58110722176644,3.2285376084141073,6.482297561122871,10,simulated
Green Lake,Lake,2001,Chloride,7.848567205786599,4.544261801396981,7.258868946981572,12,simulated
Green Lake,Lake,2002,Chloride,8.995310478364058,5.780840351493575,7.155144187952207,8,simulated
Green Lake,Lake,2003,Chloride,9.90500496833147,4.595068621949512,7.261390631331877,11,simulated
Green Lake,Lake,2004,Chloride,9.644799958891472,6.515934421417279,7.866708640116962,14,simulated
Green Lake,Lake,2005,Chloride,10.157172651506485,4.407475374227947,7.659228894211114,12,simulated
Green Lake,Lake,2006,Chloride,10.223521775465773,5.435061525907068,7.49840347258688,13,simulated
Green Lake,Lake,2007,Chloride,8.392888764010758,4.488292445865298,6.518586572459325,12,simulated
Green Lake,Lake,2008,Chloride,9.312827079327306,3.8458783608558176,6.966232666642014,9,simulated
Green Lake,Lake,2009,Chloride,9.210922779381434,6.025674686342059,7.501313570636394,15,simulated
Green Lake,Lake,2010,Chloride,10.012804725687419,6.265531850552567,7.6985985104924115,20,simulated
Green Lake,Lake,2011,Chloride,9.770576052052501,5.211726894599289,7.084592811964771,15,simulated
Green Lake,Lake,2012,Chloride,12.261615010427981,5.322232428955638,9.18090860297798,16,simulated
Green Lake,Lake,2013,Chloride,11.069969147775282,7.230117555365718,8.75736237407788,17,simulated
Green Lake,Lake,2014,Chloride,11.156455521318758,7.912625419484889,8.3131784092485,12,simulated
Green Lake,Lake,2015,Chloride,11.231969599811325,5.8450150370875225,8.085401685178018,21,simulated
Green Lake,Lake,2016,Chloride,8.985321150827483,5.010954038896975,7.998438197819668,17,simulated
Green Lake,Lake,2017,Chloride,10.932613833611509,4.3072647065831715,7.635055751174341,21,simulated
Green Lake,Lake,2018,Chloride,10.740256840283795,6.03711249112612,8.337820963700853,15,simulated
Green Lake,Lake,2019,Chloride,11.616817614760265,6.136120796169987,8.533176943608588,23,simulated
Green Lake,Lake,2020,Chloride,11.04048378860905,4.372922070233651,7.690678348374957,20,simulated
Green Lake,Lake,2021,Chloride,10.406608189789887,7.52344179959128,8.755403449925929,19,simulated
Green Lake,Lake,2022,Chloride,10.687922737402186,6.118573375480464,8.534912120600069,19,simulated
Green Lake,Lake,2023,Chloride,9.698223067276988,4.9606427852827775,7.502163124718333,18,simulated
Green Lake,Lake,2024,Chloride,10.277580421156594,5.25262156654267,8.254322863931513,22,simulated
Green Lake,Lake,2025,Chloride,12.834269592493033,6.286984964156737,8.629472185309561,19,simulated
Green Lake,Lake,2000,Nitrate,10.561436200652796,8.5804228861507,9.133729811143423,18,simulated
Green Lake,Lake,2001,Nitrate,11.049301928700086,8.541242414117153,9.384800412996892,18,simulated
Green Lake,Lake,2002,Nitrate,10.41476875394546,8.305013473482067,9.505074163901464,17,simulated
Green Lake,Lake,2003,Nitrate,10.845638197357761,8.193248447241945,9.369293768816686,15,simulated
Green Lake,Lake,2004,Nitrate,10.952201180854962,8.864505234034729,9.718908323945096,20,simulated
Green Lake,Lake,2005,Nitrate,10.2733902970459,7.408639648009396,8.758036549720252,21,simulated
Green Lake,Lake,2006,Nitrate,9.814303411110547,7.960600029332986,9.347636060393931,21,simulated
Green Lake,Lake,2007,Nitrate,9.917775165666935,7.610312483941695,8.746814739321124,20,simulated
Green Lake,Lake,2008,Nitrate,10.544615679694997,8.463086918154165,9.47385789817868,19,simulated
Green Lake,Lake,2009,Nitrate,10.631848038385229,7.529769690368456,9.19815934222738,24,simulated
Green Lake,Lake,2010,Nitrate,10.788309327050344,7.396182747987018,9.320911138533416,19,simulated
Green Lake,Lake,2011,Nitrate,9.892656150099006,7.870347859258193,8.92287987245643,25,simulated
Green Lake,Lake,2012,Nitrate,10.547934165935224,8.443749540039569,9.51553674664621,20,simulated
Green Lake,Lake,2013,Nitrate,10.676410166298355,7.9286315994575345,9.41985909657794,21,simulated
Green Lake,Lake,2014,Nitrate,10.195541320775488,8.120839875027352,9.261429869301455,19,simulated
Green Lake,Lake,2015,Nitrate,10.591725439920806,7.837010275832226,9.03094188667933,22,simulated
Green Lake,Lake,2016,Nitrate,10.336983264372748,7.65505105901857,9.20731748124346,27,simulated
Green Lake,Lake,2017,Nitrate,8.970593839434096,8.295457590952028,8.815031194199804,26,simulated
Green Lake,Lake,2018,Nitrate,10.363371666049796,7.455042819947523,9.232733353651051,28,simulated
Green Lake,Lake,2019,Nitrate,10.326488778733715,8.101129941641762,9.430697468403372,27,simulated
Green Lake,Lake,2020,Nitrate,9.891470998221422,8.12290200650496,9.24046045707083,22,simulated
Green Lake,Lake,2021,Nitrate,9.463382358037748,7.538621216811979,8.707930050043542,25,simulated
Green Lake,Lake,2022,Nitrate,10.269669168574682,7.76250527595834,8.988744305526218,24,simulated
Green Lake,Lake,2023,Nitrate,10.140893096099129,7.936820321198477,8.500542499740392,30,simulated
Green Lake,Lake,2024,Nitrate,10.353882985465862,7.198148744833884,8.996039078840703,23,simulated
Green Lake,Lake,2025,Nitrate,9.945039491516834,7.688109391024617,8.93638985335308,30,simulated
Green Lake,Lake,2000,Secchi Depth,15.390673339109629,8.722489498755557,11.736454162472404,15,simulated
Green Lake,Lake,2001,Secchi Depth,11.718645869057069,9.904400355815604,10.814774325961912,17,simulated
Green Lake,Lake,2002,Secchi Depth,13.797764337499109,9.71076869225042,11.304989767939372,14,simulated
Green Lake,Lake,2003,Secchi Depth,13.887181512024092,10.422116305428302,11.985413487637212,13,simulated
Green Lake,Lake,2004,Secchi Depth,13.00265691186045,8.586080386600297,10.780718282524155,18,simulated
Green Lake,Lake,2005,Secchi Depth,12.383278317745894,9.217130706543637,10.410449288050652,18,simulated
Green Lake,Lake,2006,Secchi Depth,11.623651261002,8.169892590983213,10.281493618441209,14,simulated
Green Lake,Lake,2007,Secchi Depth,13.437658857137782,8.707051546129135,11.398997238785777,21,simulated
Green Lake,Lake,2008,Secchi Depth,11.078223324447613,8.228147857589535,10.314212319733771,20,simulated
Green Lake,Lake,2009,Secchi Depth,13.143660986285205,8.981738057995278,10.974681342941542,18,simulated
Green Lake,Lake,2010,Secchi Depth,13.40535916737571,10.003092861653474,11.338201422287836,18,simulated
Green Lake,Lake,2011,Secchi Depth,13.49247207364051,9.844955340794876,11.249231864237554,19,simulated
Green Lake,Lake,2012,Secchi Depth,13.877585917472354,8.75444536321764,11.370675782672508,16,simulated
Green Lake,Lake,2013,Secchi Depth,13.402446741279508,8.968726830161536,11.302401281901354,18,simulated
Green Lake,Lake,2014,Secchi Depth,13.832834182023776,9.827358287165813,11.77479152062306,12,simulated
Green Lake,Lake,2015,Secchi Depth,12.168540378917488,9.248788935286333,10.834632145410652,22,simulated
Green Lake,Lake,2016,Secchi Depth,12.414893810904967,10.250982414044858,10.971173285161225,15,simulated
Green Lake,Lake,2017,Secchi Depth,13.432470549701211,9.70448774247606,10.948045306960635,24,simulated
Green Lake,Lake,2018,Secchi Depth,14.450841476917379,8.589042386495478,11.658983671980025,19,simulated
Green Lake,Lake,2019,Secchi Depth,13.528138586285246,10.501928523865278,11.708672477093584,20,simulated
Green Lake,Lake,2020,Secchi Depth,13.489966179453926,9.493460017065395,11.533251392401024,19,simulated
Green Lake,Lake,2021,Secchi Depth,13.31782597945627,9.283536036409131,11.870427814992082,20,simulated
Green Lake,Lake,2022,Secchi Depth,13.319936446765674,9.729075801741997,10.862538039690186,25,simulated
Green Lake,Lake,2023,Secchi Depth,14.553847230917826,9.97980619887262,12.120569509065229,14,simulated
Green Lake,Lake,2024,Secchi Depth,15.276048616967394,9.487850525757791,12.07776813266453,26,simulated
Green Lake,Lake,2025,Secchi Depth,13.201983877789441,9.779061288476708,11.753347844864544,23,simulated
Green Lake,Lake,2000,Total Phosphorus,7.990228061650705,4.568880389689174,5.699188609175285,22,simulated
Green Lake,Lake,2001,Total Phosphorus,8.913174782639118,5.735851053524467,6.713923277665411,25,simulated
Green Lake,Lake,2002,Total Phosphorus,7.1827857726760005,4.026165327982406,5.696317022805883,27,simulated
Green Lake,Lake,2003,Total Phosphorus,6.877295187549419,3.5665744206246823,5.592511040243445,26,simulated
Green Lake,Lake,2004,Total Phosphorus,7.99042978107412,4.424930579508952,6.421600810804157,30,simulated
Green Lake,Lake,2005,Total Phosphorus,7.967804357525852,4.438076296006589,6.095763075587299,27,simulated
Green Lake,Lake,2006,Total Phosphorus,7.154337129063059,4.342464111657467,5.596162774593406,36,simulated
Green Lake,Lake,2007,Total Phosphorus,7.336508393654233,4.8985398267109606,5.995556404668724,33,simulated
Green Lake,Lake,2008,Total Phosphorus,6.938978576102418,3.637120678978131,5.513187150415558,31,simulated
Green Lake,Lake,2009,Total Phosphorus,8.008264017070125,4.091730772105494,6.26354099311583,33,simulated
Green Lake,Lake,2010,Total Phosphorus,6.832501238932692,5.312860294164814,6.220725080468378,34,simulated
Green Lake,Lake,2011,Total Phosphorus,7.858757925487735,3.5890867734120966,6.001148013447179,29,simulated
Green Lake,Lake,2012,Total Phosphorus,7.048685043539879,4.026434530348533,5.912574762068639,29,simulated
Green Lake,Lake,2013,Total Phosphorus,7.523480574677028,3.9189162989379756,6.386776642421551,32,simulated
Green Lake,Lake,2014,Total Phosphorus,6.499866665091151,4.798408681564396,5.72988280893988,34,simulated
Green Lake,Lake,2015,Total Phosphorus,5.948774032547104,4.435734040925698,5.284597029765377,32,simulated
Green Lake,Lake,2016,Total Phosphorus,6.779219054388074,4.319321061216723,5.836723529706429,28,simulated
Green Lake,Lake,2017,Total Phosphorus,7.753670283000611,4.385694486213634,6.385553860625356,30,simulated
Green Lake,Lake,2018,Total Phosphorus,7.546388023903219,3.0637021253441383,5.271284201505416,33,simulated
Green Lake,Lake,2019,Total Phosphorus,6.729770301338182,3.669377487921259,5.474902582741686,33,simulated
Green Lake,Lake,2020,Total Phosphorus,7.3593413830227945,4.276536699203951,5.719774866121441,39,simulated
Green Lake,Lake,2021,Total Phosphorus,7.217520964399679,4.489579325112832,5.531376030421763,30,simulated
Green Lake,Lake,2022,Total Phosphorus,6.654286800253816,3.254656010645313,5.187163178024865,36,simulated
Green Lake,Lake,2023,Total Phosphorus,7.447264333832788,4.745664921822387,5.883377346687459,39,simulated
Green Lake,Lake,2024,Total Phosphorus,7.35813661904116,3.726911076947659,6.264632779310734,40,simulated
Green Lake,Lake,2025,Total Phosphorus,7.6707287774784625,4.143078929530386,5.516158925773847,34,simulated
Lake Ann,Lake,2000,Chlorophyll-a,7.394615242028876,5.674631552244467,6.757944126903877,25,simulated
Lake Ann,Lake,2001,Chlorophyll-a,6.81912843636064,5.863417412862809,6.726815933181301,18,simulated
Lake Ann,Lake,2002,Chlorophyll-a,7.936996515451651,5.6982036357787775,6.709130801892891,25,simulated
Lake Ann,Lake,2003,Chlorophyll-a,7.863359717942394,5.953572423905706,6.836201488187527,26,simulated
Lake Ann,Lake,2004,Chlorophyll-a,6.986118186215913,5.33890535972051,6.348286253647554,24,simulated
Lake Ann,Lake,2005,Chlorophyll-a,7.739468525946303,6.0378660182414325,6.948092340366437,25,simulated
Lake Ann,Lake,2006,Chlorophyll-a,7.389641657257839,6.127244793891327,6.884018590878162,32,simulated
Lake Ann,Lake,2007,Chlorophyll-a,8.027673475293177,5.550234917556328,6.856128233346183,30,simulated
Lake Ann,Lake,2008,Chlorophyll-a,8.594417953504218,6.25053584499805,7.29747823741415,25,simulated
Lake Ann,Lake,2009,Chlorophyll-a,7.6546214999822855,5.934690908028096,6.843141270982101,23,simulated
Lake Ann,Lake,2010,Chlorophyll-a,7.951928733195736,6.442431645168542,6.926549358241461,28,simulated
Lake Ann,Lake,2011,Chlorophyll-a,8.279047086104436,6.883197086963444,7.397192619281662,28,simulated
Lake Ann,Lake,2012,Chlorophyll-a,7.386608388294953,6.06508740286018,6.917335699541058,31,simulated
Lake Ann,Lake,2013,Chlorophyll-a,7.6989417295607225,6.1758483063166745,7.003710603923747,28,simulated
Lake Ann,Lake,2014,Chlorophyll-a,7.9506836570742205,6.455965306536822,7.11316840963466,31,simulated
Lake Ann,Lake,2015,Chlorophyll-a,8.049349210613745,6.466603017724953,7.33215826602956,36,simulated
Lake Ann,Lake,2016,Chlorophyll-a,8.017904134255042,6.038015192422809,7.250578441357884,33,simulated
Lake Ann,Lake,2017,Chlorophyll-a,7.776885256914437,6.046308917611012,7.0052350228559614,30,simulated
Lake Ann,Lake,2018,Chlorophyll-a,7.977449707928288,6.648479573642557,7.183585564635223,30,simulated
Lake Ann,Lake,2019,Chlorophyll-a,8.034027462873933,6.41643055271919,7.205182631590792,30,simulated
Lake Ann,Lake,2020,Chlorophyll-a,7.909071944410937,6.711354825549428,7.342100142327409,35,simulated
Lake Ann,Lake,2021,Chlorophyll-a,8.13952615187522,6.726880157690377,7.475023667974388,30,simulated
Lake Ann,Lake,2022,Chlorophyll-a,8.033697432894167,6.7657380420523765,7.51085391634039,32,simulated
Lake Ann,Lake,2023,Chlorophyll-a,8.167719951762399,6.4328998779978095,7.124153870176151,33,simulated
Lake Ann,Lake,2024,Chlorophyll-a,8.033126454286222,7.1669279438428255,7.711451522528508,31,simulated
Lake Ann,Lake,2025,Chlorophyll-a,8.748875293764684,6.764631236712747,7.591509910805261,29,simulated
Lake Ann,Lake,2000,Chloride,7.522231271856517,5.616892991649161,6.583445499746205,7,simulated
Lake Ann,Lake,2001,Chloride,8.553895086569753,4.238623999214731,6.843137230467269,7,simulated
Lake Ann,Lake,2002,Chloride,7.7142116792614885,4.276816178421507,6.534003704156563,14,simulated
Lake Ann,Lake,2003,Chloride,7.80891110458785,5.1959797578901075,7.229424177285022,9,simulated
Lake Ann,Lake,2004,Chloride,8.59999419513946,5.3742542706453875,6.527897798378047,14,simulated
Lake Ann,Lake,2005,Chloride,9.812255970935345,5.806209638088196,7.542882522015386,13,simulated
Lake Ann,Lake,2006,Chloride,7.823229308408248,4.9164094714750775,6.322830211429547,18,simulated
Lake Ann,Lake,2007,Chloride,8.998920959295797,5.35101952011024,7.200658076486622,7,simulated
Lake Ann,Lake,2008,Chloride,9.531526437173914,4.839366728559002,7.281587872085303,16,simulated
Lake Ann,Lake,2009,Chloride,8.572623851119133,4.8350231686060905,6.861370760765325,16,simulated
Lake Ann,Lake,2010,Chloride,9.59165244887338,6.225455239461055,7.394966504281094,10,simulated
Lake Ann,Lake,2011,Chloride,9.454578702548794,5.221641519234853,7.79551640947656,16,simulated
Lake Ann,Lake,2012,Chloride,8.60531002458415,4.832000040800663,6.49138323144836,14,simulated
Lake Ann,Lake,2013,Chloride,9.584198839359845,5.479346586627334,7.629728410878891,13,simulated
Lake Ann,Lake,2014,Chloride,8.106475371894016,4.312388310749991,6.49931915347173,11,simulated
Lake Ann,Lake,2015,Chloride,8.213692335053105,6.058135152978931,7.175775178310003,12,simulated
Lake Ann,Lake,2016,Chloride,10.405492066139947,6.38071592683863,8.299206833807034,20,simulated
Lake Ann,Lake,2017,Chloride,8.773902984494446,5.998640897981741,7.464899777114338,15,simulated
Lake Ann,Lake,2018,Chloride,8.663678652410187,6.385075036584448,7.286945481869195,17,simulated
Lake Ann,Lake,2019,Chloride,9.13233435452184,5.759673379147371,7.762180063244125,13,simulated
Lake Ann,Lake,2020,Chloride,10.18801321684596,5.188857192375528,8.790873794114674,13,simulated
Lake Ann,Lake,2021,Chloride,9.964568272486833,6.45252713785645,7.20696580987925,19,simulated
Lake Ann,Lake,2022,Chloride,10.096581283209801,5.847809279923858,7.608530392031024,12,simulated
Lake Ann,Lake,2023,Chloride,12.020695629564646,6.337756140400147,8.785126464868132,15,simulated
Lake Ann,Lake,2024,Chloride,10.357941166662942,6.836682348459009,9.023003145241184,17,simulated
Lake Ann,Lake,2025,Chloride,10.203489698798403,6.377868606532381,8.237441641689209,17,simulated
Lake Ann,Lake,2000,Nitrate,12.18839148761334,7.777653084406399,10.627977017117576,26,simulated
Lake Ann,Lake,2001,Nitrate,13.851645533987636,8.59955069592961,10.758194465536135,26,simulated
Lake Ann,Lake,2002,Nitrate,13.727785789971305,8.350217377682167,10.745213996753224,26,simulated
Lake Ann,Lake,2003,Nitrate,11.955700879598814,8.136868183015142,9.753790821215908,22,simulated
Lake Ann,Lake,2004,Nitrate,12.735169138579272,7.750414547015568,10.109170254448127,22,simulated
Lake Ann,Lake,2005,Nitrate,14.251883794146785,8.947426044616133,10.89068914430132,25,simulated
Lake Ann,Lake,2006,Nitrate,13.869171521650326,9.01090572310814,10.689037028810642,27,simulated
Lake Ann,Lake,2007,Nitrate,10.869140579289486,7.019601728885734,9.41095153319262,24,simulated
Lake Ann,Lake,2008,Nitrate,13.353021201479853,7.731622072973124,10.320585637201557,28,simulated
Lake Ann,Lake,2009,Nitrate,11.103538404488233,6.392264172754031,9.018258685230569,30,simulated
Lake Ann,Lake,2010,Nitrate,12.51632383866989,8.015280659190278,10.086000809415744,23,simulated
Lake Ann,Lake,2011,Nitrate,13.715632451606956,8.127027202831407,11.052233510294071,23,simulated
Lake Ann,Lake,2012,Nitrate,11.617516384380215,6.876873189700664,9.482321369852118,26,simulated
Lake Ann,Lake,2013,Nitrate,12.555977714680463,6.96924633726422,9.511326736766678,27,simulated
Lake Ann,Lake,2014,Nitrate,12.71003341157607,8.501066866160052,10.334347896866229,25,simulated
Lake Ann,Lake,2015,Nitrate,10.48994224245255,6.835103136850442,9.069586103659132,31,simulated
Lake Ann,Lake,2016,Nitrate,11.502969993209572,7.0318208211014035,9.522594656672196,29,simulated
Lake Ann,Lake,2017,Nitrate,12.661068040968281,7.744907168725715,10.141462864011146,28,simulated
Lake Ann,Lake,2018,Nitrate,12.51029189551036,8.623498472141314,9.457709797495037,24,simulated
Lake Ann,Lake,2019,Nitrate,12.318502142379042,7.253901176425738,9.635357628244083,24,simulated
Lake Ann,Lake,2020,Nitrate,11.893596825150176,6.147708499655613,10.116727952463552,29,simulated
Lake Ann,Lake,2021,Nitrate,13.994794235997958,7.828785525521131,9.914060553991712,22,simulated
Lake Ann,Lake,2022,Nitrate,12.29454617748539,7.993928638754779,9.800079151630063,32,simulated
Lake Ann,Lake,2023,Nitrate,12.534397373763843,6.973969631480581,9.452590268669033,29,simulated
Lake Ann,Lake,2024,Nitrate,11.990436560719697,7.263300459979238,9.78753373007808,39,simulated
Lake Ann,Lake,2025,Nitrate,12.098601233552365,6.458292079408177,9.500011646093403,37,simulated
Lake Ann,Lake,2000,Secchi Depth,13.003365052091597,7.353864761313895,10.327725286152342,16,simulated
Lake Ann,Lake,2001,Secchi Depth,13.754130338798323,9.975931016927674,11.154217310896955,16,simulated
Lake Ann,Lake,2002,Secchi Depth,14.448267132198145,7.944726240938772,11.697815437376182,15,simulated
Lake Ann,Lake,2003,Secchi Depth,10.615098899818511,5.247777182821104,9.28926503845323,15,simulated
Lake Ann,Lake,2004,Secchi Depth,12.404037351420632,7.641035489280828,9.204463902536371,16,simulated
Lake Ann,Lake,2005,Secchi Depth,11.465740615477213,7.551469240526666,10.082085350990049,20,simulated
Lake Ann,Lake,2006,Secchi Depth,13.10800269362026,7.3153384486525495,10.993866867500309,18,simulated
Lake Ann,Lake,2007,Secchi Depth,12.21788052262223,6.367087046394982,10.958656147379626,22,simulated
Lake Ann,Lake,2008,Secchi Depth,14.795163583716201,8.40263592562371,11.41014039450265,21,simulated
Lake Ann,Lake,2009,Secchi Depth,12.594906349337474,7.403102638372837,9.757456830124664,15,simulated
Lake Ann,Lake,2010,Secchi Depth,11.412135507073726,7.836914952691167,8.952910047694775,23,simulated
Lake Ann,Lake,2011,Secchi Depth,13.713397369142898,7.779531357253967,11.340115360104718,24,simulated
Lake Ann,Lake,2012,Secchi Depth,12.105947601713384,5.144980937825615,10.109885203848323,19,simulated
Lake Ann,Lake,2013,Secchi Depth,12.452036149135582,6.195063257921789,9.244576776782656,24,simulated
Lake Ann,Lake,2014,Secchi Depth,13.661293180031354,7.5973183977755046,10.892147945358216,20,simulated
Lake Ann,Lake,2015,Secchi Depth,15.211404276131422,7.59802188654891,11.40769585195699,23,simulated
Lake Ann,Lake,2016,Secchi Depth,13.149851919912141,7.4846530275269165,10.74636787272128,20,simulated
Lake Ann,Lake,2017,Secchi Depth,13.89749336952188,8.097606409386144,10.519852528325972,18,simulated
Lake Ann,Lake,2018,Secchi Depth,15.336531910629585,6.682049511737298,10.77307842985877,23,simulated
Lake Ann,Lake,2019,Secchi Depth,14.450049453588045,7.180356096139427,10.640034248267073,24,simulated
Lake Ann,Lake,2020,Secchi Depth,12.570007133355874,6.884632867565616,9.922227289542947,23,simulated
Lake Ann,Lake,2021,Secchi Depth,13.853405992966355,8.184364667592286,10.431555552502129,21,simulated
Lake Ann,Lake,2022,Secchi Depth,14.627488072236742,6.573658322310644,11.40505551442785,24,simulated
Lake Ann,Lake,2023,Secchi Depth,14.72441127025556,7.160461862853375,11.280902546819444,26,simulated
Lake Ann,Lake,2024,Secchi Depth,14.266673319527863,8.348632080894069,11.191446985014055,26,simulated
Lake Ann,Lake,2025,Secchi Depth,13.310521119996244,6.233952219365413,10.322092753754305,27,simulated
Lake Ann,Lake,2000,Total Phosphorus,8.322948038762545,4.902545173296307,6.670647904744466,16,simulated
Lake Ann,Lake,2001,Total Phosphorus,6.599260997203421,3.9862011479749,5.86751296307358,11,simulated
Lake Ann,Lake,2002,Total Phosphorus,7.778055931803477,5.404540443363,6.3897425010132105,16,simulated
Lake Ann,Lake,2003,Total Phosphorus,8.24929789686693,5.235531392793845,6.590147089096347,8,simulated
Lake Ann,Lake,2004,Total Phosphorus,7.873225381505453,4.938008324863052,6.333927509453281,14,simulated
Lake Ann,Lake,2005,Total Phosphorus,6.713251663350311,5.268812183108565,6.085443854498897,11,simulated
Lake Ann,Lake,2006,Total Phosphorus,6.962072807935873,4.3359599680344125,5.954544769828561,9,simulated
Lake Ann,Lake,2007,Total Phosphorus,7.889643987547349,5.2704280327710045,6.4330236308489015,14,simulated
Lake Ann,Lake,2008,Total Phosphorus,7.123419161926102,4.39685690740604,5.61779373430536,17,simulated
Lake Ann,Lake,2009,Total Phosphorus,6.190692364324283,4.5934557856118285,5.738696395698846,12,simulated
Lake Ann,Lake,2010,Total Phosphorus,7.191632745892434,4.857579823962908,5.896531078909179,10,simulated
Lake Ann,Lake,2011,Total Phosphorus,7.927616646336441,4.917303383836928,6.389250320039179,15,simulated
Lake Ann,Lake,2012,Total Phosphorus,7.856923221563779,4.776536633865357,6.092004344775611,15,simulated
Lake Ann,Lake,2013,Total Phosphorus,7.217073901889227,4.485866141279542,5.643392031624342,17,simulated
Lake Ann,Lake,2014,Total Phosphorus,7.405086682443439,4.774257577468877,5.825201810396553,19,simulated
Lake Ann,Lake,2015,Total Phosphorus,6.707294442648064,4.262466008949019,5.706088544967215,16,simulated
Lake Ann,Lake,2016,Total Phosphorus,6.2105069732791085,3.700149271829762,5.652501062400712,22,simulated
Lake Ann,Lake,2017,Total Phosphorus,7.402192562768349,4.670448935777616,6.149820021249755,17,simulated
Lake Ann,Lake,2018,Total Phosphorus,7.023420592005192,3.7819134988049585,5.401635677253411,16,simulated
Lake Ann,Lake,2019,Total Phosphorus,8.350436644501674,5.4442971695446865,6.290929560796009,12,simulated
Lake Ann,Lake,2020,Total Phosphorus,7.714560703395044,4.569430316190366,6.026627591049678,17,simulated
Lake Ann,Lake,2021,Total Phosphorus,7.665679712141815,5.139248254428052,6.080963898605377,17,simulated
Lake Ann,Lake,2022,Total Phosphorus,7.022381314851986,4.867700127021054,5.585907049943276,21,simulated
Lake Ann,Lake,2023,Total Phosphorus,6.744625088311476,4.6403335804154215,5.656582448754393,20,simulated
Lake Ann,Lake,2024,Total Phosphorus,6.412709870100807,3.603407268968417,5.248323943073993,15,simulated
Lake Ann,Lake,2025,Total Phosphorus,7.40192012718669,3.86644050637539,5.497293197311735,20,simulated
Lake Charlevoix,Lake,2000,Chlorophyll-a,7.69498795513368,3.533077402310524,5.736238353853069,6,simulated
Lake Charlevoix,Lake,2001,Chlorophyll-a,7.650809489124168,5.31068413231778,6.143582259755153,14,simulated
Lake Charlevoix,Lake,2002,Chlorophyll-a,7.91271754723962,4.920241232182519,6.224089691944177,8,simulated
Lake Charlevoix,Lake,2003,Chlorophyll-a,7.834104662486368,4.2220334634743075,6.196323355582851,7,simulated
Lake Charlevoix,Lake,2004,Chlorophyll-a,7.621169525263621,4.362263089411789,6.069309332354977,9,simulated
Lake Charlevoix,Lake,2005,Chlorophyll-a,7.679453981434099,4.78722592694197,6.552230821798778,10,simulated
Lake Charlevoix,Lake,2006,Chlorophyll-a,8.408284604472545,5.129224505037637,6.272354264550199,12,simulated
Lake Charlevoix,Lake,2007,Chlorophyll-a,8.363303883971344,5.1673892911817,6.543120504660775,12,simulated
Lake Charlevoix,Lake,2008,Chlorophyll-a,7.285522154895299,3.677234706815394,5.666028222578918,9,simulated
Lake Charlevoix,Lake,2009,Chlorophyll-a,5.849971664971989,3.6676137434697353,4.900622715691321,14,simulated
Lake Charlevoix,Lake,2010,Chlorophyll-a,7.931657546228127,4.651520470572937,6.499519875875666,11,simulated
Lake Charlevoix,Lake,2011,Chlorophyll-a,7.321889140249575,4.4405920692627365,5.895012657667186,12,simulated
Lake Charlevoix,Lake,2012,Chlorophyll-a,7.267684255568767,5.333869920676697,6.386718609713703,15,simulated
Lake Charlevoix,Lake,2013,Chlorophyll-a,7.1951574828243565,4.299044738497201,6.389234852698017,11,simulated
Lake Charlevoix,Lake,2014,Chlorophyll-a,8.645195098305365,5.045384252819687,7.147773226239037,12,simulated
Lake Charlevoix,Lake,2015,Chlorophyll-a,8.72259116226845,3.821897442349389,6.732416364568141,16,simulated
Lake Charlevoix,Lake,2016,Chlorophyll-a,8.053175955400699,5.493416612598753,6.680481251907192,12,simulated
Lake Charlevoix,Lake,2017,Chlorophyll-a,8.218087726105674,4.755797331461219,6.979597688318017,13,simulated
Lake Charlevoix,Lake,2018,Chlorophyll-a,8.156493447260221,5.776770349609469,6.836425798131407,17,simulated
Lake Charlevoix,Lake,2019,Chlorophyll-a,7.996138541550268,4.797683110794839,6.550762272427444,21,simulated
Lake Charlevoix,Lake,2020,Chlorophyll-a,8.835930908200597,4.816257149697277,7.1929073726487385,17,simulated
Lake Charlevoix,Lake,2021,Chlorophyll-a,9.05071538367024,5.751096617408279,6.366694350719167,17,simulated
Lake Charlevoix,Lake,2022,Chlorophyll-a,9.323122384077694,5.303082052799825,6.976273104260391,18,simulated
Lake Charlevoix,Lake,2023,Chlorophyll-a,8.35652288739663,4.9334719301949175,6.263714199052867,13,simulated
Lake Charlevoix,Lake,2024,Chlorophyll-a,9.426935429033605,5.594347048847792,7.008138103714631,17,simulated
Lake Charlevoix,Lake,2025,Chlorophyll-a,8.304489928444765,5.035734950834534,7.0438133133849545,17,simulated
Lake Charlevoix,Lake,2000,Chloride,8.639660451615075,4.851797717121687,6.655489715183529,6,simulated
Lake Charlevoix,Lake,2001,Chloride,8.199531916854049,4.932387631176834,6.831218014535719,6,simulated
Lake Charlevoix,Lake,2002,Chloride,8.622775463303244,5.121732983887185,6.584500932395542,7,simulated
Lake Charlevoix,Lake,2003,Chloride,7.765581633754204,5.0986355678797946,6.809713022999242,11,simulated
Lake Charlevoix,Lake,2004,Chloride,8.681963318505678,4.61288834797141,6.287380539145633,10,simulated
Lake Charlevoix,Lake,2005,Chloride,8.74528350564546,3.852199562666815,6.758958990963311,9,simulated
Lake Charlevoix,Lake,2006,Chloride,9.469672666677397,4.7774556425515025,7.6090055278576125,6,simulated
Lake Charlevoix,Lake,2007,Chloride,8.737471313704491,4.514228043750853,7.177873811935719,6,simulated
Lake Charlevoix,Lake,2008,Chloride,8.99070261972711,4.80199456720301,7.0824768301548575,10,simulated
Lake Charlevoix,Lake,2009,Chloride,10.871029371304957,6.502666250758697,8.054596685933651,11,simulated
Lake Charlevoix,Lake,2010,Chloride,8.785603991656021,4.688780605133559,6.568922373273882,11,simulated
Lake Charlevoix,Lake,2011,Chloride,8.291013721187804,4.223477606910249,6.748999446930135,7,simulated
Lake Charlevoix,Lake,2012,Chloride,9.953211579356434,6.706957080985267,8.183429262774288,12,simulated
Lake Charlevoix,Lake,2013,Chloride,10.0183901376408,4.870534431957557,7.437883507463183,12,simulated
Lake Charlevoix,Lake,2014,Chloride,9.032600483881263,3.7412906688092,7.36141928365168,7,simulated
Lake Charlevoix,Lake,2015,Chloride,8.99907818545813,4.293401443987246,6.94891135503677,9,simulated
Lake Charlevoix,Lake,2016,Chloride,10.199195133501474,4.605046809243671,7.842003382855458,13,simulated
Lake Charlevoix,Lake,2017,Chloride,10.484861538611977,5.502861619079333,7.9614226809994335,11,simulated
Lake Charlevoix,Lake,2018,Chloride,9.811592681506202,4.501600981289319,7.190878635955332,17,simulated
Lake Charlevoix,Lake,2019,Chloride,9.14474103884079,5.987336304201525,7.74969071217933,14,simulated
Lake Charlevoix,Lake,2020,Chloride,8.671183882891958,4.946381029720795,7.716947955178912,11,simulated
Lake Charlevoix,Lake,2021,Chloride,10.045478653733554,5.290247143360752,8.098011545066605,13,simulated
Lake Charlevoix,Lake,2022,Chloride,10.759552361557928,5.095147171345675,7.438521915901874,13,simulated
Lake Charlevoix,Lake,2023,Chloride,12.866041129956683,5.22973893985837,8.778395582449642,11,simulated
Lake Charlevoix,Lake,2024,Chloride,12.570180486913351,6.567021782021152,8.674823496016344,11,simulated
Lake Charlevoix,Lake,2025,Chloride,10.252189552656455,5.850212829937485,8.053275169300505,16,simulated
Lake Charlevoix,Lake,2000,Nitrate,15.263613438796328,8.04049200277579,11.309612687619271,18,simulated
Lake Charlevoix,Lake,2001,Nitrate,14.901370685101092,9.544338685248544,11.825828391952568,18,simulated
Lake Charlevoix,Lake,2002,Nitrate,12.91107545824589,8.229448968729379,10.550974289552348,18,simulated
Lake Charlevoix,Lake,2003,Nitrate,13.251840367548851,9.49350578632815,11.84938584217867,23,simulated
Lake Charlevoix,Lake,2004,Nitrate,12.697963653341985,7.701293120065275,10.271866248369474,21,simulated
Lake Charlevoix,Lake,2005,Nitrate,13.247107839396577,6.824376330629086,10.173905782584637,17,simulated
Lake Charlevoix,Lake,2006,Nitrate,12.714041222697768,7.89253267413816,9.698356825706192,24,simulated
Lake Charlevoix,Lake,2007,Nitrate,13.362146038552742,7.157525282131667,10.448306865619836,18,simulated
Lake Charlevoix,Lake,2008,Nitrate,12.488750202366345,8.457107088279864,10.38225187872948,23,simulated
Lake Charlevoix,Lake,2009,Nitrate,12.037826054249233,8.978338743674291,10.957660729490769,24,simulated
Lake Charlevoix,Lake,2010,Nitrate,12.977416447766048,7.5125156390794725,10.758542033426794,26,simulated
Lake Charlevoix,Lake,2011,Nitrate,12.0594527935495,6.827527181640097,9.883878845420028,29,simulated
Lake Charlevoix,Lake,2012,Nitrate,12.586676073890677,7.182560066617883,10.321265785638586,20,simulated
Lake Charlevoix,Lake,2013,Nitrate,13.260826964497639,8.791801676098622,10.30223494899052,24,simulated
Lake Charlevoix,Lake,2014,Nitrate,13.110171034236146,7.485184972817406,9.455404036948504,24,simulated
Lake Charlevoix,Lake,2015,Nitrate,12.370457403955804,6.900651380703196,9.886822912432658,26,simulated
Lake Charlevoix,Lake,2016,Nitrate,12.237810986979701,7.530904751885373,9.977993710003792,26,simulated
Lake Charlevoix,Lake,2017,Nitrate,13.721428404510174,9.374172813972566,11.21588475081514,25,simulated
Lake Charlevoix,Lake,2018,Nitrate,13.099873337965692,7.584618809477957,10.469272739463388,25,simulated
Lake Charlevoix,Lake,2019,Nitrate,12.655585438331249,8.669269502658903,10.70657573363667,23,simulated
Lake Charlevoix,Lake,2020,Nitrate,11.811791936857237,5.923663633602494,9.44214800911894,29,simulated
Lake Charlevoix,Lake,2021,Nitrate,13.953345725622977,7.06436941128038,10.94388769501534,28,simulated
Lake Charlevoix,Lake,2022,Nitrate,13.795854680348025,7.831981405231687,10.971142496977146,30,simulated
Lake Charlevoix,Lake,2023,Nitrate,11.573580901138468,5.978502670721464,9.073910248243136,26,simulated
Lake Charlevoix,Lake,2024,Nitrate,12.450258901125139,7.360798517083809,9.774493511878566,26,simulated
Lake Charlevoix,Lake,2025,Nitrate,11.601338243924719,7.315739178679326,10.41910393936842,25,simulated
Lake Charlevoix,Lake,2000,Secchi Depth,11.278857069828785,9.250439348078324,10.362410064595256,15,simulated
Lake Charlevoix,Lake,2001,Secchi Depth,12.366306962159712,9.595734002555131,11.289280910408785,17,simulated
Lake Charlevoix,Lake,2002,Secchi Depth,11.532574312237541,9.035731063824688,10.317159291097374,10,simulated
Lake Charlevoix,Lake,2003,Secchi Depth,11.786779101596146,9.476667120373174,10.835194234964806,14,simulated
Lake Charlevoix,Lake,2004,Secchi Depth,12.50353308159751,9.248839064310392,11.264126015364422,16,simulated
Lake Charlevoix,Lake,2005,Secchi Depth,11.88361905803552,9.864377172574027,10.979024981773296,15,simulated
Lake Charlevoix,Lake,2006,Secchi Depth,11.493006419130335,8.691078585339735,10.865425188822798,8,simulated
Lake Charlevoix,Lake,2007,Secchi Depth,12.285235621659284,9.443902289600825,10.522379622389842,17,simulated
Lake Charlevoix,Lake,2008,Secchi Depth,11.227247315654814,9.038779295470478,10.410638817388149,20,simulated
Lake Charlevoix,Lake,2009,Secchi Depth,12.4666563434419,9.810111327499534,11.116443627134558,17,simulated
Lake Charlevoix,Lake,2010,Secchi Depth,13.161774309340426,9.858950361287373,11.372549701318372,13,simulated
Lake Charlevoix,Lake,2011,Secchi Depth,11.89873846218027,9.204583003182865,10.77136645469526,15,simulated
Lake Charlevoix,Lake,2012,Secchi Depth,11.587544753364012,9.03439121245931,10.567083608798503,22,simulated
Lake Charlevoix,Lake,2013,Secchi Depth,11.55600861180017,9.153494125161174,10.16313923115023,20,simulated
Lake Charlevoix,Lake,2014,Secchi Depth,12.484439672745054,9.75081438735279,10.657860516456674,20,simulated
Lake Charlevoix,Lake,2015,Secchi Depth,11.870556131341576,8.49521421206203,10.957578226760017,19,simulated
Lake Charlevoix,Lake,2016,Secchi Depth,12.944953780286085,10.266551672188498,11.53164221709686,16,simulated
Lake Charlevoix,Lake,2017,Secchi Depth,11.947199950636332,9.506329023246154,11.253577718970131,18,simulated
Lake Charlevoix,Lake,2018,Secchi Depth,12.418193493044761,10.414192738760157,11.155388260522598,19,simulated
Lake Charlevoix,Lake,2019,Secchi Depth,12.366619339365503,9.660112006381375,10.94722995438655,21,simulated
Lake Charlevoix,Lake,2020,Secchi Depth,11.949278280039564,9.561697429798564,10.908243764373374,24,simulated
Lake Charlevoix,Lake,2021,Secchi Depth,12.859629771680188,9.880858872859347,11.577478585749503,23,simulated
Lake Charlevoix,Lake,2022,Secchi Depth,12.036081611737297,10.941964909360683,11.205520461884335,16,simulated
Lake Charlevoix,Lake,2023,Secchi Depth,11.847613457868782,9.061456073541136,10.472490254232582,21,simulated
Lake Charlevoix,Lake,2024,Secchi Depth,12.81322452886104,10.039444134054037,10.960964751222509,23,simulated
Lake Charlevoix,Lake,2025,Secchi Depth,11.86117449900123,9.382931421697418,10.920905633144017,23,simulated
Lake Charlevoix,Lake,2000,Total Phosphorus,9.54306798286802,5.081844479992018,7.502779791968971,19,simulated
Lake Charlevoix,Lake,2001,Total Phosphorus,6.644914588704177,3.75487873015004,5.739003079513172,18,simulated
Lake Charlevoix,Lake,2002,Total Phosphorus,7.878772693163857,4.180026900802829,5.791285265905783,16,simulated
Lake Charlevoix,Lake,2003,Total Phosphorus,9.033269039309962,5.528669922494821,6.301535973452205,17,simulated
Lake Charlevoix,Lake,2004,Total Phosphorus,8.670252615850286,5.597588514046768,7.037036101123251,17,simulated
Lake Charlevoix,Lake,2005,Total Phosphorus,7.241331340050015,3.686748296672489,5.808994726230679,20,simulated
Lake Charlevoix,Lake,2006,Total Phosphorus,8.009339072546368,5.7031861608085475,6.011012480766211,17,simulated
Lake Charlevoix,Lake,2007,Total Phosphorus,9.311375888756388,3.9745390214903438,6.520617937034079,17,simulated
Lake Charlevoix,Lake,2008,Total Phosphorus,7.5237699601198775,4.037722629618344,6.052879230573211,25,simulated
Lake Charlevoix,Lake,2009,Total Phosphorus,6.917747427813124,3.529677700765592,5.898389169669513,22,simulated
Lake Charlevoix,Lake,2010,Total Phosphorus,8.357976167944837,4.540240997456952,6.2259473453300975,17,simulated
Lake Charlevoix,Lake,2011,Total Phosphorus,8.251603188143962,5.413052484441504,6.081115374592523,22,simulated
Lake Charlevoix,Lake,2012,Total Phosphorus,8.179952552068253,4.284917174976144,6.348748963219713,20,simulated
Lake Charlevoix,Lake,2013,Total Phosphorus,7.95912768002205,3.8649684379087197,6.420210712047032,22,simulated
Lake Charlevoix,Lake,2014,Total Phosphorus,8.253959554698273,3.798504367388557,6.008158252392128,21,simulated
Lake Charlevoix,Lake,2015,Total Phosphorus,7.9660128853203425,4.595761992955285,5.973704072194314,25,simulated
Lake Charlevoix,Lake,2016,Total Phosphorus,7.225996402110825,4.168069169588308,5.915506666060682,22,simulated
Lake Charlevoix,Lake,2017,Total Phosphorus,7.743125836057266,4.542976299212937,5.992453560671394,21,simulated
Lake Charlevoix,Lake,2018,Total Phosphorus,6.791487700875263,4.539747773359421,5.798958570152214,25,simulated
Lake Charlevoix,Lake,2019,Total Phosphorus,7.746475127544725,3.620236868370941,5.750280691061472,23,simulated
Lake Charlevoix,Lake,2020,Total Phosphorus,7.81150343100586,5.034943406841284,6.173851171968632,23,simulated
Lake Charlevoix,Lake,2021,Total Phosphorus,7.832026269722101,4.94434301341675,6.2642545953900335,24,simulated
Lake Charlevoix,Lake,2022,Total Phosphorus,6.562173268400169,4.123236436981673,5.106486020941247,23,simulated
Lake Charlevoix,Lake,2023,Total Phosphorus,7.290722051080419,4.746917340444086,5.645651452281832,23,simulated
Lake Charlevoix,Lake,2024,Total Phosphorus,7.318339168003162,3.749479923357102,5.360625710357255,22,simulated
Lake Charlevoix,Lake,2025,Total Phosphorus,7.329530163318957,3.3488772457949163,5.474050127172464,22,simulated
Lake Dubonnet,Lake,2000,Chlorophyll-a,7.683244494129375,6.141985174141433,7.041059938889024,21,simulated
Lake Dubonnet,Lake,2001,Chlorophyll-a,7.965892339956122,5.666436532650294,6.941352431423624,17,simulated
Lake Dubonnet,Lake,2002,Chlorophyll-a,7.3090272825066505,5.940476520218456,6.950112211932079,18,simulated
Lake Dubonnet,Lake,2003,Chlorophyll-a,7.932071874512379,6.101607235114559,6.835606565143235,22,simulated
Lake Dubonnet,Lake,2004,Chlorophyll-a,7.739575631089724,5.445031952966353,6.941637865579388,21,simulated
Lake Dubonnet,Lake,2005,Chlorophyll-a,8.718438078213916,6.163926221375632,7.16410880853391,20,simulated
Lake Dubonnet,Lake,2006,Chlorophyll-a,7.339469056034649,5.514488648407641,6.638420109210249,21,simulated
Lake Dubonnet,Lake,2007,Chlorophyll-a,7.355416227118209,6.113299608437376,6.888008073098478,25,simulated
Lake Dubonnet,Lake,2008,Chlorophyll-a,7.63721968610985,5.788326367880337,6.830381784716602,21,simulated
Lake Dubonnet,Lake,2009,Chlorophyll-a,7.51948658429545,6.049420013288158,7.120444582781364,23,simulated
Lake Dubonnet,Lake,2010,Chlorophyll-a,8.584875703499373,6.908714448207343,7.346448911791183,30,simulated
Lake Dubonnet,Lake,2011,Chlorophyll-a,7.340991797802815,5.435925759311386,6.97584866138597,20,simulated
Lake Dubonnet,Lake,2012,Chlorophyll-a,7.525815300948872,5.347588195352916,6.608841073370505,19,simulated
Lake Dubonnet,Lake,2013,Chlorophyll-a,7.457086656567932,6.230564254910256,7.089708235019764,27,simulated
Lake Dubonnet,Lake,2014,Chlorophyll-a,8.350864197493593,6.743331760364448,7.4272446711683635,23,simulated
Lake Dubonnet,Lake,2015,Chlorophyll-a,8.895591928628866,6.258640743304518,7.3797751313541,24,simulated
Lake Dubonnet,Lake,2016,Chlorophyll-a,8.519820394091228,6.349217765198333,7.392725715684867,23,simulated
Lake Dubonnet,Lake,2017,Chlorophyll-a,8.00839727696937,6.161047170328988,7.267566666607648,25,simulated
Lake Dubonnet,Lake,2018,Chlorophyll-a,8.037542788613441,6.04444427322279,7.073513057249368,31,simulated
Lake Dubonnet,Lake,2019,Chlorophyll-a,8.56923271991094,6.335023110229447,7.527973170448272,29,simulated
Lake Dubonnet,Lake,2020,Chlorophyll-a,8.389756878517705,5.820143294893985,7.25079001386526,29,simulated
Lake Dubonnet,Lake,2021,Chlorophyll-a,8.64775097193645,6.7106274276546305,7.998575373735591,23,simulated
Lake Dubonnet,Lake,2022,Chlorophyll-a,8.898948973904787,6.936294176653727,7.658093780162591,24,simulated
Lake Dubonnet,Lake,2023,Chlorophyll-a,7.616558743734528,5.985022525430581,7.4238503106889455,19,simulated
Lake Dubonnet,Lake,2024,Chlorophyll-a,8.286577284103796,5.924412040264992,7.454785855717956,25,simulated
Lake Dubonnet,Lake,2025,Chlorophyll-a,8.51228392674195,5.578742269629027,7.6177824902426,31,simulated
Lake Dubonnet,Lake,2000,Chloride,7.9746162184102936,4.868185602060413,6.587575083740469,14,simulated
Lake Dubonnet,Lake,2001,Chloride,7.803142434980005,5.602390257099939,6.728475997094567,9,simulated
Lake Dubonnet,Lake,2002,Chloride,8.776400606269918,5.286370800781371,6.5506978934706925,14,simulated
Lake Dubonnet,Lake,2003,Chloride,8.552780766324219,5.202248367660353,6.952751426630231,12,simulated
Lake Dubonnet,Lake,2004,Chloride,9.075235491392796,5.358815043238554,7.2365981189732596,14,simulated
Lake Dubonnet,Lake,2005,Chloride,8.490629650350687,5.41994471947635,6.400826076608787,16,simulated
Lake Dubonnet,Lake,2006,Chloride,8.391678177409744,4.946655115629085,7.206350098389161,19,simulated
Lake Dubonnet,Lake,2007,Chloride,9.641082977682174,5.4263289805674315,7.527388655718153,17,simulated
Lake Dubonnet,Lake,2008,Chloride,8.460829815054913,5.744841155155191,7.073806776400852,18,simulated
Lake Dubonnet,Lake,2009,Chloride,9.32765944364622,6.6166510656084405,7.59091053365877,14,simulated
Lake Dubonnet,Lake,2010,Chloride,10.593114859681705,6.578001852374123,8.519436802692665,15,simulated
Lake Dubonnet,Lake,2011,Chloride,8.393087455967496,5.889421589267938,7.420839270193538,23,simulated
Lake Dubonnet,Lake,2012,Chloride,9.107682427429594,5.804473755598547,7.701570717951117,16,simulated
Lake Dubonnet,Lake,2013,Chloride,9.759478085024226,5.759401121227166,7.311547509925966,23,simulated
Lake Dubonnet,Lake,2014,Chloride,10.11598442925188,7.0355897932262055,7.77209609425651,18,simulated
Lake Dubonnet,Lake,2015,Chloride,9.833398016812467,6.292642842756468,7.970251014726656,19,simulated
Lake Dubonnet,Lake,2016,Chloride,9.968042126377746,6.220845031250841,7.938765708093382,23,simulated
Lake Dubonnet,Lake,2017,Chloride,9.123730640086702,5.370391932855332,7.495612092299296,23,simulated
Lake Dubonnet,Lake,2018,Chloride,10.82591312148656,6.5810373585635675,8.108100576278213,20,simulated
Lake Dubonnet,Lake,2019,Chloride,10.703843086039324,5.612733826033045,8.745541140936282,19,simulated
Lake Dubonnet,Lake,2020,Chloride,10.520176221540128,7.531985995087316,8.383881072499799,20,simulated
Lake Dubonnet,Lake,2021,Chloride,11.487046161600315,5.812911736149252,8.701328438062655,22,simulated
Lake Dubonnet,Lake,2022,Chloride,9.751797776308218,6.41330084839113,8.245512407877932,24,simulated
Lake Dubonnet,Lake,2023,Chloride,11.85525015383547,6.151612426751129,8.78394916494525,21,simulated
Lake Dubonnet,Lake,2024,Chloride,9.771220582912308,6.544330489529546,8.65587126709163,24,simulated
Lake Dubonnet,Lake,2025,Chloride,11.065219906540932,5.556767379217658,8.167942691328179,27,simulated
Lake Dubonnet,Lake,2000,Nitrate,13.23900983342103,8.72572093914702,10.893032869502708,22,simulated
Lake Dubonnet,Lake,2001,Nitrate,13.011258460910376,8.413600211136572,9.736864802268604,26,simulated
Lake Dubonnet,Lake,2002,Nitrate,10.240182512968044,6.8545718252523455,9.028800970279766,19,simulated
Lake Dubonnet,Lake,2003,Nitrate,11.130364363190308,8.512938903815071,10.861849224882349,25,simulated
Lake Dubonnet,Lake,2004,Nitrate,13.663096304978929,8.64603598394913,10.539622756020426,29,simulated
Lake Dubonnet,Lake,2005,Nitrate,13.042431433509876,7.798904447181588,10.257546730559934,25,simulated
Lake Dubonnet,Lake,2006,Nitrate,12.516358033376164,7.590448238019827,10.695412619566588,25,simulated
Lake Dubonnet,Lake,2007,Nitrate,12.353171399627207,7.839504503794686,10.484789773289286,25,simulated
Lake Dubonnet,Lake,2008,Nitrate,13.186635815524609,8.091529771545938,11.180817653427068,20,simulated
Lake Dubonnet,Lake,2009,Nitrate,13.273873993558325,6.412399014289671,10.523193954269669,29,simulated
Lake Dubonnet,Lake,2010,Nitrate,12.048253883685753,7.726124142086048,9.994697118566572,24,simulated
Lake Dubonnet,Lake,2011,Nitrate,14.218110499918009,7.997281936024956,11.01750173538188,27,simulated
Lake Dubonnet,Lake,2012,Nitrate,10.63821232292001,8.064852410012211,10.265233450710848,21,simulated
Lake Dubonnet,Lake,2013,Nitrate,12.695296707886575,8.669344710923664,10.686575897816205,23,simulated
Lake Dubonnet,Lake,2014,Nitrate,11.745683204643687,7.961605198258279,10.060248490729254,31,simulated
Lake Dubonnet,Lake,2015,Nitrate,12.253025519523241,7.781009081769211,9.933172980559664,26,simulated
Lake Dubonnet,Lake,2016,Nitrate,12.541471722515675,7.4464017575136054,10.346347233438324,32,simulated
Lake Dubonnet,Lake,2017,Nitrate,13.502229992936215,5.845744382301428,10.27911691576048,27,simulated
Lake Dubonnet,Lake,2018,Nitrate,11.709347742474398,8.439092816630291,10.53114998851299,22,simulated
Lake Dubonnet,Lake,2019,Nitrate,12.64420895191855,7.835560215488205,10.063397752724269,31,simulated
Lake Dubonnet,Lake,2020,Nitrate,11.807015890010387,6.852334404603466,9.114708299909598,27,simulated
Lake Dubonnet,Lake,2021,Nitrate,13.825694618577023,7.111163856933933,9.918547605238151,31,simulated
Lake Dubonnet,Lake,2022,Nitrate,12.911977276480222,7.716746567631243,10.614596221297385,29,simulated
Lake Dubonnet,Lake,2023,Nitrate,12.712693704692247,6.463005820892774,9.950222735645696,25,simulated
Lake Dubonnet,Lake,2024,Nitrate,11.1118859586778,9.270749475786738,9.956102684275889,30,simulated
Lake Dubonnet,Lake,2025,Nitrate,11.411468661807223,9.885426324269378,10.650479084712028,37,simulated
Lake Dubonnet,Lake,2000,Secchi Depth,12.429686961993422,7.913407639139746,10.720619589239272,28,simulated
Lake Dubonnet,Lake,2001,Secchi Depth,13.688197860308765,8.94545369771702,11.491711610221389,22,simulated
Lake Dubonnet,Lake,2002,Secchi Depth,14.510416162012284,8.83773493635786,10.934366216918749,25,simulated
Lake Dubonnet,Lake,2003,Secchi Depth,12.749023622219193,8.054392842779952,10.951473245493595,20,simulated
Lake Dubonnet,Lake,2004,Secchi Depth,11.519610293583327,7.074306465750389,10.099587141697752,26,simulated
Lake Dubonnet,Lake,2005,Secchi Depth,13.413504113361554,6.165935777423766,11.003565794202322,25,simulated
Lake Dubonnet,Lake,2006,Secchi Depth,15.36622623810863,9.853366960476269,11.559132662500994,26,simulated
Lake Dubonnet,Lake,2007,Secchi Depth,12.943399636651662,6.564191053761162,10.320841878529508,23,simulated
Lake Dubonnet,Lake,2008,Secchi Depth,14.614881524410487,7.721261180114441,11.858704089998914,20,simulated
Lake Dubonnet,Lake,2009,Secchi Depth,13.827067696157448,8.609683975197155,10.85624574731538,27,simulated
Lake Dubonnet,Lake,2010,Secchi Depth,11.66614961405348,7.3749326573108025,10.336604790993562,19,simulated
Lake Dubonnet,Lake,2011,Secchi Depth,15.234662249255436,8.919126533372413,11.628299190006205,25,simulated
Lake Dubonnet,Lake,2012,Secchi Depth,14.022735158778161,7.704764562840246,10.777418153097344,29,simulated
Lake Dubonnet,Lake,2013,Secchi Depth,14.230238953616581,6.991205176605553,11.504797102161344,27,simulated
Lake Dubonnet,Lake,2014,Secchi Depth,14.60934040119798,7.359811248722694,10.80928893030458,33,simulated
Lake Dubonnet,Lake,2015,Secchi Depth,12.94789588520234,7.565634229175069,10.984796161821391,30,simulated
Lake Dubonnet,Lake,2016,Secchi Depth,15.493125537460905,8.703468353960353,11.379979079725782,25,simulated
Lake Dubonnet,Lake,2017,Secchi Depth,14.442027375143384,9.573155480668229,11.260192449994484,28,simulated
Lake Dubonnet,Lake,2018,Secchi Depth,12.07353901382497,7.2553733420209525,9.714861883602712,28,simulated
Lake Dubonnet,Lake,2019,Secchi Depth,13.102614512170444,6.5302701422424985,10.3296505854994,23,simulated
Lake Dubonnet,Lake,2020,Secchi Depth,14.825587787373195,10.033682360602931,11.753589279382863,26,simulated
Lake Dubonnet,Lake,2021,Secchi Depth,15.117292615626463,9.004896162235369,11.043218073881462,27,simulated
Lake Dubonnet,Lake,2022,Secchi Depth,12.764706228208812,7.766917858710279,10.791687249767405,23,simulated
Lake Dubonnet,Lake,2023,Secchi Depth,12.3651459758695,8.286379204884724,10.233675951747015,30,simulated
Lake Dubonnet,Lake,2024,Secchi Depth,14.139947755857404,8.293296692056717,10.442973946493993,29,simulated
Lake Dubonnet,Lake,2025,Secchi Depth,11.983912214126773,7.496136646668415,9.8083384841389,25,simulated
Lake Dubonnet,Lake,2000,Total Phosphorus,7.566261033851436,5.832496104122161,6.774702603593741,12,simulated
Lake Dubonnet,Lake,2001,Total Phosphorus,7.674732832791544,5.950213987257724,6.653255613379778,16,simulated
Lake Dubonnet,Lake,2002,Total Phosphorus,7.607879040305896,5.60777753602736,6.520202837991165,18,simulated
Lake Dubonnet,Lake,2003,Total Phosphorus,7.383874652290611,5.9571259701163655,6.678555659924805,14,simulated
Lake Dubonnet,Lake,2004,Total Phosphorus,7.537759352766192,5.898021641994751,6.6725043709810805,14,simulated
Lake Dubonnet,Lake,2005,Total Phosphorus,7.168406345758945,5.885837206443439,6.575611008308827,17,simulated
Lake Dubonnet,Lake,2006,Total Phosphorus,6.540045180066784,5.85368582490644,6.330501787292517,11,simulated
Lake Dubonnet,Lake,2007,Total Phosphorus,7.436758286784745,5.623860755620436,6.523249295920308,16,simulated
Lake Dubonnet,Lake,2008,Total Phosphorus,7.7225060690404765,5.641878598773731,6.679068308452557,18,simulated
Lake Dubonnet,Lake,2009,Total Phosphorus,7.206664052080374,5.345959976615105,6.307910713028651,18,simulated
Lake Dubonnet,Lake,2010,Total Phosphorus,7.179649215754326,5.6861582815045395,6.8064075523150045,11,simulated
Lake Dubonnet,Lake,2011,Total Phosphorus,7.0190275554991866,5.367267622533067,6.277125356382689,15,simulated
Lake Dubonnet,Lake,2012,Total Phosphorus,6.643163303407577,5.655968808502473,6.3620545403062,14,simulated
Lake Dubonnet,Lake,2013,Total Phosphorus,7.361216908933136,5.178715698470575,6.204801657382102,18,simulated
Lake Dubonnet,Lake,2014,Total Phosphorus,6.9194104247971815,5.856106765080159,6.353583708090923,19,simulated
Lake Dubonnet,Lake,2015,Total Phosphorus,7.041373733726015,5.383588227515897,5.957951226212279,22,simulated
Lake Dubonnet,Lake,2016,Total Phosphorus,7.208397285478305,5.584606455172566,6.163243986159188,17,simulated
Lake Dubonnet,Lake,2017,Total Phosphorus,6.62067912259261,4.982414004060628,6.038528829478995,17,simulated
Lake Dubonnet,Lake,2018,Total Phosphorus,6.79265621399901,5.1890861327034905,6.247818601018548,22,simulated
Lake Dubonnet,Lake,2019,Total Phosphorus,7.318909710905059,5.419625997082612,6.386596385291227,20,simulated
Lake Dubonnet,Lake,2020,Total Phosphorus,6.920359858181622,5.199398369356083,6.299048596217554,23,simulated
Lake Dubonnet,Lake,2021,Total Phosphorus,6.494104693161705,5.159985798377471,5.71585477814463,21,simulated
Lake Dubonnet,Lake,2022,Total Phosphorus,7.248997461852036,5.562907753341713,6.513252063961641,17,simulated
Lake Dubonnet,Lake,2023,Total Phosphorus,6.547220782138302,5.38368994374286,6.16783491309476,16,simulated
Lake Dubonnet,Lake,2024,Total Phosphorus,6.2089269559257865,4.963455377551672,5.948929528619618,16,simulated
Lake Dubonnet,Lake,2025,Total Phosphorus,6.959485354604914,5.321239231200025,6.099043336363097,23,simulated
Lime Lake,Lake,2000,Chlorophyll-a,8.907532300960765,6.074291178730907,7.589238110858053,18,simulated
Lime Lake,Lake,2001,Chlorophyll-a,8.899606310799708,5.03205986252234,7.24371908332518,28,simulated
Lime Lake,Lake,2002,Chlorophyll-a,8.701926889370514,5.615063095156861,7.403649313602157,17,simulated
Lime Lake,Lake,2003,Chlorophyll-a,8.19881043891232,4.940412109441673,6.768913768641444,21,simulated
Lime Lake,Lake,2004,Chlorophyll-a,8.33299537806409,5.447498123538163,6.580009252686352,24,simulated
Lime Lake,Lake,2005,Chlorophyll-a,9.368905528413164,5.925888643203884,7.396184044084663,25,simulated
Lime Lake,Lake,2006,Chlorophyll-a,8.546423124925507,5.751709665108305,7.264637811567962,23,simulated
Lime Lake,Lake,2007,Chlorophyll-a,8.659789649869243,5.00028381690257,7.179674559943833,23,simulated
Lime Lake,Lake,2008,Chlorophyll-a,9.66708143950939,4.667483727813888,7.327340834391303,25,simulated
Lime Lake,Lake,2009,Chlorophyll-a,9.375664861813087,5.9951340266927104,7.339372668386771,24,simulated
Lime Lake,Lake,2010,Chlorophyll-a,10.802314691886675,5.281584362297487,7.761313917368416,29,simulated
Lime Lake,Lake,2011,Chlorophyll-a,10.3578938397529,7.147581582348195,7.8056089880085,27,simulated
Lime Lake,Lake,2012,Chlorophyll-a,9.988785036954908,6.373378357558816,7.54220769124699,28,simulated
Lime Lake,Lake,2013,Chlorophyll-a,8.789123905819046,6.378214450887933,7.703402124810117,23,simulated
Lime Lake,Lake,2014,Chlorophyll-a,9.86552787901558,6.515766417696709,7.607452835000976,25,simulated
Lime Lake,Lake,2015,Chlorophyll-a,8.968197277741512,6.32767679313289,7.246218257844792,25,simulated
Lime Lake,Lake,2016,Chlorophyll-a,9.355082694713804,5.672631396786315,7.785719810115115,23,simulated
Lime Lake,Lake,2017,Chlorophyll-a,8.692541565196171,5.36687490832025,6.933744270190742,28,simulated
Lime Lake,Lake,2018,Chlorophyll-a,10.466201548974759,5.8406929820380284,7.989697531088627,25,simulated
Lime Lake,Lake,2019,Chlorophyll-a,9.057865735239435,5.022372348827838,7.088814525295908,29,simulated
Lime Lake,Lake,2020,Chlorophyll-a,9.126473672365664,5.72821362260127,7.748456973734129,24,simulated
Lime Lake,Lake,2021,Chlorophyll-a,9.467888747083082,5.196094744018454,7.309566573082421,33,simulated
Lime Lake,Lake,2022,Chlorophyll-a,9.492988855736922,6.0640981295939325,7.941961907814987,25,simulated
Lime Lake,Lake,2023,Chlorophyll-a,9.72001577353166,6.529373720782805,7.7315812391388095,29,simulated
Lime Lake,Lake,2024,Chlorophyll-a,8.65908130455382,4.841666007437732,7.100463782242873,31,simulated
Lime Lake,Lake,2025,Chlorophyll-a,9.81418783968229,6.4155250794095835,8.007465450888967,27,simulated
Lime Lake,Lake,2000,Chloride,7.766010064570262,5.815166311752042,6.331519291187743,22,simulated
Lime Lake,Lake,2001,Chloride,8.863584922799593,5.652075186741689,7.373125878353108,27,simulated
Lime Lake,Lake,2002,Chloride,9.367352979003348,5.218182898963228,6.9123164237161445,22,simulated
Lime Lake,Lake,2003,Chloride,7.909714891519297,5.302546902309373,6.750612202769788,27,simulated
Lime Lake,Lake,2004,Chloride,8.9231239674574,4.678232725717779,6.926978042492799,27,simulated
Lime Lake,Lake,2005,Chloride,9.334613159499279,5.459900656125207,7.414309267790119,30,simulated
Lime Lake,Lake,2006,Chloride,9.1922632374278,4.684837041057888,6.95042389060665,28,simulated
Lime Lake,Lake,2007,Chloride,8.254189424701377,5.431389894586952,6.952906718700664,30,simulated
Lime Lake,Lake,2008,Chloride,8.544699309458181,5.059449395588748,7.225722631181411,31,simulated
Lime Lake,Lake,2009,Chloride,9.068363626975767,4.504881280356802,6.917488197592951,36,simulated
Lime Lake,Lake,2010,Chloride,10.3361754304849,5.511632544171517,8.178336550351172,29,simulated
Lime Lake,Lake,2011,Chloride,8.211850121856278,6.1480769907256985,7.295914339951031,27,simulated
Lime Lake,Lake,2012,Chloride,9.4895442825112,6.218413518964905,7.933514108287435,31,simulated
Lime Lake,Lake,2013,Chloride,9.778820461836478,6.127591515524836,7.7541084305721455,28,simulated
Lime Lake,Lake,2014,Chloride,9.481116791139602,5.365863055219572,7.333781252315926,35,simulated
Lime Lake,Lake,2015,Chloride,9.268469051032092,5.608280681744564,7.812846924944407,30,simulated
Lime Lake,Lake,2016,Chloride,8.462637815531366,6.781306743258469,8.220796934968163,30,simulated
Lime Lake,Lake,2017,Chloride,10.019750792794946,6.002497919013022,7.885093503741289,30,simulated
Lime Lake,Lake,2018,Chloride,9.823359032614757,7.765782364312367,8.554487372182882,34,simulated
Lime Lake,Lake,2019,Chloride,9.352585159512785,5.691685799946583,8.561662859604585,32,simulated
Lime Lake,Lake,2020,Chloride,8.900841726320833,6.8957396491468055,8.598439220197914,31,simulated
Lime Lake,Lake,2021,Chloride,10.420066658237317,6.1504179611123355,8.070494880738178,38,simulated
Lime Lake,Lake,2022,Chloride,9.783178411085231,6.199938898021921,7.870489833592541,31,simulated
Lime Lake,Lake,2023,Chloride,9.935150451772497,5.591377293503395,8.155925940344398,34,simulated
Lime Lake,Lake,2024,Chloride,11.454249240208444,8.303112382928607,8.602530383114615,36,simulated
Lime Lake,Lake,2025,Chloride,11.310809106900884,6.785921207198575,8.8453441622367,29,simulated
Lime Lake,Lake,2000,Nitrate,10.252909717900168,8.06252555436308,10.135031539519137,15,simulated
Lime Lake,Lake,2001,Nitrate,14.042749748374943,9.334452484683494,11.2071350212244,15,simulated
Lime Lake,Lake,2002,Nitrate,12.201425596961535,8.77447360660004,10.141586285689314,14,simulated
Lime Lake,Lake,2003,Nitrate,14.9758695027188,7.91563352673354,11.079355963290553,17,simulated
Lime Lake,Lake,2004,Nitrate,13.995928382578526,8.139335724962528,11.292831618163817,12,simulated
Lime Lake,Lake,2005,Nitrate,12.828418868597184,8.018993395496118,11.125186241261355,21,simulated
Lime Lake,Lake,2006,Nitrate,13.266748262632497,8.288377216742711,10.747338875125266,15,simulated
Lime Lake,Lake,2007,Nitrate,12.150103972688978,6.909797748083629,10.444557742312258,20,simulated
Lime Lake,Lake,2008,Nitrate,13.000231276668552,8.142696912541101,10.222061596912315,14,simulated
Lime Lake,Lake,2009,Nitrate,14.313015681617403,7.889220872161593,11.370771401678937,20,simulated
Lime Lake,Lake,2010,Nitrate,13.199626102102782,7.727419858204465,10.104066401276542,21,simulated
Lime Lake,Lake,2011,Nitrate,11.68291121836069,7.964333825175527,9.888051970376434,20,simulated
Lime Lake,Lake,2012,Nitrate,13.437540510711177,7.796754613422046,10.833136566990149,16,simulated
Lime Lake,Lake,2013,Nitrate,11.380901632243315,7.312053584705316,9.978631183269185,20,simulated
Lime Lake,Lake,2014,Nitrate,12.710899423146868,7.268239870048433,9.86820501865606,16,simulated
Lime Lake,Lake,2015,Nitrate,12.197490658602428,7.234287478566568,9.566452115073774,19,simulated
Lime Lake,Lake,2016,Nitrate,12.842526230964873,7.712515014871967,10.08537752193633,23,simulated
Lime Lake,Lake,2017,Nitrate,12.736042671147418,6.084624633145983,10.286776830319695,23,simulated
Lime Lake,Lake,2018,Nitrate,13.240625608299807,7.076461157558583,10.445465638964889,21,simulated
Lime Lake,Lake,2019,Nitrate,14.630665877157044,7.684730439928215,10.817302292533174,18,simulated
Lime Lake,Lake,2020,Nitrate,12.852263654591598,7.958961788999204,10.555159014424335,23,simulated
Lime Lake,Lake,2021,Nitrate,12.642061876061625,6.991392848988555,10.130819739815871,22,simulated
Lime Lake,Lake,2022,Nitrate,11.724030586483149,7.325099943128087,10.103099059275442,15,simulated
Lime Lake,Lake,2023,Nitrate,12.315150543696342,7.960346081184612,10.472124603585224,25,simulated
Lime Lake,Lake,2024,Nitrate,13.531868252471018,8.518134979932034,10.869265151444417,23,simulated
Lime Lake,Lake,2025,Nitrate,13.446518429593997,7.840350876608086,10.211526556862308,27,simulated
Lime Lake,Lake,2000,Secchi Depth,9.47681232625861,7.221173311704103,8.23008058760652,23,simulated
Lime Lake,Lake,2001,Secchi Depth,12.889555481437458,8.248191755884683,10.096265256339487,22,simulated
Lime Lake,Lake,2002,Secchi Depth,12.949506165484587,7.277975281524965,10.125382627643113,22,simulated
Lime Lake,Lake,2003,Secchi Depth,9.994550167759307,6.032209620901114,9.083208150747613,21,simulated
Lime Lake,Lake,2004,Secchi Depth,11.780158537695915,7.536322601089507,9.486747783970271,22,simulated
Lime Lake,Lake,2005,Secchi Depth,13.851147323036027,8.197268016525435,11.522141100060225,20,simulated
Lime Lake,Lake,2006,Secchi Depth,11.68981968759675,8.90211816090611,9.892770995198893,24,simulated
Lime Lake,Lake,2007,Secchi Depth,13.938929468730027,7.525059921331449,10.476458703109024,20,simulated
Lime Lake,Lake,2008,Secchi Depth,11.59266686270261,8.009458418296198,9.749378815483952,25,simulated
Lime Lake,Lake,2009,Secchi Depth,10.589834024477565,6.678797172742778,8.987433906449763,25,simulated
Lime Lake,Lake,2010,Secchi Depth,12.473286637299182,7.865796821718202,10.054809621251591,26,simulated
Lime Lake,Lake,2011,Secchi Depth,12.86772745457869,6.733278778939917,10.025018558519118,24,simulated
Lime Lake,Lake,2012,Secchi Depth,12.219740113851008,8.243361704836959,9.973715660681094,35,simulated
Lime Lake,Lake,2013,Secchi Depth,13.375770170442692,7.315186515729085,10.152512773031788,30,simulated
Lime Lake,Lake,2014,Secchi Depth,13.21472615233116,8.14627933625292,10.383609817536852,23,simulated
Lime Lake,Lake,2015,Secchi Depth,11.007632885472711,7.898013282343742,10.17810269223865,28,simulated
Lime Lake,Lake,2016,Secchi Depth,11.48112587979692,7.45499887184007,9.58492793018397,25,simulated
Lime Lake,Lake,2017,Secchi Depth,12.64400879666981,8.719626156411245,10.57592002547619,25,simulated
Lime Lake,Lake,2018,Secchi Depth,11.734528007672726,7.081401563891109,9.24698929717686,24,simulated
Lime Lake,Lake,2019,Secchi Depth,9.671810456822728,7.085647763735006,9.211331535508396,29,simulated
Lime Lake,Lake,2020,Secchi Depth,15.264963717217988,8.06691561833684,10.787670553367674,26,simulated
Lime Lake,Lake,2021,Secchi Depth,13.594332802193854,8.105918810624757,10.681859861406336,32,simulated
Lime Lake,Lake,2022,Secchi Depth,12.941982113805567,7.360958497442848,10.389384758728092,32,simulated
Lime Lake,Lake,2023,Secchi Depth,12.738801194346658,6.759459127101929,9.661175940289382,34,simulated
Lime Lake,Lake,2024,Secchi Depth,14.10287434731774,8.447733101944522,10.069534395684672,27,simulated
Lime Lake,Lake,2025,Secchi Depth,13.410954166626922,7.276419631644595,10.342966569202446,31,simulated
Lime Lake,Lake,2000,Total Phosphorus,6.110448656252096,3.7334910303341844,4.9342498132550645,17,simulated
Lime Lake,Lake,2001,Total Phosphorus,5.944359197337794,3.7965261894718654,4.850733211790491,18,simulated
Lime Lake,Lake,2002,Total Phosphorus,5.833985637729515,4.332481616817004,5.298864615091537,16,simulated
Lime Lake,Lake,2003,Total Phosphorus,6.024317864109903,4.461823996465826,5.000262950968056,23,simulated
Lime Lake,Lake,2004,Total Phosphorus,5.881895943632081,4.119685729850893,5.055859537476413,19,simulated
Lime Lake,Lake,2005,Total Phosphorus,5.593252644227603,3.656373877793623,4.746277909646472,24,simulated
Lime Lake,Lake,2006,Total Phosphorus,5.27799200194789,3.927990878270398,4.6457686194342696,25,simulated
Lime Lake,Lake,2007,Total Phosphorus,6.0090783574585345,3.586613836731911,4.7486047406746685,20,simulated
Lime Lake,Lake,2008,Total Phosphorus,5.910069757646751,3.6483984959525317,4.810985257796509,18,simulated
Lime Lake,Lake,2009,Total Phosphorus,5.231517819959737,3.4046618562142648,4.607318569590003,15,simulated
Lime Lake,Lake,2010,Total Phosphorus,5.285230849173258,3.8759936041074843,4.785581209238209,17,simulated
Lime Lake,Lake,2011,Total Phosphorus,5.128030953625789,3.5336705366503294,4.443789600927348,18,simulated
Lime Lake,Lake,2012,Total Phosphorus,5.4206486672881535,3.4059809907102983,4.529207743085044,26,simulated
Lime Lake,Lake,2013,Total Phosphorus,5.747281263170708,3.8866949775178767,4.843196806646123,23,simulated
Lime Lake,Lake,2014,Total Phosphorus,5.958504943510249,4.095732279965536,4.806861284694484,24,simulated
Lime Lake,Lake,2015,Total Phosphorus,5.58852353750726,3.9052378408115915,4.598145432635694,16,simulated
Lime Lake,Lake,2016,Total Phosphorus,5.462196234732745,3.627645018312871,4.459770251406631,20,simulated
Lime Lake,Lake,2017,Total Phosphorus,5.284251186613102,3.9627168379917874,4.4360838161607665,26,simulated
Lime Lake,Lake,2018,Total Phosphorus,4.994552340521928,3.7785467914073543,4.534110839307964,25,simulated
Lime Lake,Lake,2019,Total Phosphorus,5.467252162164527,3.61036792635189,4.697352874676478,24,simulated
Lime Lake,Lake,2020,Total Phosphorus,5.8102896443713,4.443804576610391,4.725736441505564,26,simulated
Lime Lake,Lake,2021,Total Phosphorus,5.207435589590009,3.314992443405992,4.445358933601597,30,simulated
Lime Lake,Lake,2022,Total Phosphorus,5.168366694571693,3.303401898384283,4.305525173103601,24,simulated
Lime Lake,Lake,2023,Total Phosphorus,5.253068024792287,3.857150804505369,4.538393896409466,26,simulated
Lime Lake,Lake,2024,Total Phosphorus,4.842063870093605,3.4467594212927306,4.322001406602373,26,simulated
Lime Lake,Lake,2025,Total Phosphorus,5.085004479874787,3.5958047594418923,4.354791879528273,33,simulated
Little Glen Lake,Lake,2000,Chlorophyll-a,7.708590425949753,2.756090614980282,6.127689862678252,15,simulated
Little Glen Lake,Lake,2001,Chlorophyll-a,8.25975395991229,3.724029275507073,5.792459249155293,18,simulated
Little Glen Lake,Lake,2002,Chlorophyll-a,8.89578588254114,3.789629159934543,6.131538202865431,21,simulated
Little Glen Lake,Lake,2003,Chlorophyll-a,6.318059691866447,3.7204517471761984,5.596887579916389,15,simulated
Little Glen Lake,Lake,2004,Chlorophyll-a,7.905279473284832,4.333960512080619,5.904150276414436,20,simulated
Little Glen Lake,Lake,2005,Chlorophyll-a,9.150692741886704,4.260030281546339,6.28472010470654,20,simulated
Little Glen Lake,Lake,2006,Chlorophyll-a,9.828799487932645,6.114870598915076,7.434325965804671,20,simulated
Little Glen Lake,Lake,2007,Chlorophyll-a,9.045154645976353,2.7198510426760434,6.388648816229257,24,simulated
Little Glen Lake,Lake,2008,Chlorophyll-a,7.765073109722369,4.42723402498471,5.6385672590028015,22,simulated
Little Glen Lake,Lake,2009,Chlorophyll-a,8.071934887779744,4.483839408093538,5.865537274007027,26,simulated
Little Glen Lake,Lake,2010,Chlorophyll-a,7.721262915176441,4.137885858851989,5.878744709222327,19,simulated
Little Glen Lake,Lake,2011,Chlorophyll-a,6.406008746453297,2.7745827153347147,5.265218319230934,22,simulated
Little Glen Lake,Lake,2012,Chlorophyll-a,7.349483602700921,3.9391793278658143,5.99275648135987,22,simulated
Little Glen Lake,Lake,2013,Chlorophyll-a,9.236220504993161,5.130530497307299,6.532909407948359,19,simulated
Little Glen Lake,Lake,2014,Chlorophyll-a,7.5104607800945224,2.9658511250661994,5.591538862940545,26,simulated
Little Glen Lake,Lake,2015,Chlorophyll-a,8.953906072359729,3.940387830394468,6.747410454017435,30,simulated
Little Glen Lake,Lake,2016,Chlorophyll-a,8.4419499441659,3.9269199525617826,6.504799988027454,23,simulated
Little Glen Lake,Lake,2017,Chlorophyll-a,7.77470913545129,3.4752877923257945,5.93510493447081,25,simulated
Little Glen Lake,Lake,2018,Chlorophyll-a,9.059557042828253,2.5879027377626156,6.255085387453693,24,simulated
Little Glen Lake,Lake,2019,Chlorophyll-a,9.339448970055255,3.109735552423122,7.146388616297314,22,simulated
Little Glen Lake,Lake,2020,Chlorophyll-a,8.125418839041544,4.920773176372777,6.749115530011549,19,simulated
Little Glen Lake,Lake,2021,Chlorophyll-a,9.096320967090348,3.1614638556530505,6.418019084620761,23,simulated
Little Glen Lake,Lake,2022,Chlorophyll-a,8.349130467670879,3.918302654808123,6.324040988310365,21,simulated
Little Glen Lake,Lake,2023,Chlorophyll-a,8.75496062656727,3.957576250438419,6.512144989160293,31,simulated
Little Glen Lake,Lake,2024,Chlorophyll-a,9.401890255758566,5.19519516939674,6.244036962746547,25,simulated
Little Glen Lake,Lake,2025,Chlorophyll-a,7.313271604670027,3.6932562276154486,5.461386755907165,25,simulated
Little Glen Lake,Lake,2000,Chloride,8.153427034085587,4.709577685718407,6.333197827910482,24,simulated
Little Glen Lake,Lake,2001,Chloride,9.399995374078449,4.463314742383046,6.5250355717122535,22,simulated
Little Glen Lake,Lake,2002,Chloride,8.265412626114433,5.477543972896468,6.917280813022946,28,simulated
Little Glen Lake,Lake,2003,Chloride,9.595995813192824,5.596588852305,7.367176697844865,28,simulated
Little Glen Lake,Lake,2004,Chloride,8.78694334094009,5.323467274900589,7.2008359727281706,29,simulated
Little Glen Lake,Lake,2005,Chloride,8.530343904644326,5.1916832636659525,7.1470169348853965,28,simulated
Little Glen Lake,Lake,2006,Chloride,8.987428404830444,5.206360075508349,7.127320901110284,29,simulated
Little Glen Lake,Lake,2007,Chloride,9.312455000907443,5.150908124796582,7.317514118937942,31,simulated
Little Glen Lake,Lake,2008,Chloride,10.863545656978662,4.8951647539337255,7.2857797950439,33,simulated
Little Glen Lake,Lake,2009,Chloride,8.48815245440518,4.8132061088869165,6.804831101576763,24,simulated
Little Glen Lake,Lake,2010,Chloride,8.593058029921536,5.1462990872318475,7.3253368771216785,29,simulated
Little Glen Lake,Lake,2011,Chloride,8.836742041097997,5.938865693558959,6.886050779563496,31,simulated
Little Glen Lake,Lake,2012,Chloride,8.185521057443749,5.46920991745239,7.449024868437892,28,simulated
Little Glen Lake,Lake,2013,Chloride,9.099414910320876,5.080547551215378,7.252766073118318,37,simulated
Little Glen Lake,Lake,2014,Chloride,10.945677289279477,5.90055550391722,8.665758438540895,30,simulated
Little Glen Lake,Lake,2015,Chloride,10.011012805874236,5.991463265329593,7.559743888127225,32,simulated
Little Glen Lake,Lake,2016,Chloride,9.35755247962549,5.523234033476917,6.99203912793975,34,simulated
Little Glen Lake,Lake,2017,Chloride,9.323520624118583,5.974683335683606,7.627971439116752,31,simulated
Little Glen Lake,Lake,2018,Chloride,9.983869261116102,5.559216745290659,7.98706049400224,27,simulated
Little Glen Lake,Lake,2019,Chloride,10.315915373281484,5.639758861422623,8.584743114828969,32,simulated
Little Glen Lake,Lake,2020,Chloride,8.896986143426494,5.840470672676121,7.583352332767997,37,simulated
Little Glen Lake,Lake,2021,Chloride,9.220040859712524,4.780294999811531,7.168552726361422,33,simulated
Little Glen Lake,Lake,2022,Chloride,9.72035969461069,6.094822227667699,8.366673428018641,32,simulated
Little Glen Lake,Lake,2023,Chloride,9.06148883481751,5.513307446158825,7.371456914086474,37,simulated
Little Glen Lake,Lake,2024,Chloride,9.331070231123794,5.949991688522198,7.88320513465641,34,simulated
Little Glen Lake,Lake,2025,Chloride,10.477067732266272,5.455374300973149,8.02831556363852,33,simulated
Little Glen Lake,Lake,2000,Nitrate,11.845947597301631,8.87866491822686,10.840435350101686,24,simulated
Little Glen Lake,Lake,2001,Nitrate,12.750363329191705,8.890937865279202,11.352062092435755,23,simulated
Little Glen Lake,Lake,2002,Nitrate,11.97199076477013,9.043954160281743,10.791226240187134,26,simulated
Little Glen Lake,Lake,2003,Nitrate,11.65128921460108,9.825328529693035,10.869166412797751,23,simulated
Little Glen Lake,Lake,2004,Nitrate,12.596747783196122,8.942666104458635,10.275796815479673,18,simulated
Little Glen Lake,Lake,2005,Nitrate,12.016788256387365,8.523253906750337,10.069440362802103,26,simulated
Little Glen Lake,Lake,2006,Nitrate,11.52093517484783,8.031442726713664,10.400598188034529,20,simulated
Little Glen Lake,Lake,2007,Nitrate,11.961477735999022,9.535222520476633,10.382695010972272,25,simulated
Little Glen Lake,Lake,2008,Nitrate,11.531953115543386,8.052375330419007,9.956997842894484,28,simulated
Little Glen Lake,Lake,2009,Nitrate,12.174712911535853,8.709212896571614,10.223975841096731,25,simulated
Little Glen Lake,Lake,2010,Nitrate,11.481845200595071,8.554912615398472,10.380953946174214,19,simulated
Little Glen Lake,Lake,2011,Nitrate,12.264289200662544,8.927024591524136,10.335427835272354,21,simulated
Little Glen Lake,Lake,2012,Nitrate,11.56566329602408,9.26271283639825,10.349912139235473,28,simulated
Little Glen Lake,Lake,2013,Nitrate,11.110893979319943,8.48265584099899,10.247673318300016,24,simulated
Little Glen Lake,Lake,2014,Nitrate,11.659389064937995,8.281592650750213,9.955857903144627,25,simulated
Little Glen Lake,Lake,2015,Nitrate,11.857084342086006,8.120704095132272,9.92221678837085,27,simulated
Little Glen Lake,Lake,2016,Nitrate,12.084096736967805,8.315721484340427,9.669551923558307,27,simulated
Little Glen Lake,Lake,2017,Nitrate,11.553921633025722,9.378215513440846,10.60015334215322,26,simulated
Little Glen Lake,Lake,2018,Nitrate,11.698042237708364,9.249748466974332,9.997942175601697,25,simulated
Little Glen Lake,Lake,2019,Nitrate,11.109467160293583,8.158119808664768,9.890124644215948,25,simulated
Little Glen Lake,Lake,2020,Nitrate,11.306888060710024,8.107789562888229,9.634314306958506,29,simulated
Little Glen Lake,Lake,2021,Nitrate,11.684118338816802,9.75148599659838,10.833088451031356,28,simulated
Little Glen Lake,Lake,2022,Nitrate,10.359747129444807,8.404866284981843,9.527797255824588,26,simulated
Little Glen Lake,Lake,2023,Nitrate,10.747750445756406,8.528662148898507,9.701439293777597,31,simulated
Little Glen Lake,Lake,2024,Nitrate,11.366906388743434,9.161573173533835,9.936969366720996,27,simulated
Little Glen Lake,Lake,2025,Nitrate,11.094744677807537,8.906518516448791,9.9635299832275,25,simulated
Little Glen Lake,Lake,2000,Secchi Depth,11.439689113008978,8.293126242924188,9.713140516676283,6,simulated
Little Glen Lake,Lake,2001,Secchi Depth,11.763854065226592,8.555190146268648,10.011266967997829,6,simulated
Little Glen Lake,Lake,2002,Secchi Depth,11.947418110497926,9.241416088432029,10.62895076903006,6,simulated
Little Glen Lake,Lake,2003,Secchi Depth,11.428292615136009,8.32028670220304,9.834497770610776,9,simulated
Little Glen Lake,Lake,2004,Secchi Depth,11.219339103241845,8.080283885967129,10.2491491945699,9,simulated
Little Glen Lake,Lake,2005,Secchi Depth,12.333459880798927,8.762043172773545,9.929039513622326,9,simulated
Little Glen Lake,Lake,2006,Secchi Depth,11.684415016300086,8.14594299162263,10.105742757578348,6,simulated
Little Glen Lake,Lake,2007,Secchi Depth,11.032740991124944,8.812250508349704,9.6216061210718,12,simulated
Little Glen Lake,Lake,2008,Secchi Depth,12.73588613265117,8.706008088043525,10.157842323345852,11,simulated
Little Glen Lake,Lake,2009,Secchi Depth,11.285113363015011,8.609037035522208,10.186784834686325,12,simulated
Little Glen Lake,Lake,2010,Secchi Depth,11.696897305466488,7.789692999216422,10.501472113327958,6,simulated
Little Glen Lake,Lake,2011,Secchi Depth,11.590605770406091,8.753095111498403,10.391916439647847,12,simulated
Little Glen Lake,Lake,2012,Secchi Depth,11.489864028289771,9.26005280353249,9.834087353935958,8,simulated
Little Glen Lake,Lake,2013,Secchi Depth,12.871104740107608,10.03704780656198,10.778681041011431,10,simulated
Little Glen Lake,Lake,2014,Secchi Depth,12.635345505947125,8.629297617611101,10.442354494236382,13,simulated
Little Glen Lake,Lake,2015,Secchi Depth,13.63987376653469,8.328125000367447,10.45612994565282,12,simulated
Little Glen Lake,Lake,2016,Secchi Depth,10.970697403449368,8.403146207844113,10.390027475406152,10,simulated
Little Glen Lake,Lake,2017,Secchi Depth,12.273871908872891,8.359227060649523,10.2005335906664,13,simulated
Little Glen Lake,Lake,2018,Secchi Depth,12.026045339224568,8.081594964516938,10.520145767183806,8,simulated
Little Glen Lake,Lake,2019,Secchi Depth,12.152398025283905,9.111376266387321,10.644736930582583,17,simulated
Little Glen Lake,Lake,2020,Secchi Depth,11.113889241797857,7.624179733068879,9.749756972012731,13,simulated
Little Glen Lake,Lake,2021,Secchi Depth,11.548115150638347,9.364413586880156,10.2648687274341,17,simulated
Little Glen Lake,Lake,2022,Secchi Depth,13.09115379621905,9.098085362444628,10.400313696430358,13,simulated
Little Glen Lake,Lake,2023,Secchi Depth,12.9188715031222,9.79361785506539,10.630186462562062,13,simulated
Little Glen Lake,Lake,2024,Secchi Depth,12.947485387096995,9.296722489084665,11.037296837358488,12,simulated
Little Glen Lake,Lake,2025,Secchi Depth,12.715321562995978,8.505838988033203,10.241649007952107,18,simulated
Little Glen Lake,Lake,2000,Total Phosphorus,8.245789919257055,5.184690768305204,6.5002204809048845,31,simulated
Little Glen Lake,Lake,2001,Total Phosphorus,7.470995326478148,4.962400606153347,6.0969801574169775,26,simulated
Little Glen Lake,Lake,2002,Total Phosphorus,6.922712394939425,4.347079049970982,5.497724683298064,30,simulated
Little Glen Lake,Lake,2003,Total Phosphorus,8.126674375927713,4.133659734267772,5.960448765887402,28,simulated
Little Glen Lake,Lake,2004,Total Phosphorus,7.303777442392991,4.380618036580628,5.712960109206291,24,simulated
Little Glen Lake,Lake,2005,Total Phosphorus,7.455457350316129,5.194553924467554,6.101728064348777,36,simulated
Little Glen Lake,Lake,2006,Total Phosphorus,6.841379962543652,3.48528747580351,5.643056277324069,33,simulated
Little Glen Lake,Lake,2007,Total Phosphorus,7.840708838919666,4.6024080932744,6.337902007321456,33,simulated
Little Glen Lake,Lake,2008,Total Phosphorus,8.171447155879338,5.093950356651607,5.953587921057427,32,simulated
Little Glen Lake,Lake,2009,Total Phosphorus,7.28029598207115,4.613242929465185,5.88970085777457,28,simulated
Little Glen Lake,Lake,2010,Total Phosphorus,7.661388751354229,4.55280779023234,6.137154953693491,31,simulated
Little Glen Lake,Lake,2011,Total Phosphorus,7.531039426761268,3.861960844460249,6.205055369668702,35,simulated
Little Glen Lake,Lake,2012,Total Phosphorus,7.780859370806084,4.866398032175741,5.840530006073199,30,simulated
Little Glen Lake,Lake,2013,Total Phosphorus,7.7621719829461675,3.76230286321914,5.557340829043943,26,simulated
Little Glen Lake,Lake,2014,Total Phosphorus,6.667342541563326,3.351580843383209,5.194170180931238,33,simulated
Little Glen Lake,Lake,2015,Total Phosphorus,6.934754344795208,4.401820109703654,5.5210840290511385,34,simulated
Little Glen Lake,Lake,2016,Total Phosphorus,6.9037921307467665,4.249166359611923,5.511559560576172,35,simulated
Little Glen Lake,Lake,2017,Total Phosphorus,6.1210500090442705,4.730680437712621,5.714556771531573,37,simulated
Little Glen Lake,Lake,2018,Total Phosphorus,7.227849693891718,4.236994645022662,5.53562550373942,37,simulated
Little Glen Lake,Lake,2019,Total Phosphorus,7.351246094617195,4.392988579751736,5.834778246406542,36,simulated
Little Glen Lake,Lake,2020,Total Phosphorus,6.9049763635569645,3.7742446412405655,5.386302636456052,39,simulated
Little Glen Lake,Lake,2021,Total Phosphorus,6.618284799843707,3.6973402840460086,5.531284312912032,31,simulated
Little Glen Lake,Lake,2022,Total Phosphorus,7.192175866337438,4.748886746926097,5.8902586821306215,38,simulated
Little Glen Lake,Lake,2023,Total Phosphorus,6.817260871795392,5.019747575574943,5.592330763279138,38,simulated
Little Glen Lake,Lake,2024,Total Phosphorus,7.208800444236657,4.085581040929586,5.434781340513572,33,simulated
Little Glen Lake,Lake,2025,Total Phosphorus,6.394941584378414,3.812250724350811,5.235507644372024,32,simulated
Little Platte Lake,Lake,2000,Chlorophyll-a,7.442243865252856,4.150507035666452,6.001713037490831,19,simulated
Little Platte Lake,Lake,2001,Chlorophyll-a,7.83596540907097,5.063201687324005,6.579812425526528,19,simulated
Little Platte Lake,Lake,2002,Chlorophyll-a,6.755043740545231,3.778913995775474,6.076746943245053,19,simulated
Little Platte Lake,Lake,2003,Chlorophyll-a,7.310014813827975,4.859564004754613,6.010526008609558,23,simulated
Little Platte Lake,Lake,2004,Chlorophyll-a,7.890524499162667,4.273913115761282,6.135284086785905,22,simulated
Little Platte Lake,Lake,2005,Chlorophyll-a,7.952285669193129,5.0931442338432245,6.849293737563254,22,simulated
Little Platte Lake,Lake,2006,Chlorophyll-a,8.191794072558077,4.366130041539808,6.4417376829976485,17,simulated
Little Platte Lake,Lake,2007,Chlorophyll-a,9.110343759182669,4.698923232528316,6.395227145430994,20,simulated
Little Platte Lake,Lake,2008,Chlorophyll-a,8.733669834777823,5.467751988573193,6.453163626808488,25,simulated
Little Platte Lake,Lake,2009,Chlorophyll-a,9.895234123791955,5.099901454738691,7.049254670837966,22,simulated
Little Platte Lake,Lake,2010,Chlorophyll-a,8.144846120716188,4.03143675944908,6.255012811780297,24,simulated
Little Platte Lake,Lake,2011,Chlorophyll-a,9.726941766052438,5.215548762149168,7.125381718457253,28,simulated
Little Platte Lake,Lake,2012,Chlorophyll-a,8.126433222454041,4.471543836772744,6.706782534156847,26,simulated
Little Platte Lake,Lake,2013,Chlorophyll-a,8.022486308760616,5.363623016599465,6.585886608093524,24,simulated
Little Platte Lake,Lake,2014,Chlorophyll-a,8.08813643382315,5.6461620286026815,7.716204724442912,22,simulated
Little Platte Lake,Lake,2015,Chlorophyll-a,8.577698964187714,4.897341059384858,6.276563749064731,16,simulated
Little Platte Lake,Lake,2016,Chlorophyll-a,9.207698037572824,4.414625320080844,6.5988228655821946,24,simulated
Little Platte Lake,Lake,2017,Chlorophyll-a,7.673988783732451,4.552583192385248,6.261780221811078,24,simulated
Little Platte Lake,Lake,2018,Chlorophyll-a,9.012201729408744,4.857397817924385,7.210905438173378,26,simulated
Little Platte Lake,Lake,2019,Chlorophyll-a,9.137599531774324,4.846403420168311,7.556427732167813,25,simulated
Little Platte Lake,Lake,2020,Chlorophyll-a,9.869942015001742,5.1076641054494765,7.583841746502504,25,simulated
Little Platte Lake,Lake,2021,Chlorophyll-a,10.116019736087395,5.255723894946351,7.429193977385532,20,simulated
Little Platte Lake,Lake,2022,Chlorophyll-a,7.738916940245626,5.556073078556346,6.854498203312696,23,simulated
Little Platte Lake,Lake,2023,Chlorophyll-a,8.883574205972272,4.973427821810623,6.814561668660909,28,simulated
Little Platte Lake,Lake,2024,Chlorophyll-a,7.838774114717043,4.854436519712014,6.281277313370722,32,simulated
Little Platte Lake,Lake,2025,Chlorophyll-a,10.138738190484052,6.002009898920809,7.923358682266083,27,simulated
Little Platte Lake,Lake,2000,Chloride,8.693540750511866,4.365655991565744,7.012099658379061,8,simulated
Little Platte Lake,Lake,2001,Chloride,7.6098313514294915,5.01692137569665,6.333559159620011,7,simulated
Little Platte Lake,Lake,2002,Chloride,8.670898915410447,5.440292645775195,6.919799673699893,6,simulated
Little Platte Lake,Lake,2003,Chloride,7.793155163460432,4.119087220063673,6.511692524227334,12,simulated
Little Platte Lake,Lake,2004,Chloride,9.391187373611482,5.270832423234264,7.3025365249117185,7,simulated
Little Platte Lake,Lake,2005,Chloride,8.720111847770475,4.249127469806176,7.065136333379968,6,simulated
Little Platte Lake,Lake,2006,Chloride,8.336176071225182,5.589481188907227,7.213791556150481,10,simulated
Little Platte Lake,Lake,2007,Chloride,9.436979622934562,4.912846184037127,6.798260687906565,9,simulated
Little Platte Lake,Lake,2008,Chloride,9.388375653241011,6.027779605462097,7.57204798710737,9,simulated
Little Platte Lake,Lake,2009,Chloride,9.761671542894858,5.961598648856301,8.309941364078943,7,simulated
Little Platte Lake,Lake,2010,Chloride,8.783993872425716,5.841736640893085,6.928870154680951,10,simulated
Little Platte Lake,Lake,2011,Chloride,9.441390145012605,5.5667726422415456,7.331665268940311,8,simulated
Little Platte Lake,Lake,2012,Chloride,8.728553846127134,6.460584965882113,7.695540129837355,11,simulated
Little Platte Lake,Lake,2013,Chloride,10.557042715069386,5.313297627336697,8.058650543683687,6,simulated
Little Platte Lake,Lake,2014,Chloride,8.924979750470754,4.916562062322376,7.478672142837406,8,simulated
Little Platte Lake,Lake,2015,Chloride,9.152443763181646,5.545146964369485,6.415069485654423,15,simulated
Little Platte Lake,Lake,2016,Chloride,11.451355715181279,5.225297382823886,8.634099562250269,8,simulated
Little Platte Lake,Lake,2017,Chloride,10.514283659713659,4.268986158235187,8.423938623401515,9,simulated
Little Platte Lake,Lake,2018,Chloride,8.789213351637525,5.149323704829929,7.2105575163846,10,simulated
Little Platte Lake,Lake,2019,Chloride,10.051176406528649,6.097071379919177,7.895089229698375,8,simulated
Little Platte Lake,Lake,2020,Chloride,12.20673554549074,4.384752620359004,9.151790693448008,6,simulated
Little Platte Lake,Lake,2021,Chloride,11.764349643599934,7.625889123409248,9.19222691894061,11,simulated
Little Platte Lake,Lake,2022,Chloride,11.396774391627808,6.460757074722539,9.019276963219822,13,simulated
Little Platte Lake,Lake,2023,Chloride,10.945580161199473,5.977830601325946,8.505324440452709,12,simulated
Little Platte Lake,Lake,2024,Chloride,10.768876969117613,5.286410285464932,8.748852312584798,12,simulated
Little Platte Lake,Lake,2025,Chloride,10.936290720052,6.001701271709482,8.728508253779216,13,simulated
Little Platte Lake,Lake,2000,Nitrate,13.085055570062563,8.688429361670913,10.957769657962537,26,simulated
Little Platte Lake,Lake,2001,Nitrate,12.480574388345978,8.972437708209704,10.76281716834759,23,simulated
Little Platte Lake,Lake,2002,Nitrate,13.679816907145764,8.782511704875057,10.848634004223404,19,simulated
Little Platte Lake,Lake,2003,Nitrate,12.043758584459473,9.8682089817282,11.167537081175448,28,simulated
Little Platte Lake,Lake,2004,Nitrate,13.418310590882305,10.37832283829396,11.472824509082688,24,simulated
Little Platte Lake,Lake,2005,Nitrate,11.495908676641301,8.796238645240004,10.600381960294,28,simulated
Little Platte Lake,Lake,2006,Nitrate,11.30646284297364,9.242443707149018,10.8622187404951,24,simulated
Little Platte Lake,Lake,2007,Nitrate,12.886005378563436,8.78417656797959,10.92397695565234,27,simulated
Little Platte Lake,Lake,2008,Nitrate,12.126766433503212,8.683345524137199,10.348894864549672,28,simulated
Little Platte Lake,Lake,2009,Nitrate,12.341351887520835,8.847004305598363,10.724127121381857,29,simulated
Little Platte Lake,Lake,2010,Nitrate,11.701653109651117,9.237214525392032,10.09076767050698,25,simulated
Little Platte Lake,Lake,2011,Nitrate,13.097215283617032,7.369429941554976,9.935991754051996,32,simulated
Little Platte Lake,Lake,2012,Nitrate,12.394065807793044,9.071155924314532,10.75760437410535,27,simulated
Little Platte Lake,Lake,2013,Nitrate,12.404892008757779,8.344775330110823,10.42316257020297,24,simulated
Little Platte Lake,Lake,2014,Nitrate,12.032179737795806,9.309751115318795,10.621908304251486,29,simulated
Little Platte Lake,Lake,2015,Nitrate,12.38463588982541,8.608583217973331,10.499927880130809,30,simulated
Little Platte Lake,Lake,2016,Nitrate,11.631636752134593,9.074008796448991,10.087206521031224,31,simulated
Little Platte Lake,Lake,2017,Nitrate,11.927147393476167,8.469201308715027,10.42049702090559,35,simulated
Little Platte Lake,Lake,2018,Nitrate,12.449032992432139,8.45944135302694,9.920578500004446,30,simulated
Little Platte Lake,Lake,2019,Nitrate,13.34881267562777,9.09834282039056,10.91369017468626,31,simulated
Little Platte Lake,Lake,2020,Nitrate,11.491420954047639,7.851956567476051,9.80783471473649,28,simulated
Little Platte Lake,Lake,2021,Nitrate,10.7467969983405,9.163474460752457,10.2261977473681,34,simulated
Little Platte Lake,Lake,2022,Nitrate,11.315609143498317,8.57245233729346,9.86510020471246,33,simulated
Little Platte Lake,Lake,2023,Nitrate,13.576770777458552,8.494430554624005,10.454883935364572,31,simulated
Little Platte Lake,Lake,2024,Nitrate,11.620057447582829,7.367166830095183,10.073892337043596,27,simulated
Little Platte Lake,Lake,2025,Nitrate,12.157037373411697,8.39340049661148,9.969144290857294,37,simulated
Little Platte Lake,Lake,2000,Secchi Depth,11.463474153405418,8.424481983030002,9.649298695042969,7,simulated
Little Platte Lake,Lake,2001,Secchi Depth,10.899659115971058,8.758462469670038,10.001348284502036,6,simulated
Little Platte Lake,Lake,2002,Secchi Depth,10.275824537638913,8.317905399884559,9.477876898121757,10,simulated
Little Platte Lake,Lake,2003,Secchi Depth,11.044264528498037,8.224602419687614,9.393558887572086,7,simulated
Little Platte Lake,Lake,2004,Secchi Depth,11.044011783392206,7.933835875759128,9.191585680159024,9,simulated
Little Platte Lake,Lake,2005,Secchi Depth,11.049034893357469,8.933829559831647,10.213295656575673,7,simulated
Little Platte Lake,Lake,2006,Secchi Depth,11.794171931023708,8.177956691563239,9.787632375407986,6,simulated
Little Platte Lake,Lake,2007,Secchi Depth,12.764431399693862,9.143792622242248,11.03683737887408,6,simulated
Little Platte Lake,Lake,2008,Secchi Depth,11.65639901480443,8.581650830957914,9.669463997597692,10,simulated
Little Platte Lake,Lake,2009,Secchi Depth,11.187818300497238,7.638348248544281,9.715647388956157,9,simulated
Little Platte Lake,Lake,2010,Secchi Depth,10.234257790434471,8.785032036868193,9.862803575525223,12,simulated
Little Platte Lake,Lake,2011,Secchi Depth,11.674685744371274,9.361656892459678,10.171981333216328,10,simulated
Little Platte Lake,Lake,2012,Secchi Depth,11.965807680823161,8.224218597786512,9.938252134122324,6,simulated
Little Platte Lake,Lake,2013,Secchi Depth,11.519132689220354,9.138148300230611,10.34697959801735,7,simulated
Little Platte Lake,Lake,2014,Secchi Depth,11.137444694722522,8.134755079971107,9.797439216888565,10,simulated
Little Platte Lake,Lake,2015,Secchi Depth,11.091111915814611,9.25539842469524,9.672979693974238,6,simulated
Little Platte Lake,Lake,2016,Secchi Depth,9.735287092806157,7.448856189907526,9.543044181198583,15,simulated
Little Platte Lake,Lake,2017,Secchi Depth,11.596073757053432,7.659174634268389,9.4093644187499,12,simulated
Little Platte Lake,Lake,2018,Secchi Depth,11.181203978179772,9.191561101362439,10.046634750685728,15,simulated
Little Platte Lake,Lake,2019,Secchi Depth,11.955294373407593,9.27267913932568,10.146474087468532,6,simulated
Little Platte Lake,Lake,2020,Secchi Depth,11.562378444054602,7.71213647030361,10.047597907665626,15,simulated
Little Platte Lake,Lake,2021,Secchi Depth,13.043926897248063,9.455719277927383,10.751801362518917,18,simulated
Little Platte Lake,Lake,2022,Secchi Depth,12.638642374300154,9.51902064284093,10.76873620075436,8,simulated
Little Platte Lake,Lake,2023,Secchi Depth,11.689839077238151,9.713004444486977,10.21948437075513,15,simulated
Little Platte Lake,Lake,2024,Secchi Depth,10.805543889123857,8.361662878312158,9.705910008663777,13,simulated
Little Platte Lake,Lake,2025,Secchi Depth,12.12953108989417,8.709512097606735,10.177185820456655,8,simulated
Little Platte Lake,Lake,2000,Total Phosphorus,10.438173030018568,6.20027421662995,8.792839994451938,15,simulated
Little Platte Lake,Lake,2001,Total Phosphorus,10.625392441133304,5.125665235818763,7.952150223419445,16,simulated
Little Platte Lake,Lake,2002,Total Phosphorus,10.600991886603396,7.970455367658645,8.898755709170059,19,simulated
Little Platte Lake,Lake,2003,Total Phosphorus,8.722068874630002,4.853613687444344,7.2911194780585,12,simulated
Little Platte Lake,Lake,2004,Total Phosphorus,9.110429321990836,5.600808626764339,7.353130057428282,11,simulated
Little Platte Lake,Lake,2005,Total Phosphorus,9.952032026268288,4.592145629023301,8.214827073195412,15,simulated
Little Platte Lake,Lake,2006,Total Phosphorus,10.116638961382199,5.277111164198222,8.117202325583445,12,simulated
Little Platte Lake,Lake,2007,Total Phosphorus,9.79523448599277,5.251418321025078,7.677451764333326,16,simulated
Little Platte Lake,Lake,2008,Total Phosphorus,11.592194254249506,5.608108857785279,8.468771772104958,19,simulated
Little Platte Lake,Lake,2009,Total Phosphorus,10.486396352083261,6.570773330793762,8.280600257084131,16,simulated
Little Platte Lake,Lake,2010,Total Phosphorus,9.720094436661492,4.728591121189483,8.418886037610857,14,simulated
Little Platte Lake,Lake,2011,Total Phosphorus,10.965573954529377,4.157339250199435,7.8572213321012345,19,simulated
Little Platte Lake,Lake,2012,Total Phosphorus,10.01946877444623,5.502949392984373,8.207600741974845,22,simulated
Little Platte Lake,Lake,2013,Total Phosphorus,9.821720799853813,4.299854956070524,7.6161582681632956,14,simulated
Little Platte Lake,Lake,2014,Total Phosphorus,11.872834234150815,6.723153036761479,8.898359734839005,22,simulated
Little Platte Lake,Lake,2015,Total Phosphorus,9.653639191550557,5.7057457040201225,7.355515968146962,22,simulated
Little Platte Lake,Lake,2016,Total Phosphorus,12.30886924819517,6.205957409548779,8.845460631771854,23,simulated
Little Platte Lake,Lake,2017,Total Phosphorus,10.336004333455456,5.153945443228051,7.729914596524136,24,simulated
Little Platte Lake,Lake,2018,Total Phosphorus,8.488397374019419,5.15497316358203,6.965621586868123,28,simulated
Little Platte Lake,Lake,2019,Total Phosphorus,12.415918882016172,5.4895858771158075,8.347152405195782,20,simulated
Little Platte Lake,Lake,2020,Total Phosphorus,10.06655675243403,5.203134968791993,7.672863584777644,22,simulated
Little Platte Lake,Lake,2021,Total Phosphorus,10.264921546674529,6.354765484411068,8.008503164383965,21,simulated
Little Platte Lake,Lake,2022,Total Phosphorus,11.263633580320533,5.381443146223075,8.161891054075138,22,simulated
Little Platte Lake,Lake,2023,Total Phosphorus,10.109627396677368,4.827797313101871,7.677169911903192,27,simulated
Little Platte Lake,Lake,2024,Total Phosphorus,9.542502550708642,4.950674553025064,7.1743364477207505,19,simulated
Little Platte Lake,Lake,2025,Total Phosphorus,12.012353906092317,4.782833517449692,7.928011050508009,20,simulated
Little Traverse Lake,Lake,2000,Chlorophyll-a,8.905041088327966,6.197487348141308,7.275838052682254,9,simulated
Little Traverse Lake,Lake,2001,Chlorophyll-a,7.88430126112308,6.033034723300144,6.866576432149178,7,simulated
Little Traverse Lake,Lake,2002,Chlorophyll-a,9.249169739224527,5.226439480571757,7.298548967738232,15,simulated
Little Traverse Lake,Lake,2003,Chlorophyll-a,9.640798394378951,5.041348386497321,7.169094482324185,10,simulated
Little Traverse Lake,Lake,2004,Chlorophyll-a,8.72815688538432,5.902295304670259,7.587605985688962,7,simulated
Little Traverse Lake,Lake,2005,Chlorophyll-a,8.839085274943717,5.174867723957716,7.156441346796583,7,simulated
Little Traverse Lake,Lake,2006,Chlorophyll-a,8.699891695529415,5.9268426477080185,7.509844783314373,14,simulated
Little Traverse Lake,Lake,2007,Chlorophyll-a,10.239899564386674,6.496432969434467,8.088834948894599,9,simulated
Little Traverse Lake,Lake,2008,Chlorophyll-a,8.381499957751199,6.08737311464399,7.4454148653924594,11,simulated
Little Traverse Lake,Lake,2009,Chlorophyll-a,8.991830721453931,5.9579209899780325,7.299374657923816,14,simulated
Little Traverse Lake,Lake,2010,Chlorophyll-a,8.697607935778498,6.744661282475268,7.565940140001656,10,simulated
Little Traverse Lake,Lake,2011,Chlorophyll-a,8.609944391909696,5.652516413134784,7.234864365727936,12,simulated
Little Traverse Lake,Lake,2012,Chlorophyll-a,9.366294851811453,6.5714357748667895,8.216290746435115,12,simulated
Little Traverse Lake,Lake,2013,Chlorophyll-a,9.393378850603773,5.639446828826085,7.498863591867404,14,simulated
Little Traverse Lake,Lake,2014,Chlorophyll-a,8.501573886226803,5.843583215281456,7.381356446085015,14,simulated
Little Traverse Lake,Lake,2015,Chlorophyll-a,8.930580806654214,5.831703754157227,7.224205560840152,12,simulated
Little Traverse Lake,Lake,2016,Chlorophyll-a,9.38112557856836,6.750228053686487,7.938485714735205,13,simulated
Little Traverse Lake,Lake,2017,Chlorophyll-a,9.445013813707872,6.263833463334938,7.8992348230328036,12,simulated
Little Traverse Lake,Lake,2018,Chlorophyll-a,9.036556590060197,5.61208655160125,7.458187364640241,9,simulated
Little Traverse Lake,Lake,2019,Chlorophyll-a,9.110769628473893,6.830024762734459,7.879025119967807,15,simulated
Little Traverse Lake,Lake,2020,Chlorophyll-a,8.721178936751553,5.683136262024615,7.175353459261952,20,simulated
Little Traverse Lake,Lake,2021,Chlorophyll-a,10.133949018318326,6.125554266097202,7.821327582953629,12,simulated
Little Traverse Lake,Lake,2022,Chlorophyll-a,9.19545661386827,6.693638862653502,7.959070890663718,13,simulated
Little Traverse Lake,Lake,2023,Chlorophyll-a,10.772266333359955,7.0448141915110245,8.456229148740972,13,simulated
Little Traverse Lake,Lake,2024,Chlorophyll-a,9.827589424808046,5.950494546166203,7.596370935377946,18,simulated
Little Traverse Lake,Lake,2025,Chlorophyll-a,8.590155237716198,6.4536935487372835,7.450076429546495,17,simulated
Little Traverse Lake,Lake,2000,Chloride,7.409217827322712,3.4503247565561836,6.079487327986928,21,simulated
Little Traverse Lake,Lake,2001,Chloride,8.852944450537132,4.7909282612119455,6.542296912142687,23,simulated
Little Traverse Lake,Lake,2002,Chloride,7.59761844130113,4.669682925027642,5.921776952452363,21,simulated
Little Traverse Lake,Lake,2003,Chloride,8.23901214307912,4.629378327955164,6.678233209523211,24,simulated
Little Traverse Lake,Lake,2004,Chloride,8.207995235014879,4.447784069684264,7.0396273263807485,23,simulated
Little Traverse Lake,Lake,2005,Chloride,7.449484290611883,4.528263793184799,6.210008214340662,21,simulated
Little Traverse Lake,Lake,2006,Chloride,6.99575361023566,3.8266069531822557,6.145156290231164,28,simulated
Little Traverse Lake,Lake,2007,Chloride,9.58872921959605,4.808321825183269,7.52826140319387,27,simulated
Little Traverse Lake,Lake,2008,Chloride,7.8122186808473835,5.422009468844309,6.649832527967161,23,simulated
Little Traverse Lake,Lake,2009,Chloride,9.341846715964998,5.84288739689106,7.467668268448695,27,simulated
Little Traverse Lake,Lake,2010,Chloride,9.648236708858224,4.521558754477075,6.967318544508116,27,simulated
Little Traverse Lake,Lake,2011,Chloride,9.629542035530294,6.667981948704128,7.024701469959492,28,simulated
Little Traverse Lake,Lake,2012,Chloride,9.339977532861601,5.438484273648137,7.353982102799296,21,simulated
Little Traverse Lake,Lake,2013,Chloride,8.63508715366304,5.761105471497126,6.823063323817177,29,simulated
Little Traverse Lake,Lake,2014,Chloride,10.476443552715317,5.627791120338915,7.344216476957981,25,simulated
Little Traverse Lake,Lake,2015,Chloride,9.434666160293073,5.392301854183463,7.173012480557679,26,simulated
Little Traverse Lake,Lake,2016,Chloride,8.474350108494152,5.1463847760538,6.801898721083962,35,simulated
Little Traverse Lake,Lake,2017,Chloride,8.825209610693713,5.897150600475007,7.634025702483653,29,simulated
Little Traverse Lake,Lake,2018,Chloride,9.680316934329248,6.061204981145416,7.418321042980682,27,simulated
Little Traverse Lake,Lake,2019,Chloride,10.099078685387134,4.066639182030572,7.533566901682901,22,simulated
Little Traverse Lake,Lake,2020,Chloride,8.663938027192088,4.076633558714482,7.095640289085579,33,simulated
Little Traverse Lake,Lake,2021,Chloride,11.03278988089503,6.997987694658172,8.509535619837667,25,simulated
Little Traverse Lake,Lake,2022,Chloride,10.237016880146346,4.924083696193802,8.236038287279705,26,simulated
Little Traverse Lake,Lake,2023,Chloride,10.5025268351506,6.346586408757465,8.35096610309536,28,simulated
Little Traverse Lake,Lake,2024,Chloride,8.334315341830855,5.587025135113569,7.795121388966601,34,simulated
Little Traverse Lake,Lake,2025,Chloride,8.97245462145356,5.238620540323053,7.151908353702524,32,simulated
Little Traverse Lake,Lake,2000,Nitrate,12.709409470820628,8.925569604098204,10.541401731295329,16,simulated
Little Traverse Lake,Lake,2001,Nitrate,13.053886305041189,8.547885966650774,10.140139497188008,16,simulated
Little Traverse Lake,Lake,2002,Nitrate,11.882930324943327,7.865856124619006,10.401514676971772,17,simulated
Little Traverse Lake,Lake,2003,Nitrate,12.592255449513177,8.32352741683853,10.3392877065255,18,simulated
Little Traverse Lake,Lake,2004,Nitrate,12.406831914135973,8.619018597835208,10.659722898286423,16,simulated
Little Traverse Lake,Lake,2005,Nitrate,13.086047794494196,9.466666067779913,10.622433505887022,22,simulated
Little Traverse Lake,Lake,2006,Nitrate,12.155423558061537,8.280196648115336,10.399067159170372,15,simulated
Little Traverse Lake,Lake,2007,Nitrate,11.526179217170423,8.802151353229382,10.026361168018168,16,simulated
Little Traverse Lake,Lake,2008,Nitrate,12.881113064289906,9.260458709835758,10.424851206615008,27,simulated
Little Traverse Lake,Lake,2009,Nitrate,11.515510370510153,8.536843791250059,10.063175842093209,16,simulated
Little Traverse Lake,Lake,2010,Nitrate,10.583632985564957,8.29749911912066,9.643053156755984,15,simulated
Little Traverse Lake,Lake,2011,Nitrate,11.285507151491792,8.31296955766329,9.873260013267252,22,simulated
Little Traverse Lake,Lake,2012,Nitrate,12.040827859705619,9.064237152507182,10.027971673475118,14,simulated
Little Traverse Lake,Lake,2013,Nitrate,12.786356245655648,8.063974220881809,10.31172819646338,20,simulated
Little Traverse Lake,Lake,2014,Nitrate,11.580293888627743,7.623180679482543,9.856157611726411,27,simulated
Little Traverse Lake,Lake,2015,Nitrate,11.657240021682007,8.765914632709682,9.429655659474417,16,simulated
Little Traverse Lake,Lake,2016,Nitrate,10.87121495848576,7.716606624348621,9.880137944604968,15,simulated
Little Traverse Lake,Lake,2017,Nitrate,11.316050649938655,8.603441284643761,9.86772028732403,17,simulated
Little Traverse Lake,Lake,2018,Nitrate,11.38605035297695,7.762660325564747,9.861206640473208,25,simulated
Little Traverse Lake,Lake,2019,Nitrate,11.756173140661565,8.429008821908955,10.104422669996143,26,simulated
Little Traverse Lake,Lake,2020,Nitrate,11.861070240411609,8.381206710404653,10.106941195448774,21,simulated
Little Traverse Lake,Lake,2021,Nitrate,11.402222267957322,7.953646736105828,9.467339153014889,25,simulated
Little Traverse Lake,Lake,2022,Nitrate,10.809429832781834,7.250505142256182,9.426585680387667,27,simulated
Little Traverse Lake,Lake,2023,Nitrate,10.86504440797943,8.254144704638202,9.236259978738412,29,simulated
Little Traverse Lake,Lake,2024,Nitrate,11.494703605534571,7.878334538652999,9.849835613710065,23,simulated
Little Traverse Lake,Lake,2025,Nitrate,11.327378103444286,7.8201283743565195,10.093327626746072,17,simulated
Little Traverse Lake,Lake,2000,Secchi Depth,12.248619411673415,5.58069935233162,9.731890928413144,8,simulated
Little Traverse Lake,Lake,2001,Secchi Depth,14.601127385849864,6.37219516995339,9.88330762801798,16,simulated
Little Traverse Lake,Lake,2002,Secchi Depth,13.51771316492854,7.858744472285981,9.958519923907405,14,simulated
Little Traverse Lake,Lake,2003,Secchi Depth,14.172050338601338,6.2365747379141965,11.015681606458248,18,simulated
Little Traverse Lake,Lake,2004,Secchi Depth,15.57679767943591,8.977603473522882,11.160492742677617,12,simulated
Little Traverse Lake,Lake,2005,Secchi Depth,12.629612785091082,6.245577225512996,10.02851650179434,14,simulated
Little Traverse Lake,Lake,2006,Secchi Depth,16.569070486497047,8.192794803613022,11.062522682652371,12,simulated
Little Traverse Lake,Lake,2007,Secchi Depth,15.552491676162427,7.284918941981731,10.49056131288313,14,simulated
Little Traverse Lake,Lake,2008,Secchi Depth,13.308591687765464,6.215090303825128,10.27543853787608,13,simulated
Little Traverse Lake,Lake,2009,Secchi Depth,14.027249040377885,6.616814179339749,10.97169676110236,20,simulated
Little Traverse Lake,Lake,2010,Secchi Depth,11.08096853279596,5.357663581272951,10.320907899576406,15,simulated
Little Traverse Lake,Lake,2011,Secchi Depth,14.219327957553809,7.9445095579190355,11.942276586627894,18,simulated
Little Traverse Lake,Lake,2012,Secchi Depth,11.015744869458223,5.714112888779839,9.139388507378902,17,simulated
Little Traverse Lake,Lake,2013,Secchi Depth,13.44174378033031,6.951370088360643,9.904410116106208,15,simulated
Little Traverse Lake,Lake,2014,Secchi Depth,13.408845825692067,6.532579315732448,10.238610015759168,18,simulated
Little Traverse Lake,Lake,2015,Secchi Depth,12.912196565475488,6.554380996553898,10.71818082827211,21,simulated
Little Traverse Lake,Lake,2016,Secchi Depth,15.000293474051038,7.611514617788969,11.4133501874529,16,simulated
Little Traverse Lake,Lake,2017,Secchi Depth,14.483682351485228,8.745697515876836,10.380628405658156,22,simulated
Little Traverse Lake,Lake,2018,Secchi Depth,12.938358413080515,5.764234754335112,9.257702649990318,17,simulated
Little Traverse Lake,Lake,2019,Secchi Depth,12.773388075981986,6.892277011780459,11.13031362080143,19,simulated
Little Traverse Lake,Lake,2020,Secchi Depth,14.736212296972157,8.052821645522357,11.079692332277617,22,simulated
Little Traverse Lake,Lake,2021,Secchi Depth,10.667243125110025,7.009327278523635,8.883542765155903,19,simulated
Little Traverse Lake,Lake,2022,Secchi Depth,15.074440212954693,5.298913854421338,10.496962998678336,21,simulated
Little Traverse Lake,Lake,2023,Secchi Depth,13.111539230846898,5.581454187096443,9.207741297999624,20,simulated
Little Traverse Lake,Lake,2024,Secchi Depth,12.495817516767428,6.797206972589478,9.99058875410988,22,simulated
Little Traverse Lake,Lake,2025,Secchi Depth,12.40621462598742,7.593286456624871,9.812335420463072,15,simulated
Little Traverse Lake,Lake,2000,Total Phosphorus,7.59313773916329,5.153040640324342,6.109750930071504,12,simulated
Little Traverse Lake,Lake,2001,Total Phosphorus,7.750512906077654,4.485295888081278,6.213910657749954,9,simulated
Little Traverse Lake,Lake,2002,Total Phosphorus,6.57354938404814,4.73743713845286,5.539547294662762,13,simulated
Little Traverse Lake,Lake,2003,Total Phosphorus,7.377347873615661,3.867993676641757,5.725373388886096,17,simulated
Little Traverse Lake,Lake,2004,Total Phosphorus,7.509012171476909,4.536692461650503,5.86748099531301,16,simulated
Little Traverse Lake,Lake,2005,Total Phosphorus,8.105788052248283,3.938870783781961,5.9625548962947565,18,simulated
Little Traverse Lake,Lake,2006,Total Phosphorus,6.767241734832978,3.6298916076517527,5.056131413199701,13,simulated
Little Traverse Lake,Lake,2007,Total Phosphorus,6.444048925333268,4.552279045880395,5.391295462506141,19,simulated
Little Traverse Lake,Lake,2008,Total Phosphorus,7.231910864566707,3.593391155236959,5.5360220129529605,14,simulated
Little Traverse Lake,Lake,2009,Total Phosphorus,6.855450293546914,3.7303632399970175,5.830930243253193,20,simulated
Little Traverse Lake,Lake,2010,Total Phosphorus,8.250419067059566,4.382859276462083,6.360347284683738,15,simulated
Little Traverse Lake,Lake,2011,Total Phosphorus,6.61176745415186,4.436154660788375,5.474506539191983,18,simulated
Little Traverse Lake,Lake,2012,Total Phosphorus,5.943172461482539,3.944251369127601,5.07801933468395,21,simulated
Little Traverse Lake,Lake,2013,Total Phosphorus,7.100542508375826,4.168044426493855,5.606462133222293,16,simulated
Little Traverse Lake,Lake,2014,Total Phosphorus,6.140447383152736,4.720242056526549,5.855936264182858,17,simulated
Little Traverse Lake,Lake,2015,Total Phosphorus,6.089514071260467,3.431913816315229,5.453126296718758,21,simulated
Little Traverse Lake,Lake,2016,Total Phosphorus,6.305231070485748,3.8029219777342025,5.114775163205138,17,simulated
Little Traverse Lake,Lake,2017,Total Phosphorus,7.069702159820235,5.384714794897423,5.647092480684352,14,simulated
Little Traverse Lake,Lake,2018,Total Phosphorus,6.734910343035595,4.029741678425216,5.526756465899715,24,simulated
Little Traverse Lake,Lake,2019,Total Phosphorus,5.638044966828124,3.8931716304519517,4.992279816324568,17,simulated
Little Traverse Lake,Lake,2020,Total Phosphorus,6.37861097234244,4.087453397862711,5.380442583116828,19,simulated
Little Traverse Lake,Lake,2021,Total Phosphorus,7.050351360651533,4.321654661588481,5.531027491284948,22,simulated
Little Traverse Lake,Lake,2022,Total Phosphorus,7.157097259002332,3.8577094103963825,5.553535536950186,17,simulated
Little Traverse Lake,Lake,2023,Total Phosphorus,6.420699961148644,3.4644729517877617,5.15867099415714,16,simulated
Little Traverse Lake,Lake,2024,Total Phosphorus,6.715561149488642,3.6993562657890626,5.044904958139039,20,simulated
Little Traverse Lake,Lake,2025,Total Phosphorus,6.977849699004028,4.2638542901533985,5.472190560545597,15,simulated
Long Lake (Grand Traverse),Lake,2000,Chlorophyll-a,7.289599430944574,5.337312074676253,6.465711515538309,21,simulated
Long Lake (Grand Traverse),Lake,2001,Chlorophyll-a,7.184533634524359,5.5678236588982095,6.371945046813551,17,simulated
Long Lake (Grand Traverse),Lake,2002,Chlorophyll-a,6.979424403024286,5.023977627526623,6.091823805529361,22,simulated
Long Lake (Grand Traverse),Lake,2003,Chlorophyll-a,8.160841003829411,5.5201793179680685,6.89162856125353,11,simulated
Long Lake (Grand Traverse),Lake,2004,Chlorophyll-a,7.214344164187142,5.161245891910409,6.5574410877109885,18,simulated
Long Lake (Grand Traverse),Lake,2005,Chlorophyll-a,7.925211932671681,6.195835759635809,6.918380496489448,17,simulated
Long Lake (Grand Traverse),Lake,2006,Chlorophyll-a,7.596333665074636,4.740788978187958,6.530789881827103,17,simulated
Long Lake (Grand Traverse),Lake,2007,Chlorophyll-a,7.116920127563006,5.105060566218923,6.407368399864921,20,simulated
Long Lake (Grand Traverse),Lake,2008,Chlorophyll-a,8.438082429580318,5.616628491445032,6.727528365653599,22,simulated
Long Lake (Grand Traverse),Lake,2009,Chlorophyll-a,7.453505915936122,5.182599930381449,6.637669752490964,23,simulated
Long Lake (Grand Traverse),Lake,2010,Chlorophyll-a,7.274040270990131,4.610716010862223,6.425645259270865,22,simulated
Long Lake (Grand Traverse),Lake,2011,Chlorophyll-a,7.96500812190786,6.462708852477162,7.132477821567574,20,simulated
Long Lake (Grand Traverse),Lake,2012,Chlorophyll-a,8.317234489226932,5.609259153393348,6.630702981865557,23,simulated
Long Lake (Grand Traverse),Lake,2013,Chlorophyll-a,7.572037645492169,6.048603655322788,6.349096844093337,23,simulated
Long Lake (Grand Traverse),Lake,2014,Chlorophyll-a,8.055661288885902,5.941988579657078,7.200324309088163,26,simulated
Long Lake (Grand Traverse),Lake,2015,Chlorophyll-a,8.245720790885473,5.519560608914018,6.758558086573693,25,simulated
Long Lake (Grand Traverse),Lake,2016,Chlorophyll-a,7.949185085457181,5.659919716411116,6.764343796608345,23,simulated
Long Lake (Grand Traverse),Lake,2017,Chlorophyll-a,7.648650942704988,5.6310173287796665,6.493117062301661,21,simulated
Long Lake (Grand Traverse),Lake,2018,Chlorophyll-a,8.553993778811545,6.976243052144872,7.450312832618436,22,simulated
Long Lake (Grand Traverse),Lake,2019,Chlorophyll-a,7.538474679223257,5.454862934397775,6.682638551358175,23,simulated
Long Lake (Grand Traverse),Lake,2020,Chlorophyll-a,8.361644712140123,5.395318353316327,7.074428413016376,24,simulated
Long Lake (Grand Traverse),Lake,2021,Chlorophyll-a,8.351639684638934,6.340288305843646,7.337611873771516,26,simulated
Long Lake (Grand Traverse),Lake,2022,Chlorophyll-a,9.089504775073088,5.8868823779686075,7.241146718955429,27,simulated
Long Lake (Grand Traverse),Lake,2023,Chlorophyll-a,7.8772112849552185,6.520936584198349,7.146148553574821,25,simulated
Long Lake (Grand Traverse),Lake,2024,Chlorophyll-a,8.360013407274888,5.469357264351565,6.734613620203175,26,simulated
Long Lake (Grand Traverse),Lake,2025,Chlorophyll-a,8.13055435821203,5.98934251785457,7.010941542859623,26,simulated
Long Lake (Grand Traverse),Lake,2000,Chloride,6.796075390217592,5.052609640406047,6.117523128648667,26,simulated
Long Lake (Grand Traverse),Lake,2001,Chloride,6.4467070814610885,5.5856678403424755,5.97983784481958,21,simulated
Long Lake (Grand Traverse),Lake,2002,Chloride,7.175291766871967,5.138548376619658,6.286048540717926,25,simulated
Long Lake (Grand Traverse),Lake,2003,Chloride,7.185748857018954,5.226920178827457,6.623203793636431,19,simulated
Long Lake (Grand Traverse),Lake,2004,Chloride,6.968372692020964,5.399743537137598,6.4014050539619225,21,simulated
Long Lake (Grand Traverse),Lake,2005,Chloride,7.311472654847893,4.967804410143182,6.573884879328383,21,simulated
Long Lake (Grand Traverse),Lake,2006,Chloride,7.597424872531814,5.434274217607226,6.807687927454082,15,simulated
Long Lake (Grand Traverse),Lake,2007,Chloride,7.6721919337413516,5.592007793719376,6.884307850130292,18,simulated
Long Lake (Grand Traverse),Lake,2008,Chloride,7.761704036601678,5.155806902595309,6.54825634197088,19,simulated
Long Lake (Grand Traverse),Lake,2009,Chloride,8.103077404658006,5.874513407761789,7.1328556707728366,25,simulated
Long Lake (Grand Traverse),Lake,2010,Chloride,8.329637325633918,6.939758524714355,7.232228470400108,25,simulated
Long Lake (Grand Traverse),Lake,2011,Chloride,8.086065638569119,5.803096763529746,6.719352358582081,24,simulated
Long Lake (Grand Traverse),Lake,2012,Chloride,7.708460598534028,5.365537240878716,6.861077819978748,26,simulated
Long Lake (Grand Traverse),Lake,2013,Chloride,8.552452738620177,6.546571192393129,7.45215928878027,23,simulated
Long Lake (Grand Traverse),Lake,2014,Chloride,8.443560422854626,6.095387015072051,7.16787073874312,27,simulated
Long Lake (Grand Traverse),Lake,2015,Chloride,7.129113255697367,5.946003247921443,6.681696337230098,24,simulated
Long Lake (Grand Traverse),Lake,2016,Chloride,7.28219689081889,5.249731535685978,6.96440144129933,24,simulated
Long Lake (Grand Traverse),Lake,2017,Chloride,8.641112293530304,5.570140701513738,7.341465506489744,24,simulated
Long Lake (Grand Traverse),Lake,2018,Chloride,8.476770385001718,6.315438213924722,7.159145762170565,27,simulated
Long Lake (Grand Traverse),Lake,2019,Chloride,9.363263367840663,6.188239037526545,7.432985504962904,24,simulated
Long Lake (Grand Traverse),Lake,2020,Chloride,8.90756881300637,6.653055792881332,7.626460794324811,28,simulated
Long Lake (Grand Traverse),Lake,2021,Chloride,9.718762453731433,6.561479227341539,8.10021415932367,22,simulated
Long Lake (Grand Traverse),Lake,2022,Chloride,8.835833181016358,6.257418609173758,7.676851922560699,23,simulated
Long Lake (Grand Traverse),Lake,2023,Chloride,9.56114951826432,6.516162254630202,8.139392815563625,28,simulated
Long Lake (Grand Traverse),Lake,2024,Chloride,10.319427747664523,6.851284259590463,8.318149125223831,26,simulated
Long Lake (Grand Traverse),Lake,2025,Chloride,8.88554949446476,5.864397697424007,8.396974720737179,26,simulated
Long Lake (Grand Traverse),Lake,2000,Nitrate,13.214289181875982,8.738757976465772,10.641982469959313,16,simulated
Long Lake (Grand Traverse),Lake,2001,Nitrate,13.211668617659848,7.134590634319613,10.83286305443672,19,simulated
Long Lake (Grand Traverse),Lake,2002,Nitrate,14.505444080839705,7.796390888016962,11.658257739058842,17,simulated
Long Lake (Grand Traverse),Lake,2003,Nitrate,16.102535676864484,9.853738098459527,11.703475195141332,19,simulated
Long Lake (Grand Traverse),Lake,2004,Nitrate,13.445530835995626,8.77580845697085,11.691828227162455,23,simulated
Long Lake (Grand Traverse),Lake,2005,Nitrate,12.196824707207071,7.885896011670976,10.681508509234591,20,simulated
Long Lake (Grand Traverse),Lake,2006,Nitrate,13.346254674114942,9.444354801820676,11.453083480110974,21,simulated
Long Lake (Grand Traverse),Lake,2007,Nitrate,12.494423787783319,9.066321700231292,10.277125671824288,18,simulated
Long Lake (Grand Traverse),Lake,2008,Nitrate,11.332234717024392,8.086244975090516,10.273489126667494,23,simulated
Long Lake (Grand Traverse),Lake,2009,Nitrate,11.533626548231577,7.568623653699468,9.49174129807781,23,simulated
Long Lake (Grand Traverse),Lake,2010,Nitrate,15.29837587538083,9.420723421220623,11.569882552753228,21,simulated
Long Lake (Grand Traverse),Lake,2011,Nitrate,12.501806119545515,7.745482480803441,10.218932531824988,23,simulated
Long Lake (Grand Traverse),Lake,2012,Nitrate,12.638383954436646,8.825588136416117,10.576699661667046,25,simulated
Long Lake (Grand Traverse),Lake,2013,Nitrate,11.909480019839375,8.725324662553032,10.143827619615433,22,simulated
Long Lake (Grand Traverse),Lake,2014,Nitrate,13.919154761290507,8.532609821303229,10.948833259185978,20,simulated
Long Lake (Grand Traverse),Lake,2015,Nitrate,12.035786795026826,7.896672541546556,10.368987690343344,30,simulated
Long Lake (Grand Traverse),Lake,2016,Nitrate,13.140551657303398,8.50095073257946,9.864855288231952,23,simulated
Long Lake (Grand Traverse),Lake,2017,Nitrate,14.361779375475994,7.803582100723011,10.736717664005416,25,simulated
Long Lake (Grand Traverse),Lake,2018,Nitrate,11.993392978496129,8.772734144234429,9.7495390978205,29,simulated
Long Lake (Grand Traverse),Lake,2019,Nitrate,12.165586089645714,8.258191757083106,10.02973412865993,37,simulated
Long Lake (Grand Traverse),Lake,2020,Nitrate,11.975809413024457,7.512937889732485,9.357835442852718,23,simulated
Long Lake (Grand Traverse),Lake,2021,Nitrate,12.429836235684018,8.007535470607293,9.681503996766663,28,simulated
Long Lake (Grand Traverse),Lake,2022,Nitrate,12.165967320470783,8.611658996803873,10.469667229503784,25,simulated
Long Lake (Grand Traverse),Lake,2023,Nitrate,11.043893457724879,6.236971628877896,9.35975288570677,26,simulated
Long Lake (Grand Traverse),Lake,2024,Nitrate,10.815224909790555,8.055553688841645,9.58016537656182,26,simulated
Long Lake (Grand Traverse),Lake,2025,Nitrate,12.771429839154813,6.487205134050806,10.300253311761216,25,simulated
Long Lake (Grand Traverse),Lake,2000,Secchi Depth,12.763732783238055,8.225716064209138,9.626742758268763,28,simulated
Long Lake (Grand Traverse),Lake,2001,Secchi Depth,12.535832080996784,8.36343727028887,11.043231836333964,18,simulated
Long Lake (Grand Traverse),Lake,2002,Secchi Depth,12.577415916707485,8.864697633317652,10.544613561884224,20,simulated
Long Lake (Grand Traverse),Lake,2003,Secchi Depth,12.595468806574816,8.22930870063535,10.775170670240898,28,simulated
Long Lake (Grand Traverse),Lake,2004,Secchi Depth,11.450128330957629,8.597168066592292,10.276264249849506,24,simulated
Long Lake (Grand Traverse),Lake,2005,Secchi Depth,12.917512414966506,8.440620904793558,10.350766931695563,23,simulated
Long Lake (Grand Traverse),Lake,2006,Secchi Depth,14.746289937536893,7.494036772855383,10.74964527662107,22,simulated
Long Lake (Grand Traverse),Lake,2007,Secchi Depth,14.224854360127448,7.34975398996601,9.919247790505857,24,simulated
Long Lake (Grand Traverse),Lake,2008,Secchi Depth,12.989922157180427,7.9049060227129795,10.407203120600837,22,simulated
Long Lake (Grand Traverse),Lake,2009,Secchi Depth,13.391410576274602,7.043337475749732,10.130269865761566,32,simulated
Long Lake (Grand Traverse),Lake,2010,Secchi Depth,12.741204142378201,7.334146458289743,10.128721643777547,26,simulated
Long Lake (Grand Traverse),Lake,2011,Secchi Depth,12.042158730848984,6.168175221553938,9.428354628298951,27,simulated
Long Lake (Grand Traverse),Lake,2012,Secchi Depth,13.958562640041482,9.090020711589379,11.475432989393395,29,simulated
Long Lake (Grand Traverse),Lake,2013,Secchi Depth,12.927878894110165,8.135651503959846,10.299045131874566,30,simulated
Long Lake (Grand Traverse),Lake,2014,Secchi Depth,14.603943260437477,9.731846761165908,11.409151725317372,31,simulated
Long Lake (Grand Traverse),Lake,2015,Secchi Depth,13.6382107984539,8.982598720683848,11.371889869390063,31,simulated
Long Lake (Grand Traverse),Lake,2016,Secchi Depth,12.348426952926596,6.886846081172459,9.994420584864278,26,simulated
Long Lake (Grand Traverse),Lake,2017,Secchi Depth,12.527638356393659,6.733394925940204,10.128163249573316,28,simulated
Long Lake (Grand Traverse),Lake,2018,Secchi Depth,16.02123032148599,8.490066924267653,12.315295609973209,31,simulated
Long Lake (Grand Traverse),Lake,2019,Secchi Depth,13.79730102919902,10.533376228800435,11.853149701059827,28,simulated
Long Lake (Grand Traverse),Lake,2020,Secchi Depth,13.374979178574673,7.355486521007998,10.80885478648037,29,simulated
Long Lake (Grand Traverse),Lake,2021,Secchi Depth,15.17302151160154,9.809854595168801,10.999284596190645,31,simulated
Long Lake (Grand Traverse),Lake,2022,Secchi Depth,13.896952161303231,7.2758010105015805,10.485512849776152,32,simulated
Long Lake (Grand Traverse),Lake,2023,Secchi Depth,14.914039142344508,8.750394443051446,11.140358217089007,25,simulated
Long Lake (Grand Traverse),Lake,2024,Secchi Depth,13.010852055096693,7.411825541382111,10.46809408593697,33,simulated
Long Lake (Grand Traverse),Lake,2025,Secchi Depth,12.256611043938472,8.29076276218158,9.693928697209746,30,simulated
Long Lake (Grand Traverse),Lake,2000,Total Phosphorus,8.660858655546361,5.6167168658589794,7.013059269294889,13,simulated
Long Lake (Grand Traverse),Lake,2001,Total Phosphorus,10.008161703671762,5.292390035919186,7.274854989095432,7,simulated
Long Lake (Grand Traverse),Lake,2002,Total Phosphorus,9.183146733069595,5.948924045887578,7.142352075466382,15,simulated
Long Lake (Grand Traverse),Lake,2003,Total Phosphorus,9.55692322608878,4.607754132560745,7.099821787817962,9,simulated
Long Lake (Grand Traverse),Lake,2004,Total Phosphorus,9.076655309454324,4.79668448723157,7.094594229750576,15,simulated
Long Lake (Grand Traverse),Lake,2005,Total Phosphorus,7.885121139403752,5.8142181851653945,6.64651713686116,18,simulated
Long Lake (Grand Traverse),Lake,2006,Total Phosphorus,8.116312903137837,5.405681994878602,6.517911582215023,14,simulated
Long Lake (Grand Traverse),Lake,2007,Total Phosphorus,8.494888080241093,6.271392199103915,6.775871213212476,21,simulated
Long Lake (Grand Traverse),Lake,2008,Total Phosphorus,7.827001883190608,5.476231708219883,6.688831400651228,12,simulated
Long Lake (Grand Traverse),Lake,2009,Total Phosphorus,7.609060408488401,4.45767809715266,6.290618905381687,20,simulated
Long Lake (Grand Traverse),Lake,2010,Total Phosphorus,7.9463864619327325,5.152307201729464,6.501263027489776,19,simulated
Long Lake (Grand Traverse),Lake,2011,Total Phosphorus,8.530487938674256,4.611450350618454,6.314095233330575,12,simulated
Long Lake (Grand Traverse),Lake,2012,Total Phosphorus,6.533874427064853,5.227509158134555,5.999748526830327,25,simulated
Long Lake (Grand Traverse),Lake,2013,Total Phosphorus,8.851505504569577,4.727409459303416,6.6924623788967015,17,simulated
Long Lake (Grand Traverse),Lake,2014,Total Phosphorus,7.301497871385957,5.006958091377204,6.238849621190058,15,simulated
Long Lake (Grand Traverse),Lake,2015,Total Phosphorus,7.829391935534368,5.237689344991818,6.871558875493509,14,simulated
Long Lake (Grand Traverse),Lake,2016,Total Phosphorus,7.4085648342912656,4.317424095520454,5.609280886870192,18,simulated
Long Lake (Grand Traverse),Lake,2017,Total Phosphorus,7.645605139855764,5.062549635119255,5.931766301514247,18,simulated
Long Lake (Grand Traverse),Lake,2018,Total Phosphorus,8.079221812472861,5.14852576014547,6.092608466186507,19,simulated
Long Lake (Grand Traverse),Lake,2019,Total Phosphorus,8.30658329659559,4.457616186542835,6.420221922082043,18,simulated
Long Lake (Grand Traverse),Lake,2020,Total Phosphorus,8.498902598880091,4.514142651157889,6.143907035840053,21,simulated
Long Lake (Grand Traverse),Lake,2021,Total Phosphorus,7.762632194356167,4.1862830445054655,6.080624214462626,19,simulated
Long Lake (Grand Traverse),Lake,2022,Total Phosphorus,6.844245602798702,4.131930036739158,5.583553856416045,14,simulated
Long Lake (Grand Traverse),Lake,2023,Total Phosphorus,6.990937689557878,4.173285375778595,5.542730699615808,20,simulated
Long Lake (Grand Traverse),Lake,2024,Total Phosphorus,7.928780259099973,5.2992610967554645,5.9827022881552665,14,simulated
Long Lake (Grand Traverse),Lake,2025,Total Phosphorus,6.398061822901317,4.236298355675332,5.415130153354147,22,simulated
Long Lake (Missaukee),Lake,2000,Chlorophyll-a,6.978443925928973,5.2039324954042465,6.22821093215159,6,simulated
Long Lake (Missaukee),Lake,2001,Chlorophyll-a,7.621768199346538,5.473269281232213,6.590198252247274,6,simulated
Long Lake (Missaukee),Lake,2002,Chlorophyll-a,7.135493204407441,4.282781275944398,5.974253718293851,6,simulated
Long Lake (Missaukee),Lake,2003,Chlorophyll-a,8.668473575012264,6.542080989017878,6.586776096574342,9,simulated
Long Lake (Missaukee),Lake,2004,Chlorophyll-a,7.390602834258775,4.793307449266909,6.187162795585683,9,simulated
Long Lake (Missaukee),Lake,2005,Chlorophyll-a,8.68938413910274,5.4631473854205215,6.858532332552137,8,simulated
Long Lake (Missaukee),Lake,2006,Chlorophyll-a,7.550400459714286,5.646389817257928,6.272601374323202,9,simulated
Long Lake (Missaukee),Lake,2007,Chlorophyll-a,7.226775489162042,4.808385605725513,6.165339182421105,7,simulated
Long Lake (Missaukee),Lake,2008,Chlorophyll-a,7.891515181446755,5.120613859311873,6.6512211056418895,13,simulated
Long Lake (Missaukee),Lake,2009,Chlorophyll-a,7.565646437704652,4.845969876179231,6.351244686711284,6,simulated
Long Lake (Missaukee),Lake,2010,Chlorophyll-a,7.75273917692849,6.005195682650225,6.263063851743742,9,simulated
Long Lake (Missaukee),Lake,2011,Chlorophyll-a,8.227664965441415,4.586919511864722,6.405701319101016,9,simulated
Long Lake (Missaukee),Lake,2012,Chlorophyll-a,8.036786407496724,5.540395190243516,6.570769755215532,12,simulated
Long Lake (Missaukee),Lake,2013,Chlorophyll-a,8.947239174501636,5.321117281741178,7.027922742236202,7,simulated
Long Lake (Missaukee),Lake,2014,Chlorophyll-a,6.928884977797239,4.569451760681278,6.061515244941721,6,simulated
Long Lake (Missaukee),Lake,2015,Chlorophyll-a,7.876798999271192,5.702259346555343,6.696066967091872,10,simulated
Long Lake (Missaukee),Lake,2016,Chlorophyll-a,8.008019849560194,5.248527317377875,6.917637777594465,11,simulated
Long Lake (Missaukee),Lake,2017,Chlorophyll-a,8.322808196571499,5.605290632309436,6.819855697719942,15,simulated
Long Lake (Missaukee),Lake,2018,Chlorophyll-a,8.499714863375189,6.655693365756211,7.205006963043057,7,simulated
Long Lake (Missaukee),Lake,2019,Chlorophyll-a,8.47884000551282,4.956506866409497,6.80773882497735,15,simulated
Long Lake (Missaukee),Lake,2020,Chlorophyll-a,7.796987534087608,5.7564364347691335,6.808788389731235,19,simulated
Long Lake (Missaukee),Lake,2021,Chlorophyll-a,8.538085426423127,6.029526130479248,7.09154149532324,11,simulated
Long Lake (Missaukee),Lake,2022,Chlorophyll-a,8.664644869219666,5.737276531974209,6.971435679725104,8,simulated
Long Lake (Missaukee),Lake,2023,Chlorophyll-a,7.375756414724276,5.358594442068675,6.8509241144624085,11,simulated
Long Lake (Missaukee),Lake,2024,Chlorophyll-a,9.54581510669438,5.758666627881653,7.179683412413689,13,simulated
Long Lake (Missaukee),Lake,2025,Chlorophyll-a,8.098405032041036,5.234749257542704,6.838278543169352,15,simulated
Long Lake (Missaukee),Lake,2000,Chloride,8.336525108157826,5.395180563978435,6.920009001909488,12,simulated
Long Lake (Missaukee),Lake,2001,Chloride,6.725737893123908,3.9778948146877133,5.939685378744716,12,simulated
Long Lake (Missaukee),Lake,2002,Chloride,7.44319045094395,4.483565840434485,5.7593056082207,13,simulated
Long Lake (Missaukee),Lake,2003,Chloride,9.416456975600692,5.148753871350964,6.989860522476414,19,simulated
Long Lake (Missaukee),Lake,2004,Chloride,7.122839084086423,4.120476805214558,5.677658951292585,14,simulated
Long Lake (Missaukee),Lake,2005,Chloride,9.194260807452487,5.84448425708507,6.611284332665691,14,simulated
Long Lake (Missaukee),Lake,2006,Chloride,9.839444250147377,6.860920063056936,8.095802692475456,15,simulated
Long Lake (Missaukee),Lake,2007,Chloride,8.132760565026977,4.793546446514685,6.853587298251609,18,simulated
Long Lake (Missaukee),Lake,2008,Chloride,8.182873042015816,5.08286821762176,6.455777816300746,18,simulated
Long Lake (Missaukee),Lake,2009,Chloride,8.863442539714615,4.482645272798076,6.999653658056568,8,simulated
Long Lake (Missaukee),Lake,2010,Chloride,9.468711330202698,4.5906610962022,7.086816815976402,21,simulated
Long Lake (Missaukee),Lake,2011,Chloride,8.78990484348807,4.854815462817902,7.267047367534086,22,simulated
Long Lake (Missaukee),Lake,2012,Chloride,10.50240546928145,4.381958117093406,7.582445606537448,15,simulated
Long Lake (Missaukee),Lake,2013,Chloride,9.88304686141232,5.056605631232543,6.89124946861844,15,simulated
Long Lake (Missaukee),Lake,2014,Chloride,10.467489812778147,5.554425509064536,8.243236921826147,17,simulated
Long Lake (Missaukee),Lake,2015,Chloride,10.53969455000762,5.937568183635554,7.663014896510091,17,simulated
Long Lake (Missaukee),Lake,2016,Chloride,9.473991253418934,4.200765450606316,7.984848568781766,20,simulated
Long Lake (Missaukee),Lake,2017,Chloride,10.10930309894536,4.192594534271047,7.427273819838093,14,simulated
Long Lake (Missaukee),Lake,2018,Chloride,11.483904090935756,6.135658281984807,8.451401774104497,17,simulated
Long Lake (Missaukee),Lake,2019,Chloride,10.468518963159184,5.416725396194902,7.790478227189205,25,simulated
Long Lake (Missaukee),Lake,2020,Chloride,10.366828088554113,5.0183141789414485,8.151565717924841,18,simulated
Long Lake (Missaukee),Lake,2021,Chloride,7.874112896388367,5.643866737471468,7.636978104360217,25,simulated
Long Lake (Missaukee),Lake,2022,Chloride,9.392974367210462,6.008806380035795,7.696194887263502,22,simulated
Long Lake (Missaukee),Lake,2023,Chloride,10.583261199402564,5.6770579144918845,8.662272274398081,16,simulated
Long Lake (Missaukee),Lake,2024,Chloride,9.749377633851868,5.8888413604125756,8.172803935026051,24,simulated
Long Lake (Missaukee),Lake,2025,Chloride,10.332866567805333,5.733822804944843,8.053382150303177,22,simulated
Long Lake (Missaukee),Lake,2000,Nitrate,14.017764542674133,7.13466951666861,10.38704375888216,20,simulated
Long Lake (Missaukee),Lake,2001,Nitrate,13.094677496490615,8.805724986571564,10.474161879801594,20,simulated
Long Lake (Missaukee),Lake,2002,Nitrate,13.305750411277403,8.154827358789232,10.56235179496264,19,simulated
Long Lake (Missaukee),Lake,2003,Nitrate,13.542891699691639,8.762708239727957,10.771266946344966,26,simulated
Long Lake (Missaukee),Lake,2004,Nitrate,12.890319088462489,7.27140927356715,10.3473445998181,21,simulated
Long Lake (Missaukee),Lake,2005,Nitrate,12.055922856236167,6.5317096870673375,9.41146708344382,24,simulated
Long Lake (Missaukee),Lake,2006,Nitrate,12.257069625109501,7.118876154002297,9.839891811525591,17,simulated
Long Lake (Missaukee),Lake,2007,Nitrate,13.829562256131101,8.768633558297712,11.534210795704606,26,simulated
Long Lake (Missaukee),Lake,2008,Nitrate,12.12001872354956,8.261846562817583,10.38417221148246,26,simulated
Long Lake (Missaukee),Lake,2009,Nitrate,13.44954669886749,9.60111377381537,11.17814141074662,23,simulated
Long Lake (Missaukee),Lake,2010,Nitrate,13.219197702837866,6.952852610310989,10.658078437202825,23,simulated
Long Lake (Missaukee),Lake,2011,Nitrate,12.049396412343322,8.347122101985844,10.05138765048913,25,simulated
Long Lake (Missaukee),Lake,2012,Nitrate,12.466604649592655,7.404455990223516,10.051182895895227,31,simulated
Long Lake (Missaukee),Lake,2013,Nitrate,12.302905317577995,7.002079394615014,9.853873876974683,19,simulated
Long Lake (Missaukee),Lake,2014,Nitrate,11.450223386014457,7.339849841008401,8.984133377445383,27,simulated
Long Lake (Missaukee),Lake,2015,Nitrate,12.809519692814902,6.993650690289777,9.822384818442773,22,simulated
Long Lake (Missaukee),Lake,2016,Nitrate,12.711561815565345,7.577161303417681,10.37896724724948,25,simulated
Long Lake (Missaukee),Lake,2017,Nitrate,10.724335277949857,6.306767929207842,9.46171105543433,25,simulated
Long Lake (Missaukee),Lake,2018,Nitrate,11.881912022808551,8.054364024180213,9.92750865978564,25,simulated
Long Lake (Missaukee),Lake,2019,Nitrate,12.362042306216221,8.748042314698683,10.11204930752565,26,simulated
Long Lake (Missaukee),Lake,2020,Nitrate,10.137625850718127,7.508207704958027,9.22725546890126,23,simulated
Long Lake (Missaukee),Lake,2021,Nitrate,12.352660438615452,7.223006230757386,9.42167366232938,30,simulated
Long Lake (Missaukee),Lake,2022,Nitrate,11.208764091258892,7.082518218056169,9.120355495948324,22,simulated
Long Lake (Missaukee),Lake,2023,Nitrate,11.435864271075435,7.4079928113115985,9.187446671607011,29,simulated
Long Lake (Missaukee),Lake,2024,Nitrate,11.703538078590768,8.098466202730288,8.936962988383618,27,simulated
Long Lake (Missaukee),Lake,2025,Nitrate,10.715384977829157,6.816225295441721,9.095566266257768,24,simulated
Long Lake (Missaukee),Lake,2000,Secchi Depth,13.029417563357715,6.6602561357996155,9.120043969961603,10,simulated
Long Lake (Missaukee),Lake,2001,Secchi Depth,14.158231895994184,7.610536429533637,10.6633888927633,11,simulated
Long Lake (Missaukee),Lake,2002,Secchi Depth,12.593899745588079,4.794194745092364,9.281468801922518,18,simulated
Long Lake (Missaukee),Lake,2003,Secchi Depth,15.036537827065512,7.542523300420877,11.106538231488818,21,simulated
Long Lake (Missaukee),Lake,2004,Secchi Depth,12.924974020082905,7.497397423054817,9.794348401645289,14,simulated
Long Lake (Missaukee),Lake,2005,Secchi Depth,15.80150283926914,6.9596037552422505,10.267992535688832,13,simulated
Long Lake (Missaukee),Lake,2006,Secchi Depth,15.938152807520058,6.713666261691845,11.005378718043712,11,simulated
Long Lake (Missaukee),Lake,2007,Secchi Depth,14.225417802962133,7.453260556095122,9.99428337021986,16,simulated
Long Lake (Missaukee),Lake,2008,Secchi Depth,15.941612478463348,7.9457698574962174,10.704367438016952,20,simulated
Long Lake (Missaukee),Lake,2009,Secchi Depth,12.686765494682868,3.322741682337341,9.311230562760985,14,simulated
Long Lake (Missaukee),Lake,2010,Secchi Depth,14.862586663280506,8.079023010221757,11.412592271946773,8,simulated
Long Lake (Missaukee),Lake,2011,Secchi Depth,16.581559820220047,8.079234402539463,12.537425207722968,18,simulated
Long Lake (Missaukee),Lake,2012,Secchi Depth,18.90511832355984,8.810384871003905,13.562160959820202,19,simulated
Long Lake (Missaukee),Lake,2013,Secchi Depth,13.88787469173992,7.18157195916195,10.947138202564943,12,simulated
Long Lake (Missaukee),Lake,2014,Secchi Depth,15.547822237478085,6.207371826903483,11.649304736613196,17,simulated
Long Lake (Missaukee),Lake,2015,Secchi Depth,12.196235015184046,4.522861846519608,9.150948362289556,18,simulated
Long Lake (Missaukee),Lake,2016,Secchi Depth,20.38371690862564,7.961457076641042,12.393477994226538,17,simulated
Long Lake (Missaukee),Lake,2017,Secchi Depth,12.474103169128888,8.802589531071533,11.700763328778237,15,simulated
Long Lake (Missaukee),Lake,2018,Secchi Depth,14.383146598562623,4.775476969580681,10.479276397913443,21,simulated
Long Lake (Missaukee),Lake,2019,Secchi Depth,19.488188203708873,7.532681241472833,12.198433733567342,17,simulated
Long Lake (Missaukee),Lake,2020,Secchi Depth,15.129444221757426,4.317639946312083,10.7442536303499,14,simulated
Long Lake (Missaukee),Lake,2021,Secchi Depth,15.66056605223676,9.204762027201573,10.561856753091453,13,simulated
Long Lake (Missaukee),Lake,2022,Secchi Depth,16.17494223271097,6.711082794894696,11.50797516041815,23,simulated
Long Lake (Missaukee),Lake,2023,Secchi Depth,13.14623376916126,3.795286331949943,9.997734712790146,21,simulated
Long Lake (Missaukee),Lake,2024,Secchi Depth,13.65336366121661,7.836754191354049,12.094142323563242,20,simulated
Long Lake (Missaukee),Lake,2025,Secchi Depth,14.238677847969363,6.35496621437405,10.041242958643986,19,simulated
Long Lake (Missaukee),Lake,2000,Total Phosphorus,8.123768683904865,4.626011390684087,5.839287808240644,19,simulated
Long Lake (Missaukee),Lake,2001,Total Phosphorus,8.239721214747892,3.6227987136676263,6.096757472909744,12,simulated
Long Lake (Missaukee),Lake,2002,Total Phosphorus,7.053994936849085,3.2010689916713675,5.3032155011232645,16,simulated
Long Lake (Missaukee),Lake,2003,Total Phosphorus,7.271364378328842,3.8387391211135737,5.8907828795978805,20,simulated
Long Lake (Missaukee),Lake,2004,Total Phosphorus,8.291205261947965,5.127070342739836,6.045655233508316,12,simulated
Long Lake (Missaukee),Lake,2005,Total Phosphorus,7.976406383870579,4.618189761855483,6.417376290901826,17,simulated
Long Lake (Missaukee),Lake,2006,Total Phosphorus,7.951415946226094,4.884169469544954,6.095249193494747,14,simulated
Long Lake (Missaukee),Lake,2007,Total Phosphorus,9.31874765675784,3.693985674771031,6.424505884205839,15,simulated
Long Lake (Missaukee),Lake,2008,Total Phosphorus,8.297341359960596,4.910511000226443,6.628009571492368,14,simulated
Long Lake (Missaukee),Lake,2009,Total Phosphorus,7.5367841656730254,5.095109394375294,6.464363229476873,15,simulated
Long Lake (Missaukee),Lake,2010,Total Phosphorus,7.502437158300149,4.217943897217954,6.175126973395527,26,simulated
Long Lake (Missaukee),Lake,2011,Total Phosphorus,8.36824340930005,4.435373909607031,5.944020276174093,20,simulated
Long Lake (Missaukee),Lake,2012,Total Phosphorus,7.345021378563477,2.997145966544508,5.488960193717026,21,simulated
Long Lake (Missaukee),Lake,2013,Total Phosphorus,8.049890708127155,4.668663174851942,6.18274698054497,20,simulated
Long Lake (Missaukee),Lake,2014,Total Phosphorus,8.282042091247567,5.348809139616057,6.541068467104292,14,simulated
Long Lake (Missaukee),Lake,2015,Total Phosphorus,8.085889691734582,5.284571699699742,5.9460352902324844,20,simulated
Long Lake (Missaukee),Lake,2016,Total Phosphorus,8.101278443141801,4.52133876768914,6.564431473043203,23,simulated
Long Lake (Missaukee),Lake,2017,Total Phosphorus,6.860398635613173,3.774238076896844,5.108475016514609,17,simulated
Long Lake (Missaukee),Lake,2018,Total Phosphorus,6.514014868256027,4.292324967213541,5.231200599344091,23,simulated
Long Lake (Missaukee),Lake,2019,Total Phosphorus,7.4010065110245264,3.4538113911085397,6.019322497945614,22,simulated
Long Lake (Missaukee),Lake,2020,Total Phosphorus,7.205154102568576,3.579304826610778,5.745460041144042,26,simulated
Long Lake (Missaukee),Lake,2021,Total Phosphorus,7.845008581892736,4.223980531461383,6.1348597861562775,20,simulated
Long Lake (Missaukee),Lake,2022,Total Phosphorus,7.290951682991861,3.1027342704537952,5.567582389447699,18,simulated
Long Lake (Missaukee),Lake,2023,Total Phosphorus,6.944004590726225,3.239515932794915,5.1963329863436725,20,simulated
Long Lake (Missaukee),Lake,2024,Total Phosphorus,5.606853172018512,4.14174445763096,5.425328582525697,26,simulated
Long Lake (Missaukee),Lake,2025,Total Phosphorus,6.035687405041318,3.82122509899554,4.875258754643801,17,simulated
Lower Herring Lake,Lake,2000,Chlorophyll-a,6.751636592388625,5.034942653175021,5.847128308453286,9,simulated
Lower Herring Lake,Lake,2001,Chlorophyll-a,6.878272518531793,4.8312202690627455,5.767247308562641,14,simulated
Lower Herring Lake,Lake,2002,Chlorophyll-a,7.2791539737087,4.9543106464881,5.901414771267762,11,simulated
Lower Herring Lake,Lake,2003,Chlorophyll-a,7.451935830729276,4.921401873642504,6.144447441345464,10,simulated
Lower Herring Lake,Lake,2004,Chlorophyll-a,6.398786056082701,5.473976581512367,5.849972966721803,16,simulated
Lower Herring Lake,Lake,2005,Chlorophyll-a,6.621085986054764,4.591547173182976,5.591247611049197,7,simulated
Lower Herring Lake,Lake,2006,Chlorophyll-a,7.832342863824302,5.54026191816961,6.505422908157072,7,simulated
Lower Herring Lake,Lake,2007,Chlorophyll-a,7.064805659461403,5.145675844678269,5.858159049494679,7,simulated
Lower Herring Lake,Lake,2008,Chlorophyll-a,6.5165423897256565,5.137473947607371,5.88015532171274,13,simulated
Lower Herring Lake,Lake,2009,Chlorophyll-a,7.247504878752778,5.436321344958569,6.411061632098519,13,simulated
Lower Herring Lake,Lake,2010,Chlorophyll-a,7.396681169336281,6.028268628987502,6.107995199172914,17,simulated
Lower Herring Lake,Lake,2011,Chlorophyll-a,6.999690709703018,5.421849145299168,6.219937910707753,14,simulated
Lower Herring Lake,Lake,2012,Chlorophyll-a,7.3298100667673545,5.620469274731888,6.385469722412418,12,simulated
Lower Herring Lake,Lake,2013,Chlorophyll-a,8.136903508110635,5.328172761449944,6.565606082185255,13,simulated
Lower Herring Lake,Lake,2014,Chlorophyll-a,7.276309337284951,5.498898682413563,6.271767619636939,14,simulated
Lower Herring Lake,Lake,2015,Chlorophyll-a,7.607961805015035,5.724102070801181,6.750218275354854,9,simulated
Lower Herring Lake,Lake,2016,Chlorophyll-a,6.627398373822964,4.512010655144117,5.918823763786575,22,simulated
Lower Herring Lake,Lake,2017,Chlorophyll-a,7.839563039224092,5.247751042189545,6.650917645950374,16,simulated
Lower Herring Lake,Lake,2018,Chlorophyll-a,6.920054580751632,5.003305903772698,6.305240332775079,16,simulated
Lower Herring Lake,Lake,2019,Chlorophyll-a,7.917326909646432,5.931378093251566,6.881990137048804,17,simulated
Lower Herring Lake,Lake,2020,Chlorophyll-a,7.807155257425093,5.371670380860234,6.623283543813323,18,simulated
Lower Herring Lake,Lake,2021,Chlorophyll-a,7.92302230113499,5.486787354928227,6.4633823586555685,15,simulated
Lower Herring Lake,Lake,2022,Chlorophyll-a,8.166996499073052,5.788868373511516,6.834067580939709,14,simulated
Lower Herring Lake,Lake,2023,Chlorophyll-a,7.818871183939851,5.668367597114987,6.9335376887354645,18,simulated
Lower Herring Lake,Lake,2024,Chlorophyll-a,8.433710955115435,5.99099121749232,6.91318022098855,18,simulated
Lower Herring Lake,Lake,2025,Chlorophyll-a,7.500266948543522,4.996599466889614,6.533915461851707,15,simulated
Lower Herring Lake,Lake,2000,Chloride,7.70433707465147,5.424442834444657,7.056445559099077,23,simulated
Lower Herring Lake,Lake,2001,Chloride,8.35794136605951,5.407209922266576,7.248565021088819,23,simulated
Lower Herring Lake,Lake,2002,Chloride,8.738582078187061,5.705861394337897,7.517327003647116,25,simulated
Lower Herring Lake,Lake,2003,Chloride,8.221083154014554,5.210343291889446,7.115655352094883,21,simulated
Lower Herring Lake,Lake,2004,Chloride,8.831805424144012,6.234651580076248,7.263990690523778,24,simulated
Lower Herring Lake,Lake,2005,Chloride,8.933786077871561,6.058268946860353,7.480635898860089,27,simulated
Lower Herring Lake,Lake,2006,Chloride,8.20615054538309,5.985607647168377,7.013279129779344,27,simulated
Lower Herring Lake,Lake,2007,Chloride,9.015500422041974,6.005666047847013,7.3279622244877824,25,simulated
Lower Herring Lake,Lake,2008,Chloride,9.695889061941777,5.4325973714404725,7.403807308222944,27,simulated
Lower Herring Lake,Lake,2009,Chloride,9.237657592873347,5.589571110731505,7.081651163424835,24,simulated
Lower Herring Lake,Lake,2010,Chloride,8.985388788041856,5.262955661218648,8.271078250395751,29,simulated
Lower Herring Lake,Lake,2011,Chloride,8.704334829174512,5.50649031940039,7.022927723619952,27,simulated
Lower Herring Lake,Lake,2012,Chloride,8.484314544727646,5.633476680099989,7.110640627203934,26,simulated
Lower Herring Lake,Lake,2013,Chloride,9.81696317861517,6.38574661846971,8.089227670576411,26,simulated
Lower Herring Lake,Lake,2014,Chloride,9.355830819616708,6.621844404858056,7.930685478085243,28,simulated
Lower Herring Lake,Lake,2015,Chloride,8.914001523001092,5.8832993794314845,7.359130040524427,27,simulated
Lower Herring Lake,Lake,2016,Chloride,9.711242553874667,5.8175583082422655,8.003626699890628,30,simulated
Lower Herring Lake,Lake,2017,Chloride,9.786508944468796,6.60677929091652,8.374281790256441,27,simulated
Lower Herring Lake,Lake,2018,Chloride,9.057275549024885,6.6557527188347425,7.881342690256181,34,simulated
Lower Herring Lake,Lake,2019,Chloride,10.485081365706714,7.597306098643933,8.911235888972692,34,simulated
Lower Herring Lake,Lake,2020,Chloride,8.96726674554946,6.060557481772044,7.359702324881392,27,simulated
Lower Herring Lake,Lake,2021,Chloride,10.3234089612415,6.584571656246816,8.320236004627555,30,simulated
Lower Herring Lake,Lake,2022,Chloride,10.750982733499322,6.185629976968661,8.557437373721926,28,simulated
Lower Herring Lake,Lake,2023,Chloride,9.992129133447982,7.473801480693019,8.512429037944113,29,simulated
Lower Herring Lake,Lake,2024,Chloride,9.95660475678303,6.6474129335764935,8.151371117852365,37,simulated
Lower Herring Lake,Lake,2025,Chloride,10.325338078766073,6.434491653104931,8.175150594210221,30,simulated
Lower Herring Lake,Lake,2000,Nitrate,13.721046931632477,7.930323784756746,11.020306619423195,25,simulated
Lower Herring Lake,Lake,2001,Nitrate,12.618187565980563,8.521173481117026,10.039593790014072,30,simulated
Lower Herring Lake,Lake,2002,Nitrate,12.406621749329176,7.7449187767219945,10.090787511704892,26,simulated
Lower Herring Lake,Lake,2003,Nitrate,12.87677893366477,6.426327972955907,9.841085339019529,29,simulated
Lower Herring Lake,Lake,2004,Nitrate,13.089266468438717,7.536904570556824,9.997560009404152,20,simulated
Lower Herring Lake,Lake,2005,Nitrate,11.200866443130174,6.488709831018095,8.780979749325775,34,simulated
Lower Herring Lake,Lake,2006,Nitrate,13.936303534607038,7.695385525820587,10.779593510008567,32,simulated
Lower Herring Lake,Lake,2007,Nitrate,14.368824375021877,7.701252684210202,11.639583113094345,27,simulated
Lower Herring Lake,Lake,2008,Nitrate,13.51084695233437,9.145058835461176,10.464240513071283,22,simulated
Lower Herring Lake,Lake,2009,Nitrate,11.637757691950984,6.7039097323773404,9.499980563398104,29,simulated
Lower Herring Lake,Lake,2010,Nitrate,12.406735105020246,7.636339674188282,9.92078563386009,24,simulated
Lower Herring Lake,Lake,2011,Nitrate,12.288023442022926,7.364833354519524,9.992050122045908,30,simulated
Lower Herring Lake,Lake,2012,Nitrate,11.708390543935312,6.450446622373597,9.628101408462747,30,simulated
Lower Herring Lake,Lake,2013,Nitrate,12.810114231737042,8.969739890053217,10.687174897510417,27,simulated
Lower Herring Lake,Lake,2014,Nitrate,13.650697028746304,8.767360376980152,10.618591619793678,33,simulated
Lower Herring Lake,Lake,2015,Nitrate,12.735657782509348,8.450196345167704,9.44172515149202,32,simulated
Lower Herring Lake,Lake,2016,Nitrate,14.040997717371496,8.296700608222691,10.490963379129475,33,simulated
Lower Herring Lake,Lake,2017,Nitrate,12.615153135011465,7.089286774873078,10.912625862286667,31,simulated
Lower Herring Lake,Lake,2018,Nitrate,14.937411881158749,8.41129555857325,11.087236723053987,27,simulated
Lower Herring Lake,Lake,2019,Nitrate,14.221440509841623,9.85882920071495,11.59503691564795,34,simulated
Lower Herring Lake,Lake,2020,Nitrate,12.193802933533252,7.398626639865364,9.412128213129922,31,simulated
Lower Herring Lake,Lake,2021,Nitrate,13.580405521022383,9.893682067687793,11.486098875198314,28,simulated
Lower Herring Lake,Lake,2022,Nitrate,12.171170561323693,8.050385452391914,9.651399528981596,36,simulated
Lower Herring Lake,Lake,2023,Nitrate,12.07963305146967,6.8304862204604335,9.481805282083716,39,simulated
Lower Herring Lake,Lake,2024,Nitrate,11.344793040481553,8.345338175335943,9.961330723062966,33,simulated
Lower Herring Lake,Lake,2025,Nitrate,12.206084602895157,6.27207511216838,9.417493870955088,39,simulated
Lower Herring Lake,Lake,2000,Secchi Depth,13.334518173655702,8.306700386618123,10.30962663430162,8,simulated
Lower Herring Lake,Lake,2001,Secchi Depth,12.727790545646206,7.35605500436915,10.17443448555617,16,simulated
Lower Herring Lake,Lake,2002,Secchi Depth,14.591220239948695,8.921623049485,11.622246085005902,8,simulated
Lower Herring Lake,Lake,2003,Secchi Depth,12.455321435321189,7.236730028575556,10.12302794903474,9,simulated
Lower Herring Lake,Lake,2004,Secchi Depth,15.149645632970977,7.714969077286131,11.101641426770383,6,simulated
Lower Herring Lake,Lake,2005,Secchi Depth,12.39442512594075,6.656825577459575,10.305645100528237,13,simulated
Lower Herring Lake,Lake,2006,Secchi Depth,12.490061853359983,7.710310484624241,10.390084250052178,13,simulated
Lower Herring Lake,Lake,2007,Secchi Depth,16.188753739408547,6.9570898418169875,11.359527293057084,13,simulated
Lower Herring Lake,Lake,2008,Secchi Depth,14.008333324951366,7.018886841146962,10.485078348977243,9,simulated
Lower Herring Lake,Lake,2009,Secchi Depth,11.266765580050167,8.344113651011801,10.49138001831212,9,simulated
Lower Herring Lake,Lake,2010,Secchi Depth,13.977662870143451,6.529778403562415,11.497137551615277,8,simulated
Lower Herring Lake,Lake,2011,Secchi Depth,13.22071243688311,8.447236948971504,11.81921529592029,12,simulated
Lower Herring Lake,Lake,2012,Secchi Depth,13.318005091792491,9.045009254482563,11.232094027657888,9,simulated
Lower Herring Lake,Lake,2013,Secchi Depth,10.57742607028615,6.36986798566588,10.41921326083195,9,simulated
Lower Herring Lake,Lake,2014,Secchi Depth,13.158587980737998,6.091315696642614,10.534184775635229,11,simulated
Lower Herring Lake,Lake,2015,Secchi Depth,12.80644014883084,8.124483101118116,10.938165894651288,12,simulated
Lower Herring Lake,Lake,2016,Secchi Depth,14.057678411730732,8.6653963648297,11.117371507508782,12,simulated
Lower Herring Lake,Lake,2017,Secchi Depth,11.661297764384535,7.755647625178818,10.29110980435556,15,simulated
Lower Herring Lake,Lake,2018,Secchi Depth,14.46830714375251,7.820833670319162,11.42590958745028,14,simulated
Lower Herring Lake,Lake,2019,Secchi Depth,13.544338238685471,7.068507641099789,11.03435672792572,13,simulated
Lower Herring Lake,Lake,2020,Secchi Depth,13.60465318964605,6.874330515341555,9.880813082124185,15,simulated
Lower Herring Lake,Lake,2021,Secchi Depth,14.26903663262998,7.627801158939143,10.416765181101528,12,simulated
Lower Herring Lake,Lake,2022,Secchi Depth,14.157964042856229,6.681585599178816,10.717436701415512,15,simulated
Lower Herring Lake,Lake,2023,Secchi Depth,13.606987570316422,8.428346405649982,11.023585784276332,16,simulated
Lower Herring Lake,Lake,2024,Secchi Depth,17.455070506670005,8.142144246601191,12.339614487809412,11,simulated
Lower Herring Lake,Lake,2025,Secchi Depth,12.840080001893861,8.599164599736524,11.275478172614068,19,simulated
Lower Herring Lake,Lake,2000,Total Phosphorus,7.252047976895548,5.072318729587598,6.232577338774186,18,simulated
Lower Herring Lake,Lake,2001,Total Phosphorus,7.314681121814277,5.502339402673524,6.426947444076934,15,simulated
Lower Herring Lake,Lake,2002,Total Phosphorus,7.290204656362077,5.541427693329531,6.345143695327422,17,simulated
Lower Herring Lake,Lake,2003,Total Phosphorus,7.349583455984782,5.207084459575161,6.128424433014592,20,simulated
Lower Herring Lake,Lake,2004,Total Phosphorus,6.592865613381329,4.416199002489349,6.015920603473875,16,simulated
Lower Herring Lake,Lake,2005,Total Phosphorus,7.300863788174993,5.005278363364453,6.255438958978626,14,simulated
Lower Herring Lake,Lake,2006,Total Phosphorus,7.080511408287906,4.933219896119884,6.168497310500777,18,simulated
Lower Herring Lake,Lake,2007,Total Phosphorus,6.659452960765225,4.888339539287506,5.874509261806195,15,simulated
Lower Herring Lake,Lake,2008,Total Phosphorus,6.901156877525417,4.9038892978439215,5.809526056199546,15,simulated
Lower Herring Lake,Lake,2009,Total Phosphorus,6.559351592089694,5.292509308626455,5.523080535964969,13,simulated
Lower Herring Lake,Lake,2010,Total Phosphorus,6.5739979676045035,5.239701321750667,5.942251792225515,20,simulated
Lower Herring Lake,Lake,2011,Total Phosphorus,6.688713385634301,5.120140996683044,5.865445760410497,17,simulated
Lower Herring Lake,Lake,2012,Total Phosphorus,7.0569809960955965,5.683512084753229,6.078372947717797,19,simulated
Lower Herring Lake,Lake,2013,Total Phosphorus,6.698058097947667,5.32326030222063,5.894556553615995,15,simulated
Lower Herring Lake,Lake,2014,Total Phosphorus,7.114143947333151,5.692120023572031,6.05701038045864,20,simulated
Lower Herring Lake,Lake,2015,Total Phosphorus,6.535674589254717,4.803164560520418,5.62936156571459,17,simulated
Lower Herring Lake,Lake,2016,Total Phosphorus,7.329834721909445,4.856718082708762,5.958739184179169,19,simulated
Lower Herring Lake,Lake,2017,Total Phosphorus,6.0563798239212705,4.497413979348116,5.606143247096551,22,simulated
Lower Herring Lake,Lake,2018,Total Phosphorus,6.663934578925896,4.856790422303467,5.830116250315266,22,simulated
Lower Herring Lake,Lake,2019,Total Phosphorus,5.952398250143192,4.8050767855446,5.3721698516380485,20,simulated
Lower Herring Lake,Lake,2020,Total Phosphorus,6.662929185036157,5.314926725169926,5.66874128210955,15,simulated
Lower Herring Lake,Lake,2021,Total Phosphorus,5.61793729380365,4.8525224127804725,5.218992659300875,30,simulated
Lower Herring Lake,Lake,2022,Total Phosphorus,6.421910694324964,5.010246809805371,5.5175885631157735,26,simulated
Lower Herring Lake,Lake,2023,Total Phosphorus,6.300254194315468,5.010914418437517,5.6231725626856655,24,simulated
Lower Herring Lake,Lake,2024,Total Phosphorus,6.042302851647525,4.649857563664426,5.415357269243734,19,simulated
Lower Herring Lake,Lake,2025,Total Phosphorus,5.734438158276011,4.74341944198027,5.2898620667487295,22,simulated
Manistee Lake,Lake,2000,Chlorophyll-a,8.70167584786659,4.0306320424865545,6.7797116324237,20,simulated
Manistee Lake,Lake,2001,Chlorophyll-a,8.507343269132253,3.772593542241942,6.450676553868033,19,simulated
Manistee Lake,Lake,2002,Chlorophyll-a,7.406467625974567,4.540966778815369,6.1016072487288495,16,simulated
Manistee Lake,Lake,2003,Chlorophyll-a,7.605482187203508,6.0117487838912105,6.247400128656428,19,simulated
Manistee Lake,Lake,2004,Chlorophyll-a,9.705218178694246,4.514128521806781,6.865560791745688,23,simulated
Manistee Lake,Lake,2005,Chlorophyll-a,8.714936339087464,5.596250321305076,7.077674097081489,27,simulated
Manistee Lake,Lake,2006,Chlorophyll-a,9.24757390981572,5.742152218652583,7.0868153198726445,27,simulated
Manistee Lake,Lake,2007,Chlorophyll-a,8.544699040911492,5.331048230918382,6.834203966378912,24,simulated
Manistee Lake,Lake,2008,Chlorophyll-a,7.21145681398445,5.085398128384131,6.48924138854635,23,simulated
Manistee Lake,Lake,2009,Chlorophyll-a,5.9135693700134695,3.7981623789497982,5.392748963076446,25,simulated
Manistee Lake,Lake,2010,Chlorophyll-a,8.160123471880413,5.864745566920928,6.763938024947127,23,simulated
Manistee Lake,Lake,2011,Chlorophyll-a,8.88282153632115,5.554202637277767,6.684077940320342,30,simulated
Manistee Lake,Lake,2012,Chlorophyll-a,8.864191564974053,4.906401168031123,6.772336818327823,25,simulated
Manistee Lake,Lake,2013,Chlorophyll-a,8.929498065303513,4.765183739564648,6.773449141781905,25,simulated
Manistee Lake,Lake,2014,Chlorophyll-a,7.375917709062573,4.404312851007592,6.272918266860768,19,simulated
Manistee Lake,Lake,2015,Chlorophyll-a,9.648894758000578,5.695263076798642,7.038351174832586,25,simulated
Manistee Lake,Lake,2016,Chlorophyll-a,8.364086465898206,5.849604899364505,7.103286407694636,29,simulated
Manistee Lake,Lake,2017,Chlorophyll-a,9.061528087433596,5.642440870613071,7.1589867261050575,23,simulated
Manistee Lake,Lake,2018,Chlorophyll-a,9.117593818024226,5.34499372654847,7.299737319379864,25,simulated
Manistee Lake,Lake,2019,Chlorophyll-a,8.905504220518715,4.600230377485343,7.200580968748704,30,simulated
Manistee Lake,Lake,2020,Chlorophyll-a,9.224013507012312,6.173600443403894,6.831981082786133,23,simulated
Manistee Lake,Lake,2021,Chlorophyll-a,8.382054875161025,5.369267868848043,7.00276318009453,31,simulated
Manistee Lake,Lake,2022,Chlorophyll-a,8.159636157900213,6.038525858894002,7.103586554328855,27,simulated
Manistee Lake,Lake,2023,Chlorophyll-a,8.942186459053616,6.245971344004726,7.146290051744609,27,simulated
Manistee Lake,Lake,2024,Chlorophyll-a,9.204279944162742,5.113775521728753,7.545466126590044,25,simulated
Manistee Lake,Lake,2025,Chlorophyll-a,11.179330784733093,5.276669284702813,7.43843878434755,30,simulated
Manistee Lake,Lake,2000,Chloride,9.139247274623914,5.889336739852968,7.578451929224487,22,simulated
Manistee Lake,Lake,2001,Chloride,8.470327210460745,5.170843406664713,7.057683237233016,20,simulated
Manistee Lake,Lake,2002,Chloride,10.109384729602613,5.770201937403661,7.852762471311761,21,simulated
Manistee Lake,Lake,2003,Chloride,9.047724426104264,6.488116600861923,7.394299905235618,22,simulated
Manistee Lake,Lake,2004,Chloride,10.193625386243792,5.367640678339638,8.092069285854867,26,simulated
Manistee Lake,Lake,2005,Chloride,10.186087781625147,6.581746355174153,7.956786173648933,25,simulated
Manistee Lake,Lake,2006,Chloride,8.19590694956072,5.312564210137374,6.615531243425298,20,simulated
Manistee Lake,Lake,2007,Chloride,8.54390293347835,6.261083870430294,7.418593280880589,23,simulated
Manistee Lake,Lake,2008,Chloride,9.2875558009136,5.04964980782916,8.240014728024178,28,simulated
Manistee Lake,Lake,2009,Chloride,9.800939021767782,6.171967049278415,8.010437878737555,26,simulated
Manistee Lake,Lake,2010,Chloride,9.173281817714745,6.410394907931593,7.6254810556168655,27,simulated
Manistee Lake,Lake,2011,Chloride,9.577314075451836,5.737160493660513,7.852958588750896,27,simulated
Manistee Lake,Lake,2012,Chloride,8.998478848871382,5.465066693344043,7.418733237770946,31,simulated
Manistee Lake,Lake,2013,Chloride,11.34749403036556,6.563356293910749,8.223934694950932,27,simulated
Manistee Lake,Lake,2014,Chloride,10.428189005601089,6.764385892789651,9.240082488126864,26,simulated
Manistee Lake,Lake,2015,Chloride,9.504079024285673,7.340942140569277,8.749571922708142,24,simulated
Manistee Lake,Lake,2016,Chloride,11.623011845382862,7.693470892397576,9.409012310521712,28,simulated
Manistee Lake,Lake,2017,Chloride,10.648799319782402,8.189871244072792,8.950017944335185,20,simulated
Manistee Lake,Lake,2018,Chloride,11.228013172025499,7.923595629430677,9.096964076883053,27,simulated
Manistee Lake,Lake,2019,Chloride,11.999766654465914,6.424375071616264,9.58868474786467,28,simulated
Manistee Lake,Lake,2020,Chloride,11.65571397801571,6.1197424107003515,8.990839844085569,24,simulated
Manistee Lake,Lake,2021,Chloride,9.865797655753099,6.903871427682227,8.830666903481177,26,simulated
Manistee Lake,Lake,2022,Chloride,11.13644863640107,6.420463532216349,9.451812224945517,32,simulated
Manistee Lake,Lake,2023,Chloride,12.078735324513975,7.747407555496423,9.729199007382851,30,simulated
Manistee Lake,Lake,2024,Chloride,11.313792501805652,7.178685505421637,8.954840598229328,30,simulated
Manistee Lake,Lake,2025,Chloride,12.099431815089934,6.987616763196637,8.930981193632753,31,simulated
Manistee Lake,Lake,2000,Nitrate,14.493778730294213,8.368367019671032,11.344567833962378,7,simulated
Manistee Lake,Lake,2001,Nitrate,13.538165778428557,7.902222633482588,10.591860707986296,6,simulated
Manistee Lake,Lake,2002,Nitrate,12.235005376860686,6.247676618504854,9.550087393086892,9,simulated
Manistee Lake,Lake,2003,Nitrate,14.501749352059546,9.39503513376593,11.4757752766298,6,simulated
Manistee Lake,Lake,2004,Nitrate,13.90044162560271,7.593684171421061,10.64114501729402,9,simulated
Manistee Lake,Lake,2005,Nitrate,12.023319719269594,7.8054789031801395,10.001039672538624,11,simulated
Manistee Lake,Lake,2006,Nitrate,13.152187397497507,6.78925275238809,9.550539924029708,6,simulated
Manistee Lake,Lake,2007,Nitrate,13.153209124023967,7.80224869104515,10.549925044891742,6,simulated
Manistee Lake,Lake,2008,Nitrate,11.836880228467884,7.411315233039556,10.194543587171946,8,simulated
Manistee Lake,Lake,2009,Nitrate,14.356607548864925,8.724474651576362,11.210911780809305,13,simulated
Manistee Lake,Lake,2010,Nitrate,11.959056216696101,7.738220466439966,9.984329413005458,7,simulated
Manistee Lake,Lake,2011,Nitrate,12.72128493269509,6.864166084633282,9.647412827385924,7,simulated
Manistee Lake,Lake,2012,Nitrate,15.398180046876849,7.040735029965088,10.680780356184858,11,simulated
Manistee Lake,Lake,2013,Nitrate,12.826681790038949,8.339057370883358,10.662859805160227,8,simulated
Manistee Lake,Lake,2014,Nitrate,13.13376473801624,8.168577182877943,10.164741866997725,10,simulated
Manistee Lake,Lake,2015,Nitrate,11.752081613372345,7.1564535865342815,10.439573644958408,6,simulated
Manistee Lake,Lake,2016,Nitrate,12.980195501999127,7.348579793747835,9.971156625419727,17,simulated
Manistee Lake,Lake,2017,Nitrate,12.071916770480836,6.750179065298214,10.10176087612919,7,simulated
Manistee Lake,Lake,2018,Nitrate,12.922770658738099,8.572918205796297,10.628866867660864,10,simulated
Manistee Lake,Lake,2019,Nitrate,12.095272257595644,8.997440934638918,10.26890883383207,11,simulated
Manistee Lake,Lake,2020,Nitrate,12.919934875264893,7.581157076323446,9.758660872588331,17,simulated
Manistee Lake,Lake,2021,Nitrate,14.311388768213082,8.458550257077874,10.633558014717718,8,simulated
Manistee Lake,Lake,2022,Nitrate,10.63098965644867,6.212435454409269,8.387569334846214,18,simulated
Manistee Lake,Lake,2023,Nitrate,13.136040992204945,8.618184083406035,10.976638388400875,15,simulated
Manistee Lake,Lake,2024,Nitrate,12.140891315166643,5.889211207300925,8.720260399165383,14,simulated
Manistee Lake,Lake,2025,Nitrate,11.245254195363895,7.062989701036136,9.325875369951072,10,simulated
Manistee Lake,Lake,2000,Secchi Depth,11.522502541027794,8.674455257039167,10.508418762714644,22,simulated
Manistee Lake,Lake,2001,Secchi Depth,12.802925455342253,9.998198635261012,11.333009275808328,16,simulated
Manistee Lake,Lake,2002,Secchi Depth,12.15163277319504,8.086387383736117,10.450942596986202,19,simulated
Manistee Lake,Lake,2003,Secchi Depth,12.617578178330533,9.39020222869038,10.819813809771416,23,simulated
Manistee Lake,Lake,2004,Secchi Depth,13.407498716401982,8.333153860150045,10.662212704703974,23,simulated
Manistee Lake,Lake,2005,Secchi Depth,12.264428557076277,8.913433095904683,10.507942131388212,26,simulated
Manistee Lake,Lake,2006,Secchi Depth,13.71565553370387,9.28989219301686,11.234163898645326,22,simulated
Manistee Lake,Lake,2007,Secchi Depth,12.758040948570107,9.620381963925713,11.172833711645714,24,simulated
Manistee Lake,Lake,2008,Secchi Depth,13.168076730909881,10.169910762042935,11.471234921649945,23,simulated
Manistee Lake,Lake,2009,Secchi Depth,11.275906125152046,9.469843257036848,10.2683802870445,20,simulated
Manistee Lake,Lake,2010,Secchi Depth,12.911620732762229,10.180469499311208,11.458261457733744,17,simulated
Manistee Lake,Lake,2011,Secchi Depth,14.35706281558512,10.2961992726867,12.075140480214651,25,simulated
Manistee Lake,Lake,2012,Secchi Depth,12.65843848543135,8.991066021521197,10.879159916231984,25,simulated
Manistee Lake,Lake,2013,Secchi Depth,14.356987544094533,9.347336055372608,11.87175895597604,23,simulated
Manistee Lake,Lake,2014,Secchi Depth,12.894246067491574,9.446290324929478,11.001426233506574,20,simulated
Manistee Lake,Lake,2015,Secchi Depth,12.104554507620655,9.295511395257076,10.56312766462601,27,simulated
Manistee Lake,Lake,2016,Secchi Depth,13.987845287289751,10.007700308261532,11.028411380182376,25,simulated
Manistee Lake,Lake,2017,Secchi Depth,13.45718828497491,9.44689040212667,11.61522068105195,27,simulated
Manistee Lake,Lake,2018,Secchi Depth,13.239069189806937,8.345360300774946,10.85069619729708,31,simulated
Manistee Lake,Lake,2019,Secchi Depth,12.547200753768083,8.501627273459805,10.972259446794364,20,simulated
Manistee Lake,Lake,2020,Secchi Depth,13.770409638475185,9.219998817517606,11.495297999483368,24,simulated
Manistee Lake,Lake,2021,Secchi Depth,13.62152689794103,9.079016421832602,11.270416497247352,26,simulated
Manistee Lake,Lake,2022,Secchi Depth,13.538762709418839,8.696526534393271,11.538203990198808,31,simulated
Manistee Lake,Lake,2023,Secchi Depth,11.962243305268183,9.366939925961614,11.41524315212996,22,simulated
Manistee Lake,Lake,2024,Secchi Depth,13.434141748591966,9.29241072625447,11.540638209084234,34,simulated
Manistee Lake,Lake,2025,Secchi Depth,13.674866688337957,9.529194607442102,11.177620830919258,28,simulated
Manistee Lake,Lake,2000,Total Phosphorus,7.150850438008031,5.5064640049498825,6.433851874667413,23,simulated
Manistee Lake,Lake,2001,Total Phosphorus,7.185803621809638,5.673973040923915,6.369389624076445,28,simulated
Manistee Lake,Lake,2002,Total Phosphorus,7.129445504001411,5.537040847423663,6.607123073314241,26,simulated
Manistee Lake,Lake,2003,Total Phosphorus,6.7137665458703495,5.245389858619063,6.214371261191472,27,simulated
Manistee Lake,Lake,2004,Total Phosphorus,7.336362102838403,5.621517018558343,6.438569952835581,27,simulated
Manistee Lake,Lake,2005,Total Phosphorus,7.16679411884341,5.615357830151191,6.289479885741157,21,simulated
Manistee Lake,Lake,2006,Total Phosphorus,6.911673615818306,5.248591895045114,6.202109929989291,23,simulated
Manistee Lake,Lake,2007,Total Phosphorus,7.751833997671939,5.793935327790506,6.756762243101257,27,simulated
Manistee Lake,Lake,2008,Total Phosphorus,6.853025808973178,5.75802891854254,6.361297442490196,22,simulated
Manistee Lake,Lake,2009,Total Phosphorus,7.051418898131955,5.914646919595912,6.3721757622447415,30,simulated
Manistee Lake,Lake,2010,Total Phosphorus,7.587493374874408,5.737244953005883,6.439167356858237,30,simulated
Manistee Lake,Lake,2011,Total Phosphorus,6.710667398908959,4.943685486865637,5.98213765832422,29,simulated
Manistee Lake,Lake,2012,Total Phosphorus,7.3028502915773545,5.45582887997098,6.49800527000445,25,simulated
Manistee Lake,Lake,2013,Total Phosphorus,6.919171554853676,5.299127992608136,5.756888225567466,33,simulated
Manistee Lake,Lake,2014,Total Phosphorus,6.446443671245786,5.56156509227912,6.028997799384401,35,simulated
Manistee Lake,Lake,2015,Total Phosphorus,6.95561958557433,5.059997234078386,6.059685883310014,29,simulated
Manistee Lake,Lake,2016,Total Phosphorus,7.323418850630048,5.723252468634712,6.21201872486653,31,simulated
Manistee Lake,Lake,2017,Total Phosphorus,6.790117768016235,5.286583853163175,6.129881875516614,30,simulated
Manistee Lake,Lake,2018,Total Phosphorus,6.951880865201481,5.456491836800097,6.044513678413576,31,simulated
Manistee Lake,Lake,2019,Total Phosphorus,6.558049363586163,4.976811554334972,6.048854194680192,30,simulated
Manistee Lake,Lake,2020,Total Phosphorus,6.424819439809608,5.330252023504013,5.868743447236018,30,simulated
Manistee Lake,Lake,2021,Total Phosphorus,6.530233345167284,4.839395993895927,5.763052840916044,34,simulated
Manistee Lake,Lake,2022,Total Phosphorus,7.009257125124046,5.336917184216262,6.106007671629962,38,simulated
Manistee Lake,Lake,2023,Total Phosphorus,7.048693018600908,5.298866308581862,6.079240761539499,27,simulated
Manistee Lake,Lake,2024,Total Phosphorus,7.291091291127964,5.8997050927586185,6.202369928664028,31,simulated
Manistee Lake,Lake,2025,Total Phosphorus,6.474659978660643,5.5622666576905875,5.796869859254862,28,simulated
North Lake Leelanau,Lake,2000,Chlorophyll-a,8.202223906817558,4.784868913232422,6.797943118417773,13,simulated
North Lake Leelanau,Lake,2001,Chlorophyll-a,7.73681991737228,4.812598680660309,6.518081488311496,19,simulated
North Lake Leelanau,Lake,2002,Chlorophyll-a,9.705513845444482,5.754419881665947,7.344623643209198,20,simulated
North Lake Leelanau,Lake,2003,Chlorophyll-a,9.357069071497309,6.238059191507225,7.810136519351794,13,simulated
North Lake Leelanau,Lake,2004,Chlorophyll-a,9.33028899941427,5.7793097146504735,7.444348340285758,13,simulated
North Lake Leelanau,Lake,2005,Chlorophyll-a,9.099143572414153,5.461128875770679,7.313206061163138,18,simulated
North Lake Leelanau,Lake,2006,Chlorophyll-a,9.927576182799402,6.682383732703936,7.437020748202592,19,simulated
North Lake Leelanau,Lake,2007,Chlorophyll-a,10.241705576177921,6.904268894622889,7.874338397136079,17,simulated
North Lake Leelanau,Lake,2008,Chlorophyll-a,8.024958997294085,5.702070782568842,7.025023613329749,20,simulated
North Lake Leelanau,Lake,2009,Chlorophyll-a,8.47291349284872,5.546622129154686,7.368640074181119,16,simulated
North Lake Leelanau,Lake,2010,Chlorophyll-a,9.267066747560763,5.705606598295924,7.278386354119656,12,simulated
North Lake Leelanau,Lake,2011,Chlorophyll-a,8.643953101206307,4.672538410365828,7.037292940294596,18,simulated
North Lake Leelanau,Lake,2012,Chlorophyll-a,8.908516301978725,6.458658560622087,7.417516071087277,19,simulated
North Lake Leelanau,Lake,2013,Chlorophyll-a,10.486239427588679,6.592844797217184,8.043251886746171,19,simulated
North Lake Leelanau,Lake,2014,Chlorophyll-a,9.808090483429378,5.203909942629318,7.87234368109692,16,simulated
North Lake Leelanau,Lake,2015,Chlorophyll-a,9.83263428491699,6.028125191538402,7.952223491878808,15,simulated
North Lake Leelanau,Lake,2016,Chlorophyll-a,10.035348091380072,5.499234584196522,7.795879492970251,19,simulated
North Lake Leelanau,Lake,2017,Chlorophyll-a,9.652295137808348,4.991257989675351,7.99956632896543,23,simulated
North Lake Leelanau,Lake,2018,Chlorophyll-a,10.063295884882615,6.114806591936571,7.496801658528203,25,simulated
North Lake Leelanau,Lake,2019,Chlorophyll-a,9.125848726679465,5.998364575090012,7.748461458651327,25,simulated
North Lake Leelanau,Lake,2020,Chlorophyll-a,10.23879411166466,6.295563615449156,8.007316642181713,19,simulated
North Lake Leelanau,Lake,2021,Chlorophyll-a,10.786827277824113,7.313277479783038,8.092515366036451,18,simulated
North Lake Leelanau,Lake,2022,Chlorophyll-a,9.27492348208082,6.43737726056958,8.160166229475642,24,simulated
North Lake Leelanau,Lake,2023,Chlorophyll-a,9.68635144788152,5.654545948945035,8.013054352856324,24,simulated
North Lake Leelanau,Lake,2024,Chlorophyll-a,10.446330185850291,5.805417920058339,7.958674350214771,24,simulated
North Lake Leelanau,Lake,2025,Chlorophyll-a,12.537775165678319,6.909819473276331,9.544432732992878,17,simulated
North Lake Leelanau,Lake,2000,Chloride,6.600187269748728,5.120452757702916,6.212481563167402,21,simulated
North Lake Leelanau,Lake,2001,Chloride,7.321714746112228,5.313485361502379,6.371356206793696,19,simulated
North Lake Leelanau,Lake,2002,Chloride,7.410291081673699,5.60223709056455,6.485665702085768,20,simulated
North Lake Leelanau,Lake,2003,Chloride,7.188038916533846,5.685211470585787,6.420772762967886,20,simulated
North Lake Leelanau,Lake,2004,Chloride,6.9666743402354445,5.98629297783911,6.517668321640392,20,simulated
North Lake Leelanau,Lake,2005,Chloride,7.548387181155301,5.25235587955339,6.52764415000551,23,simulated
North Lake Leelanau,Lake,2006,Chloride,7.981742641117416,5.6286631470497355,6.711447786585308,18,simulated
North Lake Leelanau,Lake,2007,Chloride,7.6897799799155475,5.973087085736322,6.695945417397008,18,simulated
North Lake Leelanau,Lake,2008,Chloride,7.391039104787895,5.5888842022013385,6.705912005716923,19,simulated
North Lake Leelanau,Lake,2009,Chloride,7.626852363275132,5.79893508504931,6.697097850506917,28,simulated
North Lake Leelanau,Lake,2010,Chloride,7.385994035161678,5.977951960167305,6.8334940000687,24,simulated
North Lake Leelanau,Lake,2011,Chloride,8.243753683775696,5.901765713573669,6.983390832615493,24,simulated
North Lake Leelanau,Lake,2012,Chloride,7.983214550663614,6.254870156457127,7.000595831199632,20,simulated
North Lake Leelanau,Lake,2013,Chloride,7.5461160680821955,6.218875724342949,7.090028727138338,25,simulated
North Lake Leelanau,Lake,2014,Chloride,8.286807448278298,6.322161122614202,7.368403574233673,23,simulated
North Lake Leelanau,Lake,2015,Chloride,8.3183566075731,6.357486419906892,7.195562096051073,25,simulated
North Lake Leelanau,Lake,2016,Chloride,7.925803178167721,5.895101837872721,7.055755837218171,21,simulated
North Lake Leelanau,Lake,2017,Chloride,8.408290812733444,5.872525706086321,7.469659313027937,25,simulated
North Lake Leelanau,Lake,2018,Chloride,7.630373889667334,6.277470039806302,7.021755815044224,24,simulated
North Lake Leelanau,Lake,2019,Chloride,8.298964058642238,6.662138685744641,7.152534672547996,23,simulated
North Lake Leelanau,Lake,2020,Chloride,8.383211451019399,7.136885247912944,7.550085073248465,28,simulated
North Lake Leelanau,Lake,2021,Chloride,8.032971909639127,6.660003686650732,7.662347768514074,21,simulated
North Lake Leelanau,Lake,2022,Chloride,8.203581848092554,6.5106885255984945,7.313265663377423,28,simulated
North Lake Leelanau,Lake,2023,Chloride,8.933617881338941,6.4836972295381115,7.588076143768398,28,simulated
North Lake Leelanau,Lake,2024,Chloride,8.52466451484054,6.520711653830109,7.603868174993643,24,simulated
North Lake Leelanau,Lake,2025,Chloride,9.308822207505099,7.155490392700008,7.703244650571613,25,simulated
North Lake Leelanau,Lake,2000,Nitrate,12.125641944807352,7.79513725040768,10.566946989523176,22,simulated
North Lake Leelanau,Lake,2001,Nitrate,12.76190986424435,6.23563695879925,10.25066790352967,17,simulated
North Lake Leelanau,Lake,2002,Nitrate,13.771846748136735,6.0742790965882865,10.598505158459195,23,simulated
North Lake Leelanau,Lake,2003,Nitrate,15.068324423122235,8.420131671832895,11.424283904223886,24,simulated
North Lake Leelanau,Lake,2004,Nitrate,13.876309847616053,6.911800507640413,9.925134658451928,27,simulated
North Lake Leelanau,Lake,2005,Nitrate,11.331210745245423,7.354265788820534,9.118238337514883,29,simulated
North Lake Leelanau,Lake,2006,Nitrate,14.970602151626707,7.899988579622548,10.716352334210772,22,simulated
North Lake Leelanau,Lake,2007,Nitrate,13.70686032409782,8.326460858809009,11.2296881528201,27,simulated
North Lake Leelanau,Lake,2008,Nitrate,14.362080890784238,7.362889780281039,10.373141002029168,27,simulated
North Lake Leelanau,Lake,2009,Nitrate,12.620277206944728,6.558438007868425,9.401417636810129,28,simulated
North Lake Leelanau,Lake,2010,Nitrate,11.97330210600779,6.775842927509901,9.981043677279906,27,simulated
North Lake Leelanau,Lake,2011,Nitrate,12.12207978335175,6.5766598865489,9.322687365120515,20,simulated
North Lake Leelanau,Lake,2012,Nitrate,13.215184877157757,8.57891024474352,10.39972082180649,26,simulated
North Lake Leelanau,Lake,2013,Nitrate,12.095621740780425,7.316886576495015,9.118085858228255,23,simulated
North Lake Leelanau,Lake,2014,Nitrate,12.245480923145594,7.505152314306228,9.74543920393151,26,simulated
North Lake Leelanau,Lake,2015,Nitrate,11.591904320001905,6.941829320458472,9.276433599162418,30,simulated
North Lake Leelanau,Lake,2016,Nitrate,13.807712084021734,6.351049027688222,9.948769326020324,28,simulated
North Lake Leelanau,Lake,2017,Nitrate,12.177043708903048,7.891518144084939,9.612381933335913,31,simulated
North Lake Leelanau,Lake,2018,Nitrate,13.319386554952857,7.482495517686311,9.91675903726646,29,simulated
North Lake Leelanau,Lake,2019,Nitrate,12.30047142516489,6.32899156694799,9.790539577382868,24,simulated
North Lake Leelanau,Lake,2020,Nitrate,12.911817172425572,6.8542174270777965,9.1415853488007,21,simulated
North Lake Leelanau,Lake,2021,Nitrate,12.309256919609767,6.937938753596651,10.09784418316662,29,simulated
North Lake Leelanau,Lake,2022,Nitrate,11.820202740451686,7.111267020356449,9.654714674707392,28,simulated
North Lake Leelanau,Lake,2023,Nitrate,12.682011763916018,6.372850933448239,9.05404306982608,26,simulated
North Lake Leelanau,Lake,2024,Nitrate,13.59418407358551,8.166881881989985,10.978549031624954,25,simulated
North Lake Leelanau,Lake,2025,Nitrate,13.901438059100606,6.6199094088353405,9.880082832435605,28,simulated
North Lake Leelanau,Lake,2000,Secchi Depth,12.851772036795776,9.38842126010948,10.762064112611446,10,simulated
North Lake Leelanau,Lake,2001,Secchi Depth,11.780001494908781,7.170513993041269,10.519510417367304,8,simulated
North Lake Leelanau,Lake,2002,Secchi Depth,15.08543629542532,8.760348340817107,11.31702618749626,9,simulated
North Lake Leelanau,Lake,2003,Secchi Depth,13.559561192643471,7.741029188101015,9.88344096871225,13,simulated
North Lake Leelanau,Lake,2004,Secchi Depth,14.644607108960042,7.7568805866229,10.956432181868887,13,simulated
North Lake Leelanau,Lake,2005,Secchi Depth,12.691732101762907,7.789278907880982,10.51567870866504,15,simulated
North Lake Leelanau,Lake,2006,Secchi Depth,12.530169117526754,9.234200331384216,10.891959631176997,8,simulated
North Lake Leelanau,Lake,2007,Secchi Depth,11.894845800531234,7.968456632502046,10.284800170803532,11,simulated
North Lake Leelanau,Lake,2008,Secchi Depth,12.407929700850527,8.833788493681741,11.139383770618196,14,simulated
North Lake Leelanau,Lake,2009,Secchi Depth,13.116597286275809,9.550929398682138,10.727548881440995,14,simulated
North Lake Leelanau,Lake,2010,Secchi Depth,13.683053791356382,8.342080756584618,10.2039073680115,17,simulated
North Lake Leelanau,Lake,2011,Secchi Depth,12.928202789397922,8.290374749271296,10.59397514976636,14,simulated
North Lake Leelanau,Lake,2012,Secchi Depth,13.117217310081653,8.155841854138547,10.485505327813572,19,simulated
North Lake Leelanau,Lake,2013,Secchi Depth,14.45883941326277,9.517281028091594,10.911683963079769,15,simulated
North Lake Leelanau,Lake,2014,Secchi Depth,12.016635414269969,6.900616678460565,9.995384040028672,17,simulated
North Lake Leelanau,Lake,2015,Secchi Depth,14.609503239931835,8.281270200505725,10.65891579946379,13,simulated
North Lake Leelanau,Lake,2016,Secchi Depth,14.929842000917457,8.376159810027351,10.916514016366085,14,simulated
North Lake Leelanau,Lake,2017,Secchi Depth,13.103920156894588,7.965253071457475,10.73156065729096,17,simulated
North Lake Leelanau,Lake,2018,Secchi Depth,13.678398306588033,9.47280387949081,11.49208431878889,20,simulated
North Lake Leelanau,Lake,2019,Secchi Depth,14.301451888169712,8.261238856077544,11.18831912296946,17,simulated
North Lake Leelanau,Lake,2020,Secchi Depth,12.984280905007939,8.560842166391073,10.765297091712888,15,simulated
North Lake Leelanau,Lake,2021,Secchi Depth,12.551111151765673,9.075905784755472,10.911421434675496,20,simulated
North Lake Leelanau,Lake,2022,Secchi Depth,14.471895374698537,8.015372300970474,10.975491557084274,10,simulated
North Lake Leelanau,Lake,2023,Secchi Depth,14.528694065951944,7.373383410425722,11.05607209588786,12,simulated
North Lake Leelanau,Lake,2024,Secchi Depth,12.165304695601025,7.057380497077929,9.804003856922527,19,simulated
North Lake Leelanau,Lake,2025,Secchi Depth,12.220471715464612,7.550483485782005,10.692195926781723,17,simulated
North Lake Leelanau,Lake,2000,Total Phosphorus,7.78409577064095,5.354619328560064,6.715469237725952,12,simulated
North Lake Leelanau,Lake,2001,Total Phosphorus,7.724482188184683,5.149055377541078,6.829177192218002,11,simulated
North Lake Leelanau,Lake,2002,Total Phosphorus,7.443843419605536,4.9768594568580005,6.398299862032121,19,simulated
North Lake Leelanau,Lake,2003,Total Phosphorus,8.007855244542009,5.595313260991856,6.763163994933181,11,simulated
North Lake Leelanau,Lake,2004,Total Phosphorus,7.997682924422733,5.733348099874533,6.85103542148896,17,simulated
North Lake Leelanau,Lake,2005,Total Phosphorus,8.101192260277966,5.455800225032702,6.88191521826324,20,simulated
North Lake Leelanau,Lake,2006,Total Phosphorus,8.546013673652961,5.501618871840148,7.07200833711262,13,simulated
North Lake Leelanau,Lake,2007,Total Phosphorus,7.7174983849357215,4.782766037428578,6.541812883517978,15,simulated
North Lake Leelanau,Lake,2008,Total Phosphorus,7.728918018459693,4.842286702199872,6.518498056843698,22,simulated
North Lake Leelanau,Lake,2009,Total Phosphorus,6.5408245679460455,5.03794387288282,5.988094256830809,20,simulated
North Lake Leelanau,Lake,2010,Total Phosphorus,7.552741890896323,5.0884157748456005,6.233130176535724,17,simulated
North Lake Leelanau,Lake,2011,Total Phosphorus,7.456851654570574,4.863136099789742,6.29600839191827,22,simulated
North Lake Leelanau,Lake,2012,Total Phosphorus,8.461763772307387,4.953354599700075,6.605761319203792,23,simulated
North Lake Leelanau,Lake,2013,Total Phosphorus,6.954295009953044,4.635104637152072,6.121479981124076,20,simulated
North Lake Leelanau,Lake,2014,Total Phosphorus,7.0342781022197745,5.2703824998363,6.4732161616414166,17,simulated
North Lake Leelanau,Lake,2015,Total Phosphorus,7.625115986095425,5.490893178892753,6.226745248185826,19,simulated
North Lake Leelanau,Lake,2016,Total Phosphorus,7.435655332019426,5.33364928196191,6.149529992603992,21,simulated
North Lake Leelanau,Lake,2017,Total Phosphorus,7.05724213961901,4.956051583319041,6.233575304831215,20,simulated
North Lake Leelanau,Lake,2018,Total Phosphorus,6.651784696533254,4.772986335666855,6.0333355716123,24,simulated
North Lake Leelanau,Lake,2019,Total Phosphorus,7.6534688101618915,5.232858991438569,5.994144419301864,17,simulated
North Lake Leelanau,Lake,2020,Total Phosphorus,7.14829816820915,4.548657406365744,5.629390886668751,17,simulated
North Lake Leelanau,Lake,2021,Total Phosphorus,6.271415075273623,4.635474195196885,5.983747893535012,22,simulated
North Lake Leelanau,Lake,2022,Total Phosphorus,6.857501981711694,5.163332913236873,5.894339245175599,21,simulated
North Lake Leelanau,Lake,2023,Total Phosphorus,7.519921143846181,4.37920080753133,5.85649709992594,21,simulated
North Lake Leelanau,Lake,2024,Total Phosphorus,7.054535244381322,5.049453656793514,6.068987486436996,17,simulated
North Lake Leelanau,Lake,2025,Total Phosphorus,7.087570795709841,4.509662423492104,6.101748591904368,23,simulated
Platte Lake (Big Platte),Lake,2000,Chlorophyll-a,7.930373899152906,5.922217356977221,6.63850932393137,29,simulated
Platte Lake (Big Platte),Lake,2001,Chlorophyll-a,7.649211815239974,4.612947657375855,6.536226033871734,21,simulated
Platte Lake (Big Platte),Lake,2002,Chlorophyll-a,6.78026283993778,5.555151738436885,6.524848664878567,27,simulated
Platte Lake (Big Platte),Lake,2003,Chlorophyll-a,8.127165237179588,6.412224945436236,6.879244367543327,24,simulated
Platte Lake (Big Platte),Lake,2004,Chlorophyll-a,7.44564809395765,4.842529385015116,6.311783920723481,24,simulated
Platte Lake (Big Platte),Lake,2005,Chlorophyll-a,7.900521667024422,5.507125731897877,6.800727246686142,20,simulated
Platte Lake (Big Platte),Lake,2006,Chlorophyll-a,7.578053384650128,5.5161084679444015,6.295380472043596,24,simulated
Platte Lake (Big Platte),Lake,2007,Chlorophyll-a,7.376486246074885,5.78086415720665,6.537575941036448,23,simulated
Platte Lake (Big Platte),Lake,2008,Chlorophyll-a,7.6285112552860515,5.229083340175151,6.481459824517353,25,simulated
Platte Lake (Big Platte),Lake,2009,Chlorophyll-a,7.616124581744676,5.973695153352646,7.018294221485553,23,simulated
Platte Lake (Big Platte),Lake,2010,Chlorophyll-a,8.07921119690287,6.380062603518981,6.844594207521096,25,simulated
Platte Lake (Big Platte),Lake,2011,Chlorophyll-a,8.654854740655244,5.193646598587365,6.896676034285457,26,simulated
Platte Lake (Big Platte),Lake,2012,Chlorophyll-a,7.407891150839008,5.726366834042925,6.657157826915146,27,simulated
Platte Lake (Big Platte),Lake,2013,Chlorophyll-a,7.758526344356682,5.294698564656261,6.901951909463745,23,simulated
Platte Lake (Big Platte),Lake,2014,Chlorophyll-a,7.684586537372391,5.304492868177892,6.821605482760702,23,simulated
Platte Lake (Big Platte),Lake,2015,Chlorophyll-a,8.35331282333996,6.352768093600255,7.157839786735581,29,simulated
Platte Lake (Big Platte),Lake,2016,Chlorophyll-a,7.588908321075314,5.399723252386972,6.840040605369711,26,simulated
Platte Lake (Big Platte),Lake,2017,Chlorophyll-a,8.843432942493019,6.519304592423876,7.487701392753776,32,simulated
Platte Lake (Big Platte),Lake,2018,Chlorophyll-a,8.095669778117458,6.260970335165377,6.737492863299252,30,simulated
Platte Lake (Big Platte),Lake,2019,Chlorophyll-a,8.31315186366539,6.023570014387857,7.006359076395268,31,simulated
Platte Lake (Big Platte),Lake,2020,Chlorophyll-a,8.290615945596995,6.32185752830404,7.708854233300193,34,simulated
Platte Lake (Big Platte),Lake,2021,Chlorophyll-a,8.68589017001312,6.191157525801591,7.18591708787309,29,simulated
Platte Lake (Big Platte),Lake,2022,Chlorophyll-a,8.428858205374338,5.969360058696834,6.9893897799212645,28,simulated
Platte Lake (Big Platte),Lake,2023,Chlorophyll-a,8.94030708541446,5.837990860215552,7.445412633439714,33,simulated
Platte Lake (Big Platte),Lake,2024,Chlorophyll-a,8.602606285944805,6.0875725754033745,7.298218831580474,32,simulated
Platte Lake (Big Platte),Lake,2025,Chlorophyll-a,8.481597921724362,6.37130983935618,7.240779697838942,30,simulated
Platte Lake (Big Platte),Lake,2000,Chloride,8.829846317115377,5.236014034131767,6.875042859525023,17,simulated
Platte Lake (Big Platte),Lake,2001,Chloride,8.589792513627835,4.890134984578671,7.037217336815326,13,simulated
Platte Lake (Big Platte),Lake,2002,Chloride,9.471874140021118,6.212696626793652,7.106770710219116,12,simulated
Platte Lake (Big Platte),Lake,2003,Chloride,8.281896631121658,5.412739257481778,6.822711096881706,12,simulated
Platte Lake (Big Platte),Lake,2004,Chloride,8.927947629196987,4.945249781498448,7.278067463061219,14,simulated
Platte Lake (Big Platte),Lake,2005,Chloride,9.750196430345763,5.5350049696147465,7.859846637415068,14,simulated
Platte Lake (Big Platte),Lake,2006,Chloride,9.671939120019374,5.648654569648178,7.573838898926092,14,simulated
Platte Lake (Big Platte),Lake,2007,Chloride,9.533263861399297,6.5515149470820235,7.491389227122423,14,simulated
Platte Lake (Big Platte),Lake,2008,Chloride,8.964197382915557,5.804584912332843,7.4937688297244,17,simulated
Platte Lake (Big Platte),Lake,2009,Chloride,9.262796838171807,6.305943552056178,7.769190143892406,14,simulated
Platte Lake (Big Platte),Lake,2010,Chloride,10.207352760183419,6.002305295301731,8.019803197723633,12,simulated
Platte Lake (Big Platte),Lake,2011,Chloride,10.283120472878979,6.6523524235497415,8.04663636599355,13,simulated
Platte Lake (Big Platte),Lake,2012,Chloride,9.306014753254503,6.516497241732201,7.743177622495989,9,simulated
Platte Lake (Big Platte),Lake,2013,Chloride,9.068657786206739,7.392732286103395,8.097916578535377,21,simulated
Platte Lake (Big Platte),Lake,2014,Chloride,10.01829756787056,5.6688413055210525,8.248189453063045,18,simulated
Platte Lake (Big Platte),Lake,2015,Chloride,9.7945727807502,6.151100174982744,7.702290486713013,14,simulated
Platte Lake (Big Platte),Lake,2016,Chloride,11.212190007556046,6.302159295495276,8.288241606557541,15,simulated
Platte Lake (Big Platte),Lake,2017,Chloride,8.443087240132497,5.679663887558647,7.363607149299135,15,simulated
Platte Lake (Big Platte),Lake,2018,Chloride,10.3173739648165,7.2630618455611415,8.601012149318636,22,simulated
Platte Lake (Big Platte),Lake,2019,Chloride,10.542589727986446,7.521229708509576,8.770106583764061,13,simulated
Platte Lake (Big Platte),Lake,2020,Chloride,11.766647504468459,7.47859799051492,8.901205110893132,18,simulated
Platte Lake (Big Platte),Lake,2021,Chloride,10.396868032694837,6.958220714811456,8.477278062967157,17,simulated
Platte Lake (Big Platte),Lake,2022,Chloride,10.368714626935628,6.630665935770767,8.888366788142589,21,simulated
Platte Lake (Big Platte),Lake,2023,Chloride,12.034632673277216,7.842580682573296,9.497076070962128,18,simulated
Platte Lake (Big Platte),Lake,2024,Chloride,11.520526470383029,6.246893353738669,9.591972341506343,13,simulated
Platte Lake (Big Platte),Lake,2025,Chloride,10.31614705833929,6.313839234282245,9.01144930963886,18,simulated
Platte Lake (Big Platte),Lake,2000,Nitrate,11.594163843115206,7.654556123846792,10.033958017214124,31,simulated
Platte Lake (Big Platte),Lake,2001,Nitrate,14.363312432083273,7.808488429489842,10.758834270274509,35,simulated
Platte Lake (Big Platte),Lake,2002,Nitrate,11.637053211438861,5.746170765107941,8.970395819354037,26,simulated
Platte Lake (Big Platte),Lake,2003,Nitrate,11.819848886623086,8.442442886165615,9.464507413252326,27,simulated
Platte Lake (Big Platte),Lake,2004,Nitrate,13.0784335320471,7.593968079863546,9.574654810142691,26,simulated
Platte Lake (Big Platte),Lake,2005,Nitrate,11.806102195683712,8.790420069011951,9.642096659707128,31,simulated
Platte Lake (Big Platte),Lake,2006,Nitrate,13.717233858135888,7.709882991597825,10.230078440269608,31,simulated
Platte Lake (Big Platte),Lake,2007,Nitrate,12.194839755599727,7.141669970901669,9.702389160744335,30,simulated
Platte Lake (Big Platte),Lake,2008,Nitrate,11.686218502775963,6.392856574550976,9.996649813891151,33,simulated
Platte Lake (Big Platte),Lake,2009,Nitrate,12.96968133750146,7.025177709169935,9.402863129548614,35,simulated
Platte Lake (Big Platte),Lake,2010,Nitrate,12.955712439434771,6.686926316084481,9.840524088197132,27,simulated
Platte Lake (Big Platte),Lake,2011,Nitrate,12.486795155034718,7.210173142471992,10.109321433864986,30,simulated
Platte Lake (Big Platte),Lake,2012,Nitrate,12.022365464942853,7.301130413082955,9.267411177057337,35,simulated
Platte Lake (Big Platte),Lake,2013,Nitrate,12.211875640890854,8.638590935883549,10.05522208723356,31,simulated
Platte Lake (Big Platte),Lake,2014,Nitrate,12.573273514077991,7.0909161819067865,9.63661797378106,30,simulated
Platte Lake (Big Platte),Lake,2015,Nitrate,10.840202124377585,8.773720960442386,10.140665043582132,36,simulated
Platte Lake (Big Platte),Lake,2016,Nitrate,11.048209709696112,6.246422736447093,9.44795445896841,29,simulated
Platte Lake (Big Platte),Lake,2017,Nitrate,12.80393544477701,7.472073445905286,9.731438376682918,33,simulated
Platte Lake (Big Platte),Lake,2018,Nitrate,11.621228776228834,6.337597801228833,9.48084359926452,35,simulated
Platte Lake (Big Platte),Lake,2019,Nitrate,11.86843949507307,7.456429425179662,9.425150114553022,32,simulated
Platte Lake (Big Platte),Lake,2020,Nitrate,10.980387763944846,7.058133978439143,9.586199526796616,37,simulated
Platte Lake (Big Platte),Lake,2021,Nitrate,13.387228278729545,7.1883767072245455,9.705668866462808,33,simulated
Platte Lake (Big Platte),Lake,2022,Nitrate,11.637794591381557,6.637734097843936,8.742358354000963,39,simulated
Platte Lake (Big Platte),Lake,2023,Nitrate,12.441809027630892,7.971448722998119,10.120688767083209,35,simulated
Platte Lake (Big Platte),Lake,2024,Nitrate,10.171748571601166,6.091209825882951,8.375888612014204,38,simulated
Platte Lake (Big Platte),Lake,2025,Nitrate,11.826412039314082,7.383750674504492,8.963377150136527,38,simulated
Platte Lake (Big Platte),Lake,2000,Secchi Depth,11.906804344403387,7.59509943864952,9.108052593037568,27,simulated
Platte Lake (Big Platte),Lake,2001,Secchi Depth,12.817505852023404,9.182466576148641,10.376267503841271,36,simulated
Platte Lake (Big Platte),Lake,2002,Secchi Depth,12.266217170700303,7.449948565085373,10.245565735037546,36,simulated
Platte Lake (Big Platte),Lake,2003,Secchi Depth,13.458409577739465,8.935207040897948,10.515998854805549,30,simulated
Platte Lake (Big Platte),Lake,2004,Secchi Depth,13.412672224441069,8.102498627495665,10.12757489037984,30,simulated
Platte Lake (Big Platte),Lake,2005,Secchi Depth,10.39599215904482,6.8221506744501745,10.039746278153824,29,simulated
Platte Lake (Big Platte),Lake,2006,Secchi Depth,14.185424856034805,9.877983016015563,11.33413903889259,31,simulated
Platte Lake (Big Platte),Lake,2007,Secchi Depth,10.744021394019095,8.384724875867935,9.53066165695772,27,simulated
Platte Lake (Big Platte),Lake,2008,Secchi Depth,13.446487893608976,8.131175533603926,10.7066886045013,32,simulated
Platte Lake (Big Platte),Lake,2009,Secchi Depth,12.357954565691502,7.033433325897157,10.038044345971953,37,simulated
Platte Lake (Big Platte),Lake,2010,Secchi Depth,12.880904344570872,8.986470523734233,10.18238792563176,31,simulated
Platte Lake (Big Platte),Lake,2011,Secchi Depth,12.143269411775663,7.6603722041932585,10.210994925873877,32,simulated
Platte Lake (Big Platte),Lake,2012,Secchi Depth,10.944788918882676,7.366083471234964,9.972546771771748,28,simulated
Platte Lake (Big Platte),Lake,2013,Secchi Depth,12.782841084381086,9.80739698338622,10.719377797269589,35,simulated
Platte Lake (Big Platte),Lake,2014,Secchi Depth,13.964727865618343,8.091348221866065,11.17414616842818,34,simulated
Platte Lake (Big Platte),Lake,2015,Secchi Depth,13.813464448052667,7.695843057931941,10.705052386399386,34,simulated
Platte Lake (Big Platte),Lake,2016,Secchi Depth,12.049059275031787,8.405073451195918,10.529397477325569,34,simulated
Platte Lake (Big Platte),Lake,2017,Secchi Depth,12.868856909785018,6.915193811972324,9.966989900730551,34,simulated
Platte Lake (Big Platte),Lake,2018,Secchi Depth,12.723966709635533,7.569226209795864,10.789323629832008,36,simulated
Platte Lake (Big Platte),Lake,2019,Secchi Depth,14.571836721486402,9.005865388000817,11.687660170068112,35,simulated
Platte Lake (Big Platte),Lake,2020,Secchi Depth,12.298016210403818,8.356207799883551,10.347303049613451,36,simulated
Platte Lake (Big Platte),Lake,2021,Secchi Depth,12.802813422367013,8.734612550295875,10.3688867040531,36,simulated
Platte Lake (Big Platte),Lake,2022,Secchi Depth,13.190781928867054,8.024196480918755,10.288246461035811,39,simulated
Platte Lake (Big Platte),Lake,2023,Secchi Depth,11.80092993213864,7.6496026677334354,10.34587554920194,38,simulated
Platte Lake (Big Platte),Lake,2024,Secchi Depth,10.7652736405171,7.307571393049221,9.14503062803094,37,simulated
Platte Lake (Big Platte),Lake,2025,Secchi Depth,13.421826017962616,10.044298655833938,10.86857864164744,40,simulated
Platte Lake (Big Platte),Lake,2000,Total Phosphorus,10.265314135125529,7.924364417914452,8.651414771989533,14,simulated
Platte Lake (Big Platte),Lake,2001,Total Phosphorus,9.137199733652446,6.847468913438726,8.415599449989443,9,simulated
Platte Lake (Big Platte),Lake,2002,Total Phosphorus,8.46079678170632,6.859606061295534,7.709989167726895,11,simulated
Platte Lake (Big Platte),Lake,2003,Total Phosphorus,9.351658434093988,7.575028583088603,8.5123694042913,9,simulated
Platte Lake (Big Platte),Lake,2004,Total Phosphorus,9.565100497794747,6.6335783124869865,8.154540210243042,13,simulated
Platte Lake (Big Platte),Lake,2005,Total Phosphorus,8.773102252845616,7.556823648256145,8.060982549310935,12,simulated
Platte Lake (Big Platte),Lake,2006,Total Phosphorus,9.154928752188416,7.472962061791907,8.105523721137814,9,simulated
Platte Lake (Big Platte),Lake,2007,Total Phosphorus,9.187556096486079,6.768464461996931,7.897494872859925,8,simulated
Platte Lake (Big Platte),Lake,2008,Total Phosphorus,9.132001715175416,6.752495250247849,8.004283666859383,8,simulated
Platte Lake (Big Platte),Lake,2009,Total Phosphorus,8.948871095168036,6.4727993341601495,7.748567462305643,13,simulated
Platte Lake (Big Platte),Lake,2010,Total Phosphorus,8.98945709789444,7.118244062241313,8.188743672274391,14,simulated
Platte Lake (Big Platte),Lake,2011,Total Phosphorus,9.107460290025742,5.818871835517754,7.788185685785182,15,simulated
Platte Lake (Big Platte),Lake,2012,Total Phosphorus,8.578096955481545,6.649391143430618,7.677529106669498,13,simulated
Platte Lake (Big Platte),Lake,2013,Total Phosphorus,8.471256592146167,6.495173245566587,7.498385508494754,10,simulated
Platte Lake (Big Platte),Lake,2014,Total Phosphorus,8.954619491120761,6.910965480480376,7.759674437084341,12,simulated
Platte Lake (Big Platte),Lake,2015,Total Phosphorus,8.838014556732066,6.549794051744632,7.697361138162385,17,simulated
Platte Lake (Big Platte),Lake,2016,Total Phosphorus,8.821924720812222,6.394165485447756,7.706240907915892,13,simulated
Platte Lake (Big Platte),Lake,2017,Total Phosphorus,8.127171620878578,5.882035037262348,7.3127277903995545,15,simulated
Platte Lake (Big Platte),Lake,2018,Total Phosphorus,8.064374631194266,6.5643139538081385,7.131407066775606,12,simulated
Platte Lake (Big Platte),Lake,2019,Total Phosphorus,8.739777679113116,6.623507415385049,7.640756236212484,16,simulated
Platte Lake (Big Platte),Lake,2020,Total Phosphorus,10.876,5.074,7.58435294117647,17,measured
Platte Lake (Big Platte),Lake,2021,Total Phosphorus,9.541,5.934,7.917999999999999,17,measured
Platte Lake (Big Platte),Lake,2022,Total Phosphorus,9.634,6.009,7.836222222222222,18,measured
Platte Lake (Big Platte),Lake,2023,Total Phosphorus,8.62,5.314,7.185733333333333,15,measured
Platte Lake (Big Platte),Lake,2024,Total Phosphorus,9.214,4.943,7.153941176470589,17,measured
Platte Lake (Big Platte),Lake,2025,Total Phosphorus,10.344,4.76,7.9516,15,measured
Portage Lake,Lake,2000,Chlorophyll-a,7.69498795513368,3.533077402310524,5.736238353853069,6,simulated
Portage Lake,Lake,2001,Chlorophyll-a,7.650809489124168,5.31068413231778,6.143582259755153,14,simulated
Portage Lake,Lake,2002,Chlorophyll-a,7.91271754723962,4.920241232182519,6.224089691944177,8,simulated
Portage Lake,Lake,2003,Chlorophyll-a,7.834104662486368,4.2220334634743075,6.196323355582851,7,simulated
Portage Lake,Lake,2004,Chlorophyll-a,7.621169525263621,4.362263089411789,6.069309332354977,9,simulated
Portage Lake,Lake,2005,Chlorophyll-a,7.679453981434099,4.78722592694197,6.552230821798778,10,simulated
Portage Lake,Lake,2006,Chlorophyll-a,8.408284604472545,5.129224505037637,6.272354264550199,12,simulated
Portage Lake,Lake,2007,Chlorophyll-a,8.363303883971344,5.1673892911817,6.543120504660775,12,simulated
Portage Lake,Lake,2008,Chlorophyll-a,7.285522154895299,3.677234706815394,5.666028222578918,9,simulated
Portage Lake,Lake,2009,Chlorophyll-a,5.849971664971989,3.6676137434697353,4.900622715691321,14,simulated
Portage Lake,Lake,2010,Chlorophyll-a,7.931657546228127,4.651520470572937,6.499519875875666,11,simulated
Portage Lake,Lake,2011,Chlorophyll-a,7.321889140249575,4.4405920692627365,5.895012657667186,12,simulated
Portage Lake,Lake,2012,Chlorophyll-a,7.267684255568767,5.333869920676697,6.386718609713703,15,simulated
Portage Lake,Lake,2013,Chlorophyll-a,7.1951574828243565,4.299044738497201,6.389234852698017,11,simulated
Portage Lake,Lake,2014,Chlorophyll-a,8.645195098305365,5.045384252819687,7.147773226239037,12,simulated
Portage Lake,Lake,2015,Chlorophyll-a,8.72259116226845,3.821897442349389,6.732416364568141,16,simulated
Portage Lake,Lake,2016,Chlorophyll-a,8.053175955400699,5.493416612598753,6.680481251907192,12,simulated
Portage Lake,Lake,2017,Chlorophyll-a,8.218087726105674,4.755797331461219,6.979597688318017,13,simulated
Portage Lake,Lake,2018,Chlorophyll-a,8.156493447260221,5.776770349609469,6.836425798131407,17,simulated
Portage Lake,Lake,2019,Chlorophyll-a,7.996138541550268,4.797683110794839,6.550762272427444,21,simulated
Portage Lake,Lake,2020,Chlorophyll-a,8.835930908200597,4.816257149697277,7.1929073726487385,17,simulated
Portage Lake,Lake,2021,Chlorophyll-a,9.05071538367024,5.751096617408279,6.366694350719167,17,simulated
Portage Lake,Lake,2022,Chlorophyll-a,9.323122384077694,5.303082052799825,6.976273104260391,18,simulated
Portage Lake,Lake,2023,Chlorophyll-a,8.35652288739663,4.9334719301949175,6.263714199052867,13,simulated
Portage Lake,Lake,2024,Chlorophyll-a,9.426935429033605,5.594347048847792,7.008138103714631,17,simulated
Portage Lake,Lake,2025,Chlorophyll-a,8.304489928444765,5.035734950834534,7.0438133133849545,17,simulated
Portage Lake,Lake,2000,Chloride,8.639660451615075,4.851797717121687,6.655489715183529,6,simulated
Portage Lake,Lake,2001,Chloride,8.199531916854049,4.932387631176834,6.831218014535719,6,simulated
Portage Lake,Lake,2002,Chloride,8.622775463303244,5.121732983887185,6.584500932395542,7,simulated
Portage Lake,Lake,2003,Chloride,7.765581633754204,5.0986355678797946,6.809713022999242,11,simulated
Portage Lake,Lake,2004,Chloride,8.681963318505678,4.61288834797141,6.287380539145633,10,simulated
Portage Lake,Lake,2005,Chloride,8.74528350564546,3.852199562666815,6.758958990963311,9,simulated
Portage Lake,Lake,2006,Chloride,9.469672666677397,4.7774556425515025,7.6090055278576125,6,simulated
Portage Lake,Lake,2007,Chloride,8.737471313704491,4.514228043750853,7.177873811935719,6,simulated
Portage Lake,Lake,2008,Chloride,8.99070261972711,4.80199456720301,7.0824768301548575,10,simulated
Portage Lake,Lake,2009,Chloride,10.871029371304957,6.502666250758697,8.054596685933651,11,simulated
Portage Lake,Lake,2010,Chloride,8.785603991656021,4.688780605133559,6.568922373273882,11,simulated
Portage Lake,Lake,2011,Chloride,8.291013721187804,4.223477606910249,6.748999446930135,7,simulated
Portage Lake,Lake,2012,Chloride,9.953211579356434,6.706957080985267,8.183429262774288,12,simulated
Portage Lake,Lake,2013,Chloride,10.0183901376408,4.870534431957557,7.437883507463183,12,simulated
Portage Lake,Lake,2014,Chloride,9.032600483881263,3.7412906688092,7.36141928365168,7,simulated
Portage Lake,Lake,2015,Chloride,8.99907818545813,4.293401443987246,6.94891135503677,9,simulated
Portage Lake,Lake,2016,Chloride,10.199195133501474,4.605046809243671,7.842003382855458,13,simulated
Portage Lake,Lake,2017,Chloride,10.484861538611977,5.502861619079333,7.9614226809994335,11,simulated
Portage Lake,Lake,2018,Chloride,9.811592681506202,4.501600981289319,7.190878635955332,17,simulated
Portage Lake,Lake,2019,Chloride,9.14474103884079,5.987336304201525,7.74969071217933,14,simulated
Portage Lake,Lake,2020,Chloride,8.671183882891958,4.946381029720795,7.716947955178912,11,simulated
Portage Lake,Lake,2021,Chloride,10.045478653733554,5.290247143360752,8.098011545066605,13,simulated
Portage Lake,Lake,2022,Chloride,10.759552361557928,5.095147171345675,7.438521915901874,13,simulated
Portage Lake,Lake,2023,Chloride,12.866041129956683,5.22973893985837,8.778395582449642,11,simulated
Portage Lake,Lake,2024,Chloride,12.570180486913351,6.567021782021152,8.674823496016344,11,simulated
Portage Lake,Lake,2025,Chloride,10.252189552656455,5.850212829937485,8.053275169300505,16,simulated
Portage Lake,Lake,2000,Nitrate,15.263613438796328,8.04049200277579,11.309612687619271,18,simulated
Portage Lake,Lake,2001,Nitrate,14.901370685101092,9.544338685248544,11.825828391952568,18,simulated
Portage Lake,Lake,2002,Nitrate,12.91107545824589,8.229448968729379,10.550974289552348,18,simulated
Portage Lake,Lake,2003,Nitrate,13.251840367548851,9.49350578632815,11.84938584217867,23,simulated
Portage Lake,Lake,2004,Nitrate,12.697963653341985,7.701293120065275,10.271866248369474,21,simulated
Portage Lake,Lake,2005,Nitrate,13.247107839396577,6.824376330629086,10.173905782584637,17,simulated
Portage Lake,Lake,2006,Nitrate,12.714041222697768,7.89253267413816,9.698356825706192,24,simulated
Portage Lake,Lake,2007,Nitrate,13.362146038552742,7.157525282131667,10.448306865619836,18,simulated
Portage Lake,Lake,2008,Nitrate,12.488750202366345,8.457107088279864,10.38225187872948,23,simulated
Portage Lake,Lake,2009,Nitrate,12.037826054249233,8.978338743674291,10.957660729490769,24,simulated
Portage Lake,Lake,2010,Nitrate,12.977416447766048,7.5125156390794725,10.758542033426794,26,simulated
Portage Lake,Lake,2011,Nitrate,12.0594527935495,6.827527181640097,9.883878845420028,29,simulated
Portage Lake,Lake,2012,Nitrate,12.586676073890677,7.182560066617883,10.321265785638586,20,simulated
Portage Lake,Lake,2013,Nitrate,13.260826964497639,8.791801676098622,10.30223494899052,24,simulated
Portage Lake,Lake,2014,Nitrate,13.110171034236146,7.485184972817406,9.455404036948504,24,simulated
Portage Lake,Lake,2015,Nitrate,12.370457403955804,6.900651380703196,9.886822912432658,26,simulated
Portage Lake,Lake,2016,Nitrate,12.237810986979701,7.530904751885373,9.977993710003792,26,simulated
Portage Lake,Lake,2017,Nitrate,13.721428404510174,9.374172813972566,11.21588475081514,25,simulated
Portage Lake,Lake,2018,Nitrate,13.099873337965692,7.584618809477957,10.469272739463388,25,simulated
Portage Lake,Lake,2019,Nitrate,12.655585438331249,8.669269502658903,10.70657573363667,23,simulated
Portage Lake,Lake,2020,Nitrate,11.811791936857237,5.923663633602494,9.44214800911894,29,simulated
Portage Lake,Lake,2021,Nitrate,13.953345725622977,7.06436941128038,10.94388769501534,28,simulated
Portage Lake,Lake,2022,Nitrate,13.795854680348025,7.831981405231687,10.971142496977146,30,simulated
Portage Lake,Lake,2023,Nitrate,11.573580901138468,5.978502670721464,9.073910248243136,26,simulated
Portage Lake,Lake,2024,Nitrate,12.450258901125139,7.360798517083809,9.774493511878566,26,simulated
Portage Lake,Lake,2025,Nitrate,11.601338243924719,7.315739178679326,10.41910393936842,25,simulated
Portage Lake,Lake,2000,Secchi Depth,11.278857069828785,9.250439348078324,10.362410064595256,15,simulated
Portage Lake,Lake,2001,Secchi Depth,12.366306962159712,9.595734002555131,11.289280910408785,17,simulated
Portage Lake,Lake,2002,Secchi Depth,11.532574312237541,9.035731063824688,10.317159291097374,10,simulated
Portage Lake,Lake,2003,Secchi Depth,11.786779101596146,9.476667120373174,10.835194234964806,14,simulated
Portage Lake,Lake,2004,Secchi Depth,12.50353308159751,9.248839064310392,11.264126015364422,16,simulated
Portage Lake,Lake,2005,Secchi Depth,11.88361905803552,9.864377172574027,10.979024981773296,15,simulated
Portage Lake,Lake,2006,Secchi Depth,11.493006419130335,8.691078585339735,10.865425188822798,8,simulated
Portage Lake,Lake,2007,Secchi Depth,12.285235621659284,9.443902289600825,10.522379622389842,17,simulated
Portage Lake,Lake,2008,Secchi Depth,11.227247315654814,9.038779295470478,10.410638817388149,20,simulated
Portage Lake,Lake,2009,Secchi Depth,12.4666563434419,9.810111327499534,11.116443627134558,17,simulated
Portage Lake,Lake,2010,Secchi Depth,13.161774309340426,9.858950361287373,11.372549701318372,13,simulated
Portage Lake,Lake,2011,Secchi Depth,11.89873846218027,9.204583003182865,10.77136645469526,15,simulated
Portage Lake,Lake,2012,Secchi Depth,11.587544753364012,9.03439121245931,10.567083608798503,22,simulated
Portage Lake,Lake,2013,Secchi Depth,11.55600861180017,9.153494125161174,10.16313923115023,20,simulated
Portage Lake,Lake,2014,Secchi Depth,12.484439672745054,9.75081438735279,10.657860516456674,20,simulated
Portage Lake,Lake,2015,Secchi Depth,11.870556131341576,8.49521421206203,10.957578226760017,19,simulated
Portage Lake,Lake,2016,Secchi Depth,12.944953780286085,10.266551672188498,11.53164221709686,16,simulated
Portage Lake,Lake,2017,Secchi Depth,11.947199950636332,9.506329023246154,11.253577718970131,18,simulated
Portage Lake,Lake,2018,Secchi Depth,12.418193493044761,10.414192738760157,11.155388260522598,19,simulated
Portage Lake,Lake,2019,Secchi Depth,12.366619339365503,9.660112006381375,10.94722995438655,21,simulated
Portage Lake,Lake,2020,Secchi Depth,11.949278280039564,9.561697429798564,10.908243764373374,24,simulated
Portage Lake,Lake,2021,Secchi Depth,12.859629771680188,9.880858872859347,11.577478585749503,23,simulated
Portage Lake,Lake,2022,Secchi Depth,12.036081611737297,10.941964909360683,11.205520461884335,16,simulated
Portage Lake,Lake,2023,Secchi Depth,11.847613457868782,9.061456073541136,10.472490254232582,21,simulated
Portage Lake,Lake,2024,Secchi Depth,12.81322452886104,10.039444134054037,10.960964751222509,23,simulated
Portage Lake,Lake,2025,Secchi Depth,11.86117449900123,9.382931421697418,10.920905633144017,23,simulated
Portage Lake,Lake,2000,Total Phosphorus,9.54306798286802,5.081844479992018,7.502779791968971,19,simulated
Portage Lake,Lake,2001,Total Phosphorus,6.644914588704177,3.75487873015004,5.739003079513172,18,simulated
Portage Lake,Lake,2002,Total Phosphorus,7.878772693163857,4.180026900802829,5.791285265905783,16,simulated
Portage Lake,Lake,2003,Total Phosphorus,9.033269039309962,5.528669922494821,6.301535973452205,17,simulated
Portage Lake,Lake,2004,Total Phosphorus,8.670252615850286,5.597588514046768,7.037036101123251,17,simulated
Portage Lake,Lake,2005,Total Phosphorus,7.241331340050015,3.686748296672489,5.808994726230679,20,simulated
Portage Lake,Lake,2006,Total Phosphorus,8.009339072546368,5.7031861608085475,6.011012480766211,17,simulated
Portage Lake,Lake,2007,Total Phosphorus,9.311375888756388,3.9745390214903438,6.520617937034079,17,simulated
Portage Lake,Lake,2008,Total Phosphorus,7.5237699601198775,4.037722629618344,6.052879230573211,25,simulated
Portage Lake,Lake,2009,Total Phosphorus,6.917747427813124,3.529677700765592,5.898389169669513,22,simulated
Portage Lake,Lake,2010,Total Phosphorus,8.357976167944837,4.540240997456952,6.2259473453300975,17,simulated
Portage Lake,Lake,2011,Total Phosphorus,8.251603188143962,5.413052484441504,6.081115374592523,22,simulated
Portage Lake,Lake,2012,Total Phosphorus,8.179952552068253,4.284917174976144,6.348748963219713,20,simulated
Portage Lake,Lake,2013,Total Phosphorus,7.95912768002205,3.8649684379087197,6.420210712047032,22,simulated
Portage Lake,Lake,2014,Total Phosphorus,8.253959554698273,3.798504367388557,6.008158252392128,21,simulated
Portage Lake,Lake,2015,Total Phosphorus,7.9660128853203425,4.595761992955285,5.973704072194314,25,simulated
Portage Lake,Lake,2016,Total Phosphorus,7.225996402110825,4.168069169588308,5.915506666060682,22,simulated
Portage Lake,Lake,2017,Total Phosphorus,7.743125836057266,4.542976299212937,5.992453560671394,21,simulated
Portage Lake,Lake,2018,Total Phosphorus,6.791487700875263,4.539747773359421,5.798958570152214,25,simulated
Portage Lake,Lake,2019,Total Phosphorus,7.746475127544725,3.620236868370941,5.750280691061472,23,simulated
Portage Lake,Lake,2020,Total Phosphorus,7.81150343100586,5.034943406841284,6.173851171968632,23,simulated
Portage Lake,Lake,2021,Total Phosphorus,7.832026269722101,4.94434301341675,6.2642545953900335,24,simulated
Portage Lake,Lake,2022,Total Phosphorus,6.562173268400169,4.123236436981673,5.106486020941247,23,simulated
Portage Lake,Lake,2023,Total Phosphorus,7.290722051080419,4.746917340444086,5.645651452281832,23,simulated
Portage Lake,Lake,2024,Total Phosphorus,7.318339168003162,3.749479923357102,5.360625710357255,22,simulated
Portage Lake,Lake,2025,Total Phosphorus,7.329530163318957,3.3488772457949163,5.474050127172464,22,simulated
Silver Lake,Lake,2000,Chlorophyll-a,6.696823676230573,4.963357175858125,5.679408780340636,25,simulated
Silver Lake,Lake,2001,Chlorophyll-a,7.655617549197299,3.899160665158381,5.892420597420507,27,simulated
Silver Lake,Lake,2002,Chlorophyll-a,7.421500314913752,3.653579668014709,6.177054280492452,29,simulated
Silver Lake,Lake,2003,Chlorophyll-a,8.326771587233344,4.596165180493515,6.309548317678177,27,simulated
Silver Lake,Lake,2004,Chlorophyll-a,8.430306528719242,4.357668850818856,6.20610809999108,29,simulated
Silver Lake,Lake,2005,Chlorophyll-a,7.182560964535372,3.6634167861609024,5.476042429435764,31,simulated
Silver Lake,Lake,2006,Chlorophyll-a,8.590467619071658,5.339867731367671,6.949352577601226,32,simulated
Silver Lake,Lake,2007,Chlorophyll-a,8.595884385843114,4.993076940350417,6.805089453128867,32,simulated
Silver Lake,Lake,2008,Chlorophyll-a,7.5067529611479955,5.592741277744882,6.602450922844249,29,simulated
Silver Lake,Lake,2009,Chlorophyll-a,8.923117365240362,5.293764912954861,7.18253876080041,30,simulated
Silver Lake,Lake,2010,Chlorophyll-a,7.286575557937059,4.35615603039122,6.137110399099234,38,simulated
Silver Lake,Lake,2011,Chlorophyll-a,9.461491112919493,5.136091404455004,7.249875905811458,34,simulated
Silver Lake,Lake,2012,Chlorophyll-a,8.98162192599693,4.13816461143199,6.2056580486647865,28,simulated
Silver Lake,Lake,2013,Chlorophyll-a,8.641105081662598,5.399110753548492,6.696850243861302,32,simulated
Silver Lake,Lake,2014,Chlorophyll-a,6.77745809239197,4.847033585677991,6.152053120701288,31,simulated
Silver Lake,Lake,2015,Chlorophyll-a,8.18411813394803,4.03469497632303,6.680326147467877,32,simulated
Silver Lake,Lake,2016,Chlorophyll-a,8.654130783474452,5.205317440280029,6.858860499618753,29,simulated
Silver Lake,Lake,2017,Chlorophyll-a,8.415719668906151,4.895245239273093,6.684003517497261,31,simulated
Silver Lake,Lake,2018,Chlorophyll-a,8.44986640098303,5.312302256315306,7.058523440405142,38,simulated
Silver Lake,Lake,2019,Chlorophyll-a,8.71099503046776,5.549664308314089,6.853408534358628,35,simulated
Silver Lake,Lake,2020,Chlorophyll-a,7.6954210658111,4.149229713124756,6.643376095654958,26,simulated
Silver Lake,Lake,2021,Chlorophyll-a,7.865089861022056,5.244955362503194,6.660252431771388,37,simulated
Silver Lake,Lake,2022,Chlorophyll-a,9.428661924633218,6.034563672924435,7.2451257722005105,37,simulated
Silver Lake,Lake,2023,Chlorophyll-a,7.869942718869119,5.2330926048197846,6.6947428322993865,33,simulated
Silver Lake,Lake,2024,Chlorophyll-a,9.521775670817682,6.620185169835426,7.362777768238805,37,simulated
Silver Lake,Lake,2025,Chlorophyll-a,8.645097032672746,5.996937063353869,7.52569638237279,32,simulated
Silver Lake,Lake,2000,Chloride,8.519930014691619,5.161524715305757,6.896226409816752,7,simulated
Silver Lake,Lake,2001,Chloride,8.121592764044115,5.172811689545204,6.310130417095626,13,simulated
Silver Lake,Lake,2002,Chloride,6.887604144455621,4.0954376065506075,5.776003108360134,16,simulated
Silver Lake,Lake,2003,Chloride,8.61332182882285,4.8900405621796414,6.51574407152657,12,simulated
Silver Lake,Lake,2004,Chloride,8.826700800335113,5.164650480345371,6.575123507153249,14,simulated
Silver Lake,Lake,2005,Chloride,8.399644630234716,4.7333815577157,7.132680261113457,10,simulated
Silver Lake,Lake,2006,Chloride,8.195808499169987,5.679215247501733,6.743528761326569,7,simulated
Silver Lake,Lake,2007,Chloride,8.049045676136458,5.175435423482546,6.639766996500832,13,simulated
Silver Lake,Lake,2008,Chloride,10.582332488328232,4.880031163925775,7.288144171398522,14,simulated
Silver Lake,Lake,2009,Chloride,8.528484868613251,5.058070158084224,6.9906838629850885,12,simulated
Silver Lake,Lake,2010,Chloride,9.254969741994085,5.038349735179055,6.708175407049008,12,simulated
Silver Lake,Lake,2011,Chloride,8.736946503680063,5.502652356093828,7.554098363379861,16,simulated
Silver Lake,Lake,2012,Chloride,8.517076260553686,5.307810239011486,7.232761353483722,10,simulated
Silver Lake,Lake,2013,Chloride,8.674546998080194,6.231069159603351,7.225601403448017,11,simulated
Silver Lake,Lake,2014,Chloride,8.760991894464382,5.704981164840326,7.371616503103103,11,simulated
Silver Lake,Lake,2015,Chloride,8.520063437764355,4.3212080421265,6.914217951213125,14,simulated
Silver Lake,Lake,2016,Chloride,8.651778660552543,5.754651162089133,7.216735058595798,11,simulated
Silver Lake,Lake,2017,Chloride,8.951762393127273,5.801793525024082,7.519503167653522,13,simulated
Silver Lake,Lake,2018,Chloride,10.062947403132194,5.919841817169677,7.507860148742321,13,simulated
Silver Lake,Lake,2019,Chloride,11.074928758032542,6.207649540807718,8.232490689302782,14,simulated
Silver Lake,Lake,2020,Chloride,10.388026604446894,6.208864785383783,7.843136882999691,11,simulated
Silver Lake,Lake,2021,Chloride,10.60877344710987,5.833463375069062,8.209531433238611,16,simulated
Silver Lake,Lake,2022,Chloride,9.958244601434215,5.7911675352327645,7.906024886380693,20,simulated
Silver Lake,Lake,2023,Chloride,10.287038547443316,5.832734997223046,8.467447755272294,17,simulated
Silver Lake,Lake,2024,Chloride,9.732632990363054,6.8197755252476036,8.245659945268196,21,simulated
Silver Lake,Lake,2025,Chloride,10.42943485589319,6.300065163651839,8.147662599404468,21,simulated
Silver Lake,Lake,2000,Nitrate,12.464962435713362,8.163006719505793,10.95533967997376,28,simulated
Silver Lake,Lake,2001,Nitrate,13.864143773532069,6.8673982981854484,10.888256221898258,23,simulated
Silver Lake,Lake,2002,Nitrate,13.948329312106017,8.911115580256473,11.318007343443464,28,simulated
Silver Lake,Lake,2003,Nitrate,13.14700478745996,8.242336063039915,10.561777024239433,27,simulated
Silver Lake,Lake,2004,Nitrate,13.018482902378866,6.5834257963061,9.601624267026168,33,simulated
Silver Lake,Lake,2005,Nitrate,13.465656768438942,9.612404697887955,11.043471723100884,32,simulated
Silver Lake,Lake,2006,Nitrate,12.996539077010393,8.398841496225375,10.005904090867858,32,simulated
Silver Lake,Lake,2007,Nitrate,12.652642562247019,6.695224179943283,10.078613403062551,30,simulated
Silver Lake,Lake,2008,Nitrate,13.202093422049456,8.895943575863559,10.638000141974024,31,simulated
Silver Lake,Lake,2009,Nitrate,15.047522756030986,9.33633162876333,10.546300591741812,31,simulated
Silver Lake,Lake,2010,Nitrate,11.1014442433031,5.88287966876702,9.709608027560328,32,simulated
Silver Lake,Lake,2011,Nitrate,14.364793450650234,9.075507362242313,10.638854400467071,35,simulated
Silver Lake,Lake,2012,Nitrate,14.443666039909031,8.13529393192946,11.0910460746738,34,simulated
Silver Lake,Lake,2013,Nitrate,11.906954501366512,7.266409847396622,9.790147468006795,35,simulated
Silver Lake,Lake,2014,Nitrate,15.419750857069868,10.762464920407353,11.206262248854417,35,simulated
Silver Lake,Lake,2015,Nitrate,10.535056648555823,7.269757183259351,9.469479116095386,37,simulated
Silver Lake,Lake,2016,Nitrate,14.122051553123278,8.306356705329883,11.642082349460692,35,simulated
Silver Lake,Lake,2017,Nitrate,11.721462226276845,7.275318568885638,10.096102505633432,36,simulated
Silver Lake,Lake,2018,Nitrate,13.345911205348116,7.058751395851731,10.39586923004613,38,simulated
Silver Lake,Lake,2019,Nitrate,10.694430133473833,7.111282659728097,9.15448031351673,33,simulated
Silver Lake,Lake,2020,Nitrate,13.120910650302383,7.078897388733385,10.207964207590472,33,simulated
Silver Lake,Lake,2021,Nitrate,12.814353024034236,8.274510856990513,10.347307762757929,32,simulated
Silver Lake,Lake,2022,Nitrate,12.320391974914939,8.654186108526945,10.129976478727738,37,simulated
Silver Lake,Lake,2023,Nitrate,12.587701451492801,8.304507399261347,9.818838535333873,31,simulated
Silver Lake,Lake,2024,Nitrate,11.784878381488218,8.208186418634302,9.564117643057012,38,simulated
Silver Lake,Lake,2025,Nitrate,12.5704965538933,7.208375991767008,10.743380240921065,37,simulated
Silver Lake,Lake,2000,Secchi Depth,14.831415288444889,7.693273581906787,10.4247013373966,19,simulated
Silver Lake,Lake,2001,Secchi Depth,16.435181590554198,7.6389025918305125,10.913668535503511,14,simulated
Silver Lake,Lake,2002,Secchi Depth,14.60775131948169,9.159708995943829,12.263522585182516,15,simulated
Silver Lake,Lake,2003,Secchi Depth,18.495059447033785,8.290471134216121,12.549267958050963,19,simulated
Silver Lake,Lake,2004,Secchi Depth,14.620831808932195,6.398554362867424,10.497110261166766,20,simulated
Silver Lake,Lake,2005,Secchi Depth,17.015714146995236,6.53501090369659,11.386439338007476,17,simulated
Silver Lake,Lake,2006,Secchi Depth,17.304257354894244,7.802659801562255,11.522200834970034,19,simulated
Silver Lake,Lake,2007,Secchi Depth,16.292166179979056,5.57913674309238,11.624633747013386,14,simulated
Silver Lake,Lake,2008,Secchi Depth,14.55298723414278,6.940450482573793,11.00184479050142,22,simulated
Silver Lake,Lake,2009,Secchi Depth,18.709655612381223,8.805493555314746,12.591873554077296,25,simulated
Silver Lake,Lake,2010,Secchi Depth,13.017605662615695,5.440438496321754,9.387848155638856,20,simulated
Silver Lake,Lake,2011,Secchi Depth,14.073179728954441,4.081398340891305,10.903928173195672,13,simulated
Silver Lake,Lake,2012,Secchi Depth,15.1805499365154,6.694020209202657,11.813133369108575,17,simulated
Silver Lake,Lake,2013,Secchi Depth,14.442676697777387,7.689024286377405,11.84544498358516,21,simulated
Silver Lake,Lake,2014,Secchi Depth,17.051181451949954,10.059340032160375,12.787057608525451,18,simulated
Silver Lake,Lake,2015,Secchi Depth,19.28306662482801,7.998750154895019,12.652885209968645,24,simulated
Silver Lake,Lake,2016,Secchi Depth,15.773369687412067,6.4497902623965,11.14917913037682,22,simulated
Silver Lake,Lake,2017,Secchi Depth,17.0478425856493,8.350357870759613,12.806649300310262,18,simulated
Silver Lake,Lake,2018,Secchi Depth,16.003713365898037,8.631350708352334,10.749234014799052,21,simulated
Silver Lake,Lake,2019,Secchi Depth,16.15886481664851,8.815594601241243,12.473902992061452,19,simulated
Silver Lake,Lake,2020,Secchi Depth,18.842514290750927,5.826139576977548,13.410915715744189,21,simulated
Silver Lake,Lake,2021,Secchi Depth,17.592378131409266,5.599422764086513,12.817470827351876,20,simulated
Silver Lake,Lake,2022,Secchi Depth,17.36374864422693,8.308977044703314,11.686583806799472,26,simulated
Silver Lake,Lake,2023,Secchi Depth,13.58657680625456,5.927537388024318,11.252383510806576,29,simulated
Silver Lake,Lake,2024,Secchi Depth,12.962110879762205,7.471351056260527,10.022350971345356,18,simulated
Silver Lake,Lake,2025,Secchi Depth,14.365516992628331,5.270707388000299,11.968947854734758,17,simulated
Silver Lake,Lake,2000,Total Phosphorus,7.476268756642266,5.074723227236338,6.070022116509467,22,simulated
Silver Lake,Lake,2001,Total Phosphorus,7.653028090906082,5.648499930490809,6.405883906282708,19,simulated
Silver Lake,Lake,2002,Total Phosphorus,8.189151364367417,5.634355098085392,6.541740778995479,14,simulated
Silver Lake,Lake,2003,Total Phosphorus,8.127427307914381,5.10585446619473,6.686125870799728,19,simulated
Silver Lake,Lake,2004,Total Phosphorus,7.841160969673865,5.3875003942978905,6.366426886610792,21,simulated
Silver Lake,Lake,2005,Total Phosphorus,7.494309008338714,5.32301257046517,6.252322769425915,25,simulated
Silver Lake,Lake,2006,Total Phosphorus,7.111988762926482,5.168444884627884,5.8256229420963885,20,simulated
Silver Lake,Lake,2007,Total Phosphorus,7.823893441477794,5.828575618538845,6.252855708652106,23,simulated
Silver Lake,Lake,2008,Total Phosphorus,7.282984980546891,5.30489480871477,6.23853936807043,23,simulated
Silver Lake,Lake,2009,Total Phosphorus,6.867256150558455,5.2465159276019975,6.3406267027132674,22,simulated
Silver Lake,Lake,2010,Total Phosphorus,6.875597102920416,4.759025446449891,6.01694903398069,25,simulated
Silver Lake,Lake,2011,Total Phosphorus,7.116932065146692,5.744161362689283,6.0538943761054,21,simulated
Silver Lake,Lake,2012,Total Phosphorus,6.733077024831556,5.196584343091246,5.800691067586799,21,simulated
Silver Lake,Lake,2013,Total Phosphorus,6.150827626705275,4.872790581695067,5.599728075881902,23,simulated
Silver Lake,Lake,2014,Total Phosphorus,6.304750005374829,4.919685480906546,5.836210167242914,22,simulated
Silver Lake,Lake,2015,Total Phosphorus,6.411375062794614,4.853930237191622,5.712960820570677,26,simulated
Silver Lake,Lake,2016,Total Phosphorus,7.2960343536858066,5.17939792794451,6.103938278307548,22,simulated
Silver Lake,Lake,2017,Total Phosphorus,7.261812222533528,4.855302302995531,5.895588879493663,25,simulated
Silver Lake,Lake,2018,Total Phosphorus,7.044446570560945,5.195730555269138,5.868259573584488,25,simulated
Silver Lake,Lake,2019,Total Phosphorus,6.940437016739385,4.592588121956581,5.749796892226398,26,simulated
Silver Lake,Lake,2020,Total Phosphorus,6.052694425446501,4.315480135492343,5.247725627194702,24,simulated
Silver Lake,Lake,2021,Total Phosphorus,6.702637234073841,5.348654264107144,6.234745236338364,25,simulated
Silver Lake,Lake,2022,Total Phosphorus,6.450288405173264,4.35775794178926,5.67938906399147,26,simulated
Silver Lake,Lake,2023,Total Phosphorus,6.6194583915394105,4.447991257605983,5.781178814988389,27,simulated
Silver Lake,Lake,2024,Total Phosphorus,6.2806675574376785,4.42507156016381,5.539663077267387,27,simulated
Silver Lake,Lake,2025,Total Phosphorus,6.988600084198378,5.936318749334918,6.025773506738559,32,simulated
South Lake Leelanau,Lake,2000,Chlorophyll-a,8.058018930999316,3.9197372195346976,6.154302283538715,12,simulated
South Lake Leelanau,Lake,2001,Chlorophyll-a,7.71737606216182,4.275940675107654,5.621541201723327,13,simulated
South Lake Leelanau,Lake,2002,Chlorophyll-a,7.0626876249645045,5.020370551448848,6.371083370891557,11,simulated
South Lake Leelanau,Lake,2003,Chlorophyll-a,7.676254625106171,4.710990653555715,5.842608207535172,17,simulated
South Lake Leelanau,Lake,2004,Chlorophyll-a,8.276774989893042,4.230012331133088,6.182830195067645,15,simulated
South Lake Leelanau,Lake,2005,Chlorophyll-a,7.140816141086314,4.65914303781186,6.174635912982893,11,simulated
South Lake Leelanau,Lake,2006,Chlorophyll-a,7.687727189744638,4.958399462411809,6.449340701547023,14,simulated
South Lake Leelanau,Lake,2007,Chlorophyll-a,7.359988653309605,4.942579482363122,6.160253068079456,18,simulated
South Lake Leelanau,Lake,2008,Chlorophyll-a,7.431991792211331,4.9299720096741675,6.171087460562729,15,simulated
South Lake Leelanau,Lake,2009,Chlorophyll-a,8.539621856843883,4.978409869505647,6.978484593198218,15,simulated
South Lake Leelanau,Lake,2010,Chlorophyll-a,8.406643284249652,5.52572295230331,6.56497399605348,17,simulated
South Lake Leelanau,Lake,2011,Chlorophyll-a,8.330273577625182,4.1385130898857945,6.2661475934940265,19,simulated
South Lake Leelanau,Lake,2012,Chlorophyll-a,8.635947657965287,5.005726107535079,6.414454744199293,14,simulated
South Lake Leelanau,Lake,2013,Chlorophyll-a,8.590386224490462,5.389713107559838,7.183973020823495,20,simulated
South Lake Leelanau,Lake,2014,Chlorophyll-a,7.741699915777133,5.462752270502946,6.477156702486179,16,simulated
South Lake Leelanau,Lake,2015,Chlorophyll-a,8.633983333041774,4.678308019089657,6.326547256365479,19,simulated
South Lake Leelanau,Lake,2016,Chlorophyll-a,8.340650546658273,4.8576827461184,6.356068866725336,19,simulated
South Lake Leelanau,Lake,2017,Chlorophyll-a,8.163477872011622,4.779833902739393,6.438082983803438,18,simulated
South Lake Leelanau,Lake,2018,Chlorophyll-a,8.373917747572294,4.017580498149151,6.448268365346957,17,simulated
South Lake Leelanau,Lake,2019,Chlorophyll-a,7.808837112540013,4.493464172144716,6.201626817656617,19,simulated
South Lake Leelanau,Lake,2020,Chlorophyll-a,8.195719981534776,5.03855968847501,6.291570825244872,25,simulated
South Lake Leelanau,Lake,2021,Chlorophyll-a,7.952584168436157,5.114247038998895,6.438644109944902,17,simulated
South Lake Leelanau,Lake,2022,Chlorophyll-a,9.035598349052158,4.873720322970753,7.044833396027366,26,simulated
South Lake Leelanau,Lake,2023,Chlorophyll-a,7.633434268561739,4.251635642144681,6.678441666402423,21,simulated
South Lake Leelanau,Lake,2024,Chlorophyll-a,8.186207150115331,4.856550538290952,6.779235310157631,22,simulated
South Lake Leelanau,Lake,2025,Chlorophyll-a,8.963576276878294,5.077290902387399,7.41780557593273,19,simulated
South Lake Leelanau,Lake,2000,Chloride,7.797401419443324,4.363905768009343,6.065281467698037,14,simulated
South Lake Leelanau,Lake,2001,Chloride,6.3631737106307105,4.702638901611595,5.912842839533862,14,simulated
South Lake Leelanau,Lake,2002,Chloride,8.021538556032269,4.736881381877109,6.270507007678042,16,simulated
South Lake Leelanau,Lake,2003,Chloride,7.65098297953018,5.679312180253151,6.24567235162541,16,simulated
South Lake Leelanau,Lake,2004,Chloride,9.27395010208149,5.192931503277359,7.147527187430264,17,simulated
South Lake Leelanau,Lake,2005,Chloride,8.046594617896988,4.341316320083871,6.0555748689936,17,simulated
South Lake Leelanau,Lake,2006,Chloride,8.377265305405732,4.833896221496931,6.5899636654523,17,simulated
South Lake Leelanau,Lake,2007,Chloride,9.271455532394327,6.512640719431483,6.697996205614065,15,simulated
South Lake Leelanau,Lake,2008,Chloride,7.749436016941962,5.245805390177917,6.237078607517955,21,simulated
South Lake Leelanau,Lake,2009,Chloride,9.098835612381858,5.5900542368930735,6.976345646844046,18,simulated
South Lake Leelanau,Lake,2010,Chloride,8.701655513098398,4.762274679750006,6.601735166833638,18,simulated
South Lake Leelanau,Lake,2011,Chloride,7.265453936064585,4.198141922390631,5.81826403410461,17,simulated
South Lake Leelanau,Lake,2012,Chloride,9.385792490574932,5.397732835747087,7.1316562677170126,15,simulated
South Lake Leelanau,Lake,2013,Chloride,7.829223098191754,4.494797917342333,6.467730280381502,23,simulated
South Lake Leelanau,Lake,2014,Chloride,8.011700751884172,5.385941075339318,6.546928759922081,21,simulated
South Lake Leelanau,Lake,2015,Chloride,8.44900878157332,5.0963271661695675,7.31306318179969,15,simulated
South Lake Leelanau,Lake,2016,Chloride,8.848415835501196,4.90946128095999,6.94118362858288,23,simulated
South Lake Leelanau,Lake,2017,Chloride,9.640961416413589,5.378503948460789,7.524858564135692,23,simulated
South Lake Leelanau,Lake,2018,Chloride,10.380739825526298,5.840477061942939,7.707374806072949,21,simulated
South Lake Leelanau,Lake,2019,Chloride,9.192846795762502,4.209407578469365,6.980008291962022,26,simulated
South Lake Leelanau,Lake,2020,Chloride,9.443530661333677,5.400496535376185,7.65077102326231,22,simulated
South Lake Leelanau,Lake,2021,Chloride,8.209361398346877,5.762452922409091,7.042704888880889,18,simulated
South Lake Leelanau,Lake,2022,Chloride,10.829123474007305,6.086039764599846,8.398018937261956,23,simulated
South Lake Leelanau,Lake,2023,Chloride,9.6346315639425,4.926115982367069,7.181491120502101,23,simulated
South Lake Leelanau,Lake,2024,Chloride,10.51088349169646,6.309993101531314,7.997558486344649,21,simulated
South Lake Leelanau,Lake,2025,Chloride,10.688955567246131,5.2668610840923495,7.979378699620832,25,simulated
South Lake Leelanau,Lake,2000,Nitrate,13.089422908550922,6.652636529885834,10.23758735949253,23,simulated
South Lake Leelanau,Lake,2001,Nitrate,11.771627805674706,7.410213472351964,9.055119646641865,22,simulated
South Lake Leelanau,Lake,2002,Nitrate,11.45317509243605,6.91270322160994,8.963607560178747,23,simulated
South Lake Leelanau,Lake,2003,Nitrate,9.781663298497037,8.23791186184394,9.47268985169997,25,simulated
South Lake Leelanau,Lake,2004,Nitrate,13.856851043659479,6.197173052531393,9.780337175685467,25,simulated
South Lake Leelanau,Lake,2005,Nitrate,12.683451194171276,5.861922223770165,9.588332689612711,24,simulated
South Lake Leelanau,Lake,2006,Nitrate,11.795106682961606,6.723294926025878,9.009429669985275,28,simulated
South Lake Leelanau,Lake,2007,Nitrate,11.647761548075053,6.788836043189015,9.127323754030598,28,simulated
South Lake Leelanau,Lake,2008,Nitrate,11.296361824949035,5.934378835677276,8.722043640551144,26,simulated
South Lake Leelanau,Lake,2009,Nitrate,11.380324698529975,5.493389155007415,9.245216797604852,25,simulated
South Lake Leelanau,Lake,2010,Nitrate,13.3350065076414,6.842057459588461,10.000755417099311,27,simulated
South Lake Leelanau,Lake,2011,Nitrate,10.919707980313905,7.250296755025335,9.324888730535516,27,simulated
South Lake Leelanau,Lake,2012,Nitrate,12.730601029021164,8.394566917992138,9.814953121690024,29,simulated
South Lake Leelanau,Lake,2013,Nitrate,13.47690761864095,8.24349283655068,10.142491924669118,29,simulated
South Lake Leelanau,Lake,2014,Nitrate,11.25270458778015,6.339728487679416,8.898321552682422,24,simulated
South Lake Leelanau,Lake,2015,Nitrate,11.959746191106813,7.051588161361948,9.111075710518936,24,simulated
South Lake Leelanau,Lake,2016,Nitrate,12.551024864990708,7.358526554610989,10.479439837799058,25,simulated
South Lake Leelanau,Lake,2017,Nitrate,12.023547706830536,7.66922171450889,10.021010057993635,31,simulated
South Lake Leelanau,Lake,2018,Nitrate,10.618704888509686,6.592814472677485,8.159842907052111,23,simulated
South Lake Leelanau,Lake,2019,Nitrate,12.508424128540934,7.643487304474071,9.344193765252331,29,simulated
South Lake Leelanau,Lake,2020,Nitrate,10.210796717845657,5.334667491726467,9.091580034174902,30,simulated
South Lake Leelanau,Lake,2021,Nitrate,12.65403415252171,6.144643317546766,9.547198877588436,32,simulated
South Lake Leelanau,Lake,2022,Nitrate,10.633385924093227,4.927875034769238,8.606500034962405,30,simulated
South Lake Leelanau,Lake,2023,Nitrate,10.787549240694975,5.739354094602742,8.527152815084177,25,simulated
South Lake Leelanau,Lake,2024,Nitrate,10.044291053178899,6.4905153097699095,8.597416395880968,27,simulated
South Lake Leelanau,Lake,2025,Nitrate,10.441360176042226,5.239737584961459,8.632976231807092,26,simulated
South Lake Leelanau,Lake,2000,Secchi Depth,11.97126852540938,8.012569954299954,10.132976533996793,18,simulated
South Lake Leelanau,Lake,2001,Secchi Depth,11.456384244973847,8.508769798814782,9.697381887313698,16,simulated
South Lake Leelanau,Lake,2002,Secchi Depth,12.706837763432498,8.147405910027292,10.940426603200509,14,simulated
South Lake Leelanau,Lake,2003,Secchi Depth,11.375667958921195,7.809444499227947,9.660900732942716,17,simulated
South Lake Leelanau,Lake,2004,Secchi Depth,13.64048191245491,8.834614864348394,10.925104399242615,17,simulated
South Lake Leelanau,Lake,2005,Secchi Depth,11.788811876661196,8.140311733881948,10.871252182626504,13,simulated
South Lake Leelanau,Lake,2006,Secchi Depth,14.025100502918699,8.413696376197395,10.758217231993406,21,simulated
South Lake Leelanau,Lake,2007,Secchi Depth,12.308169554772732,8.75248280421667,10.032666537657173,10,simulated
South Lake Leelanau,Lake,2008,Secchi Depth,12.599962490384186,8.6550736409535,10.539093603604485,27,simulated
South Lake Leelanau,Lake,2009,Secchi Depth,12.265451719984696,7.471833814139338,9.79713387784254,24,simulated
South Lake Leelanau,Lake,2010,Secchi Depth,12.061189601608246,8.370850488986239,10.848392085323333,19,simulated
South Lake Leelanau,Lake,2011,Secchi Depth,12.05384715986009,8.181495706495713,10.404116667712234,20,simulated
South Lake Leelanau,Lake,2012,Secchi Depth,12.22500192262604,7.6630648762382965,10.265636964754776,21,simulated
South Lake Leelanau,Lake,2013,Secchi Depth,12.663155495611285,8.151385746456645,9.899281081663016,19,simulated
South Lake Leelanau,Lake,2014,Secchi Depth,11.143298330451364,7.3772012652751915,9.322613257745903,21,simulated
South Lake Leelanau,Lake,2015,Secchi Depth,12.28006957511531,10.001000912226381,10.026168246348956,21,simulated
South Lake Leelanau,Lake,2016,Secchi Depth,12.87750883306191,9.17521310710859,11.072390606847591,21,simulated
South Lake Leelanau,Lake,2017,Secchi Depth,12.723007517270144,7.8448948421000395,10.369303189547695,22,simulated
South Lake Leelanau,Lake,2018,Secchi Depth,13.627875384427298,8.665090169501402,10.501407745269232,18,simulated
South Lake Leelanau,Lake,2019,Secchi Depth,13.726073084902593,9.057914045243624,10.917859823349565,22,simulated
South Lake Leelanau,Lake,2020,Secchi Depth,13.712869841734578,9.92730297493001,11.49231841430853,23,simulated
South Lake Leelanau,Lake,2021,Secchi Depth,13.970722396561513,8.375700737116532,11.283118872323096,23,simulated
South Lake Leelanau,Lake,2022,Secchi Depth,12.565188564028375,7.844232014913313,10.195909610589917,22,simulated
South Lake Leelanau,Lake,2023,Secchi Depth,11.97018826158137,7.338040053735898,9.746432866324335,27,simulated
South Lake Leelanau,Lake,2024,Secchi Depth,14.980963750264499,10.719145962711103,11.850803331606658,23,simulated
South Lake Leelanau,Lake,2025,Secchi Depth,14.94930889689863,9.59966232566578,11.829919314556244,25,simulated
South Lake Leelanau,Lake,2000,Total Phosphorus,8.619374853581132,5.168062909413901,6.884792723617856,28,simulated
South Lake Leelanau,Lake,2001,Total Phosphorus,8.852888166277573,5.380536209055743,6.988237867128451,30,simulated
South Lake Leelanau,Lake,2002,Total Phosphorus,8.54265863826413,4.345077186339464,6.812622119091711,28,simulated
South Lake Leelanau,Lake,2003,Total Phosphorus,9.701032893894702,4.762793341789493,7.390888060577475,29,simulated
South Lake Leelanau,Lake,2004,Total Phosphorus,8.653935373918202,4.262182511150687,6.6754782575579,25,simulated
South Lake Leelanau,Lake,2005,Total Phosphorus,9.02907115038228,3.968749201735099,7.342645738955408,27,simulated
South Lake Leelanau,Lake,2006,Total Phosphorus,7.363326280117887,4.71610725024603,6.6826116513993865,29,simulated
South Lake Leelanau,Lake,2007,Total Phosphorus,7.611675199032933,4.224166906863072,6.311937093196626,30,simulated
South Lake Leelanau,Lake,2008,Total Phosphorus,8.677334851954663,5.527128940707371,6.970034164198292,30,simulated
South Lake Leelanau,Lake,2009,Total Phosphorus,8.264583502459931,3.372433381591082,6.49969991184244,33,simulated
South Lake Leelanau,Lake,2010,Total Phosphorus,8.21249984407868,5.065139529746845,6.878822027426751,25,simulated
South Lake Leelanau,Lake,2011,Total Phosphorus,6.713668680682504,3.9411553897799676,5.370549849221033,27,simulated
South Lake Leelanau,Lake,2012,Total Phosphorus,7.81281515569559,4.824974976997479,6.544681170739945,31,simulated
South Lake Leelanau,Lake,2013,Total Phosphorus,8.092142069576134,4.818342036651608,6.31113022497498,28,simulated
South Lake Leelanau,Lake,2014,Total Phosphorus,7.216296673299455,4.640312676589673,6.019302080009124,40,simulated
South Lake Leelanau,Lake,2015,Total Phosphorus,7.569413927096241,4.67615904581354,6.2116490958572985,33,simulated
South Lake Leelanau,Lake,2016,Total Phosphorus,7.273482272085262,5.1050266811371845,6.173743629070782,31,simulated
South Lake Leelanau,Lake,2017,Total Phosphorus,8.152151125746741,4.942009781680286,6.370031186966065,30,simulated
South Lake Leelanau,Lake,2018,Total Phosphorus,7.031637845826966,3.092523814319733,5.777654712303763,30,simulated
South Lake Leelanau,Lake,2019,Total Phosphorus,8.876880964844819,4.150606689268268,6.465074140780767,32,simulated
South Lake Leelanau,Lake,2020,Total Phosphorus,9.14108057287329,4.300751806155764,6.878274239705886,33,simulated
South Lake Leelanau,Lake,2021,Total Phosphorus,8.224457208733995,3.854036930327995,6.389784929200224,31,simulated
South Lake Leelanau,Lake,2022,Total Phosphorus,8.049044586751311,3.58890462828019,6.580814975904415,32,simulated
South Lake Leelanau,Lake,2023,Total Phosphorus,8.847995948614422,5.752485683268683,6.6689236576540205,37,simulated
South Lake Leelanau,Lake,2024,Total Phosphorus,9.067353291754031,5.457228179291238,6.696516263731143,38,simulated
South Lake Leelanau,Lake,2025,Total Phosphorus,9.044909024675883,5.385012014539635,6.926583621691937,35,simulated
Torch Lake (Antrim),Lake,2000,Chlorophyll-a,7.69498795513368,3.533077402310524,5.736238353853069,6,simulated
Torch Lake (Antrim),Lake,2001,Chlorophyll-a,7.650809489124168,5.31068413231778,6.143582259755153,14,simulated
Torch Lake (Antrim),Lake,2002,Chlorophyll-a,7.91271754723962,4.920241232182519,6.224089691944177,8,simulated
Torch Lake (Antrim),Lake,2003,Chlorophyll-a,7.834104662486368,4.2220334634743075,6.196323355582851,7,simulated
Torch Lake (Antrim),Lake,2004,Chlorophyll-a,7.621169525263621,4.362263089411789,6.069309332354977,9,simulated
Torch Lake (Antrim),Lake,2005,Chlorophyll-a,7.679453981434099,4.78722592694197,6.552230821798778,10,simulated
Torch Lake (Antrim),Lake,2006,Chlorophyll-a,8.408284604472545,5.129224505037637,6.272354264550199,12,simulated
Torch Lake (Antrim),Lake,2007,Chlorophyll-a,8.363303883971344,5.1673892911817,6.543120504660775,12,simulated
Torch Lake (Antrim),Lake,2008,Chlorophyll-a,7.285522154895299,3.677234706815394,5.666028222578918,9,simulated
Torch Lake (Antrim),Lake,2009,Chlorophyll-a,5.849971664971989,3.6676137434697353,4.900622715691321,14,simulated
Torch Lake (Antrim),Lake,2010,Chlorophyll-a,7.931657546228127,4.651520470572937,6.499519875875666,11,simulated
Torch Lake (Antrim),Lake,2011,Chlorophyll-a,7.321889140249575,4.4405920692627365,5.895012657667186,12,simulated
Torch Lake (Antrim),Lake,2012,Chlorophyll-a,7.267684255568767,5.333869920676697,6.386718609713703,15,simulated
Torch Lake (Antrim),Lake,2013,Chlorophyll-a,7.1951574828243565,4.299044738497201,6.389234852698017,11,simulated
Torch Lake (Antrim),Lake,2014,Chlorophyll-a,8.645195098305365,5.045384252819687,7.147773226239037,12,simulated
Torch Lake (Antrim),Lake,2015,Chlorophyll-a,8.72259116226845,3.821897442349389,6.732416364568141,16,simulated
Torch Lake (Antrim),Lake,2016,Chlorophyll-a,8.053175955400699,5.493416612598753,6.680481251907192,12,simulated
Torch Lake (Antrim),Lake,2017,Chlorophyll-a,8.218087726105674,4.755797331461219,6.979597688318017,13,simulated
Torch Lake (Antrim),Lake,2018,Chlorophyll-a,8.156493447260221,5.776770349609469,6.836425798131407,17,simulated
Torch Lake (Antrim),Lake,2019,Chlorophyll-a,7.996138541550268,4.797683110794839,6.550762272427444,21,simulated
Torch Lake (Antrim),Lake,2020,Chlorophyll-a,8.835930908200597,4.816257149697277,7.1929073726487385,17,simulated
Torch Lake (Antrim),Lake,2021,Chlorophyll-a,9.05071538367024,5.751096617408279,6.366694350719167,17,simulated
Torch Lake (Antrim),Lake,2022,Chlorophyll-a,9.323122384077694,5.303082052799825,6.976273104260391,18,simulated
Torch Lake (Antrim),Lake,2023,Chlorophyll-a,8.35652288739663,4.9334719301949175,6.263714199052867,13,simulated
Torch Lake (Antrim),Lake,2024,Chlorophyll-a,9.426935429033605,5.594347048847792,7.008138103714631,17,simulated
Torch Lake (Antrim),Lake,2025,Chlorophyll-a,8.304489928444765,5.035734950834534,7.0438133133849545,17,simulated
Torch Lake (Antrim),Lake,2000,Chloride,8.639660451615075,4.851797717121687,6.655489715183529,6,simulated
Torch Lake (Antrim),Lake,2001,Chloride,8.199531916854049,4.932387631176834,6.831218014535719,6,simulated
Torch Lake (Antrim),Lake,2002,Chloride,8.622775463303244,5.121732983887185,6.584500932395542,7,simulated
Torch Lake (Antrim),Lake,2003,Chloride,7.765581633754204,5.0986355678797946,6.809713022999242,11,simulated
Torch Lake (Antrim),Lake,2004,Chloride,8.681963318505678,4.61288834797141,6.287380539145633,10,simulated
Torch Lake (Antrim),Lake,2005,Chloride,8.74528350564546,3.852199562666815,6.758958990963311,9,simulated
Torch Lake (Antrim),Lake,2006,Chloride,9.469672666677397,4.7774556425515025,7.6090055278576125,6,simulated
Torch Lake (Antrim),Lake,2007,Chloride,8.737471313704491,4.514228043750853,7.177873811935719,6,simulated
Torch Lake (Antrim),Lake,2008,Chloride,8.99070261972711,4.80199456720301,7.0824768301548575,10,simulated
Torch Lake (Antrim),Lake,2009,Chloride,10.871029371304957,6.502666250758697,8.054596685933651,11,simulated
Torch Lake (Antrim),Lake,2010,Chloride,8.785603991656021,4.688780605133559,6.568922373273882,11,simulated
Torch Lake (Antrim),Lake,2011,Chloride,8.291013721187804,4.223477606910249,6.748999446930135,7,simulated
Torch Lake (Antrim),Lake,2012,Chloride,9.953211579356434,6.706957080985267,8.183429262774288,12,simulated
Torch Lake (Antrim),Lake,2013,Chloride,10.0183901376408,4.870534431957557,7.437883507463183,12,simulated
Torch Lake (Antrim),Lake,2014,Chloride,9.032600483881263,3.7412906688092,7.36141928365168,7,simulated
Torch Lake (Antrim),Lake,2015,Chloride,8.99907818545813,4.293401443987246,6.94891135503677,9,simulated
Torch Lake (Antrim),Lake,2016,Chloride,10.199195133501474,4.605046809243671,7.842003382855458,13,simulated
Torch Lake (Antrim),Lake,2017,Chloride,10.484861538611977,5.502861619079333,7.9614226809994335,11,simulated
Torch Lake (Antrim),Lake,2018,Chloride,9.811592681506202,4.501600981289319,7.190878635955332,17,simulated
Torch Lake (Antrim),Lake,2019,Chloride,9.14474103884079,5.987336304201525,7.74969071217933,14,simulated
Torch Lake (Antrim),Lake,2020,Chloride,8.671183882891958,4.946381029720795,7.716947955178912,11,simulated
Torch Lake (Antrim),Lake,2021,Chloride,10.045478653733554,5.290247143360752,8.098011545066605,13,simulated
Torch Lake (Antrim),Lake,2022,Chloride,10.759552361557928,5.095147171345675,7.438521915901874,13,simulated
Torch Lake (Antrim),Lake,2023,Chloride,12.866041129956683,5.22973893985837,8.778395582449642,11,simulated
Torch Lake (Antrim),Lake,2024,Chloride,12.570180486913351,6.567021782021152,8.674823496016344,11,simulated
Torch Lake (Antrim),Lake,2025,Chloride,10.252189552656455,5.850212829937485,8.053275169300505,16,simulated
Torch Lake (Antrim),Lake,2000,Nitrate,15.263613438796328,8.04049200277579,11.309612687619271,18,simulated
Torch Lake (Antrim),Lake,2001,Nitrate,14.901370685101092,9.544338685248544,11.825828391952568,18,simulated
Torch Lake (Antrim),Lake,2002,Nitrate,12.91107545824589,8.229448968729379,10.550974289552348,18,simulated
Torch Lake (Antrim),Lake,2003,Nitrate,13.251840367548851,9.49350578632815,11.84938584217867,23,simulated
Torch Lake (Antrim),Lake,2004,Nitrate,12.697963653341985,7.701293120065275,10.271866248369474,21,simulated
Torch Lake (Antrim),Lake,2005,Nitrate,13.247107839396577,6.824376330629086,10.173905782584637,17,simulated
Torch Lake (Antrim),Lake,2006,Nitrate,12.714041222697768,7.89253267413816,9.698356825706192,24,simulated
Torch Lake (Antrim),Lake,2007,Nitrate,13.362146038552742,7.157525282131667,10.448306865619836,18,simulated
Torch Lake (Antrim),Lake,2008,Nitrate,12.488750202366345,8.457107088279864,10.38225187872948,23,simulated
Torch Lake (Antrim),Lake,2009,Nitrate,12.037826054249233,8.978338743674291,10.957660729490769,24,simulated
Torch Lake (Antrim),Lake,2010,Nitrate,12.977416447766048,7.5125156390794725,10.758542033426794,26,simulated
Torch Lake (Antrim),Lake,2011,Nitrate,12.0594527935495,6.827527181640097,9.883878845420028,29,simulated
Torch Lake (Antrim),Lake,2012,Nitrate,12.586676073890677,7.182560066617883,10.321265785638586,20,simulated
Torch Lake (Antrim),Lake,2013,Nitrate,13.260826964497639,8.791801676098622,10.30223494899052,24,simulated
Torch Lake (Antrim),Lake,2014,Nitrate,13.110171034236146,7.485184972817406,9.455404036948504,24,simulated
Torch Lake (Antrim),Lake,2015,Nitrate,12.370457403955804,6.900651380703196,9.886822912432658,26,simulated
Torch Lake (Antrim),Lake,2016,Nitrate,12.237810986979701,7.530904751885373,9.977993710003792,26,simulated
Torch Lake (Antrim),Lake,2017,Nitrate,13.721428404510174,9.374172813972566,11.21588475081514,25,simulated
Torch Lake (Antrim),Lake,2018,Nitrate,13.099873337965692,7.584618809477957,10.469272739463388,25,simulated
Torch Lake (Antrim),Lake,2019,Nitrate,12.655585438331249,8.669269502658903,10.70657573363667,23,simulated
Torch Lake (Antrim),Lake,2020,Nitrate,11.811791936857237,5.923663633602494,9.44214800911894,29,simulated
Torch Lake (Antrim),Lake,2021,Nitrate,13.953345725622977,7.06436941128038,10.94388769501534,28,simulated
Torch Lake (Antrim),Lake,2022,Nitrate,13.795854680348025,7.831981405231687,10.971142496977146,30,simulated
Torch Lake (Antrim),Lake,2023,Nitrate,11.573580901138468,5.978502670721464,9.073910248243136,26,simulated
Torch Lake (Antrim),Lake,2024,Nitrate,12.450258901125139,7.360798517083809,9.774493511878566,26,simulated
Torch Lake (Antrim),Lake,2025,Nitrate,11.601338243924719,7.315739178679326,10.41910393936842,25,simulated
Torch Lake (Antrim),Lake,2000,Secchi Depth,11.278857069828785,9.250439348078324,10.362410064595256,15,simulated
Torch Lake (Antrim),Lake,2001,Secchi Depth,12.366306962159712,9.595734002555131,11.289280910408785,17,simulated
Torch Lake (Antrim),Lake,2002,Secchi Depth,11.532574312237541,9.035731063824688,10.317159291097374,10,simulated
Torch Lake (Antrim),Lake,2003,Secchi Depth,11.786779101596146,9.476667120373174,10.835194234964806,14,simulated
Torch Lake (Antrim),Lake,2004,Secchi Depth,12.50353308159751,9.248839064310392,11.264126015364422,16,simulated
Torch Lake (Antrim),Lake,2005,Secchi Depth,11.88361905803552,9.864377172574027,10.979024981773296,15,simulated
Torch Lake (Antrim),Lake,2006,Secchi Depth,11.493006419130335,8.691078585339735,10.865425188822798,8,simulated
Torch Lake (Antrim),Lake,2007,Secchi Depth,12.285235621659284,9.443902289600825,10.522379622389842,17,simulated
Torch Lake (Antrim),Lake,2008,Secchi Depth,11.227247315654814,9.038779295470478,10.410638817388149,20,simulated
Torch Lake (Antrim),Lake,2009,Secchi Depth,12.4666563434419,9.810111327499534,11.116443627134558,17,simulated
Torch Lake (Antrim),Lake,2010,Secchi Depth,13.161774309340426,9.858950361287373,11.372549701318372,13,simulated
Torch Lake (Antrim),Lake,2011,Secchi Depth,11.89873846218027,9.204583003182865,10.77136645469526,15,simulated
Torch Lake (Antrim),Lake,2012,Secchi Depth,11.587544753364012,9.03439121245931,10.567083608798503,22,simulated
Torch Lake (Antrim),Lake,2013,Secchi Depth,11.55600861180017,9.153494125161174,10.16313923115023,20,simulated
Torch Lake (Antrim),Lake,2014,Secchi Depth,12.484439672745054,9.75081438735279,10.657860516456674,20,simulated
Torch Lake (Antrim),Lake,2015,Secchi Depth,11.870556131341576,8.49521421206203,10.957578226760017,19,simulated
Torch Lake (Antrim),Lake,2016,Secchi Depth,12.944953780286085,10.266551672188498,11.53164221709686,16,simulated
Torch Lake (Antrim),Lake,2017,Secchi Depth,11.947199950636332,9.506329023246154,11.253577718970131,18,simulated
Torch Lake (Antrim),Lake,2018,Secchi Depth,12.418193493044761,10.414192738760157,11.155388260522598,19,simulated
Torch Lake (Antrim),Lake,2019,Secchi Depth,12.366619339365503,9.660112006381375,10.94722995438655,21,simulated
Torch Lake (Antrim),Lake,2020,Secchi Depth,11.949278280039564,9.561697429798564,10.908243764373374,24,simulated
Torch Lake (Antrim),Lake,2021,Secchi Depth,12.859629771680188,9.880858872859347,11.577478585749503,23,simulated
Torch Lake (Antrim),Lake,2022,Secchi Depth,12.036081611737297,10.941964909360683,11.205520461884335,16,simulated
Torch Lake (Antrim),Lake,2023,Secchi Depth,11.847613457868782,9.061456073541136,10.472490254232582,21,simulated
Torch Lake (Antrim),Lake,2024,Secchi Depth,12.81322452886104,10.039444134054037,10.960964751222509,23,simulated
Torch Lake (Antrim),Lake,2025,Secchi Depth,11.86117449900123,9.382931421697418,10.920905633144017,23,simulated
Torch Lake (Antrim),Lake,2000,Total Phosphorus,9.54306798286802,5.081844479992018,7.502779791968971,19,simulated
Torch Lake (Antrim),Lake,2001,Total Phosphorus,6.644914588704177,3.75487873015004,5.739003079513172,18,simulated
Torch Lake (Antrim),Lake,2002,Total Phosphorus,7.878772693163857,4.180026900802829,5.791285265905783,16,simulated
Torch Lake (Antrim),Lake,2003,Total Phosphorus,9.033269039309962,5.528669922494821,6.301535973452205,17,simulated
Torch Lake (Antrim),Lake,2004,Total Phosphorus,8.670252615850286,5.597588514046768,7.037036101123251,17,simulated
Torch Lake (Antrim),Lake,2005,Total Phosphorus,7.241331340050015,3.686748296672489,5.808994726230679,20,simulated
Torch Lake (Antrim),Lake,2006,Total Phosphorus,8.009339072546368,5.7031861608085475,6.011012480766211,17,simulated
Torch Lake (Antrim),Lake,2007,Total Phosphorus,9.311375888756388,3.9745390214903438,6.520617937034079,17,simulated
Torch Lake (Antrim),Lake,2008,Total Phosphorus,7.5237699601198775,4.037722629618344,6.052879230573211,25,simulated
Torch Lake (Antrim),Lake,2009,Total Phosphorus,6.917747427813124,3.529677700765592,5.898389169669513,22,simulated
Torch Lake (Antrim),Lake,2010,Total Phosphorus,8.357976167944837,4.540240997456952,6.2259473453300975,17,simulated
Torch Lake (Antrim),Lake,2011,Total Phosphorus,8.251603188143962,5.413052484441504,6.081115374592523,22,simulated
Torch Lake (Antrim),Lake,2012,Total Phosphorus,8.179952552068253,4.284917174976144,6.348748963219713,20,simulated
Torch Lake (Antrim),Lake,2013,Total Phosphorus,7.95912768002205,3.8649684379087197,6.420210712047032,22,simulated
Torch Lake (Antrim),Lake,2014,Total Phosphorus,8.253959554698273,3.798504367388557,6.008158252392128,21,simulated
Torch Lake (Antrim),Lake,2015,Total Phosphorus,7.9660128853203425,4.595761992955285,5.973704072194314,25,simulated
Torch Lake (Antrim),Lake,2016,Total Phosphorus,7.225996402110825,4.168069169588308,5.915506666060682,22,simulated
Torch Lake (Antrim),Lake,2017,Total Phosphorus,7.743125836057266,4.542976299212937,5.992453560671394,21,simulated
Torch Lake (Antrim),Lake,2018,Total Phosphorus,6.791487700875263,4.539747773359421,5.798958570152214,25,simulated
Torch Lake (Antrim),Lake,2019,Total Phosphorus,7.746475127544725,3.620236868370941,5.750280691061472,23,simulated
Torch Lake (Antrim),Lake,2020,Total Phosphorus,7.81150343100586,5.034943406841284,6.173851171968632,23,simulated
Torch Lake (Antrim),Lake,2021,Total Phosphorus,7.832026269722101,4.94434301341675,6.2642545953900335,24,simulated
Torch Lake (Antrim),Lake,2022,Total Phosphorus,6.562173268400169,4.123236436981673,5.106486020941247,23,simulated
Torch Lake (Antrim),Lake,2023,Total Phosphorus,7.290722051080419,4.746917340444086,5.645651452281832,23,simulated
Torch Lake (Antrim),Lake,2024,Total Phosphorus,7.318339168003162,3.749479923357102,5.360625710357255,22,simulated
Torch Lake (Antrim),Lake,2025,Total Phosphorus,7.329530163318957,3.3488772457949163,5.474050127172464,22,simulated
Upper Herring Lake,Lake,2000,Chlorophyll-a,6.8924985857669645,4.844993407099326,6.189511903706965,20,simulated
Upper Herring Lake,Lake,2001,Chlorophyll-a,7.677948625880761,5.189885737697359,6.467315390039957,22,simulated
Upper Herring Lake,Lake,2002,Chlorophyll-a,7.7377887675323525,5.360412615688546,6.465276113653169,15,simulated
Upper Herring Lake,Lake,2003,Chlorophyll-a,7.1770005497210425,5.134476599926274,6.355903655153736,21,simulated
Upper Herring Lake,Lake,2004,Chlorophyll-a,8.166484584742282,5.4675884226316995,6.561065277269366,17,simulated
Upper Herring Lake,Lake,2005,Chlorophyll-a,7.2286656144271895,5.6718815402276865,6.273934167141867,18,simulated
Upper Herring Lake,Lake,2006,Chlorophyll-a,8.035418923050377,5.831136054814627,6.453270534054077,22,simulated
Upper Herring Lake,Lake,2007,Chlorophyll-a,7.0137045456709854,5.201364353580133,6.175863920437673,26,simulated
Upper Herring Lake,Lake,2008,Chlorophyll-a,6.8791506906539945,5.42178291404299,6.454002612017075,24,simulated
Upper Herring Lake,Lake,2009,Chlorophyll-a,8.022625601837484,5.327239511920065,6.751300725718762,23,simulated
Upper Herring Lake,Lake,2010,Chlorophyll-a,7.458979508118155,5.015295992947048,6.31815721482381,23,simulated
Upper Herring Lake,Lake,2011,Chlorophyll-a,7.358670346730486,5.0417674700234,6.290713866233138,22,simulated
Upper Herring Lake,Lake,2012,Chlorophyll-a,7.463797442040191,5.56072755224686,6.572220499911016,22,simulated
Upper Herring Lake,Lake,2013,Chlorophyll-a,7.618604051772941,5.889329433139572,6.532337924815684,26,simulated
Upper Herring Lake,Lake,2014,Chlorophyll-a,7.764318069389785,5.513950603510743,6.797325427586676,21,simulated
Upper Herring Lake,Lake,2015,Chlorophyll-a,7.560381818161569,5.2826825191222175,6.558323146868729,27,simulated
Upper Herring Lake,Lake,2016,Chlorophyll-a,8.667721446135685,6.819638512153779,7.160683730941542,24,simulated
Upper Herring Lake,Lake,2017,Chlorophyll-a,7.564932222970618,5.616099489172152,6.425554578295639,28,simulated
Upper Herring Lake,Lake,2018,Chlorophyll-a,8.54899805347757,6.181524970330103,7.131409386234606,29,simulated
Upper Herring Lake,Lake,2019,Chlorophyll-a,7.6853919886335,5.489831632633113,6.646280275643249,21,simulated
Upper Herring Lake,Lake,2020,Chlorophyll-a,7.38347478576245,5.597723106174192,6.415992797919894,25,simulated
Upper Herring Lake,Lake,2021,Chlorophyll-a,7.768010680461557,5.836326548827884,6.998924820522129,24,simulated
Upper Herring Lake,Lake,2022,Chlorophyll-a,7.944274127641415,5.823735804412088,6.911792028357375,22,simulated
Upper Herring Lake,Lake,2023,Chlorophyll-a,6.729586048999798,5.649301134573239,6.72544352127716,24,simulated
Upper Herring Lake,Lake,2024,Chlorophyll-a,7.527821246545075,5.740898825504774,6.613328502398207,35,simulated
Upper Herring Lake,Lake,2025,Chlorophyll-a,8.278807161368777,6.146855259514214,7.112951286108093,30,simulated
Upper Herring Lake,Lake,2000,Chloride,9.379355565885504,6.110746165611553,7.397427984387653,30,simulated
Upper Herring Lake,Lake,2001,Chloride,8.787351025739763,5.787409349728394,6.948255646503454,26,simulated
Upper Herring Lake,Lake,2002,Chloride,8.633242244953639,5.700186861283633,7.141146027193777,28,simulated
Upper Herring Lake,Lake,2003,Chloride,8.771263253178,7.108155840063612,7.545406971642124,31,simulated
Upper Herring Lake,Lake,2004,Chloride,8.46565027998777,6.540665916076272,7.570819856953912,25,simulated
Upper Herring Lake,Lake,2005,Chloride,8.759795068322362,6.091589366482266,7.295160288693471,30,simulated
Upper Herring Lake,Lake,2006,Chloride,9.131063610368399,5.092594378974196,7.041959004532129,28,simulated
Upper Herring Lake,Lake,2007,Chloride,10.444714751983472,7.464573678067909,8.819167420630095,30,simulated
Upper Herring Lake,Lake,2008,Chloride,9.606552827418849,6.033806585112572,7.678656043038981,28,simulated
Upper Herring Lake,Lake,2009,Chloride,9.64895452235583,6.021515275198297,7.690504007194344,32,simulated
Upper Herring Lake,Lake,2010,Chloride,9.404665444455594,5.691317679699046,7.9303063481413,29,simulated
Upper Herring Lake,Lake,2011,Chloride,10.113484375125209,5.67210459173184,7.879880131440323,24,simulated
Upper Herring Lake,Lake,2012,Chloride,8.30704948157819,6.4803343225015375,8.097414233215297,33,simulated
Upper Herring Lake,Lake,2013,Chloride,9.729518726471142,7.118507818865272,8.62036481860306,27,simulated
Upper Herring Lake,Lake,2014,Chloride,9.374255305281116,6.840477215491195,8.170072967478545,33,simulated
Upper Herring Lake,Lake,2015,Chloride,9.057050664097062,6.3730879516083085,7.853591495511832,30,simulated
Upper Herring Lake,Lake,2016,Chloride,10.186346669830485,6.852875622972242,8.324162753786748,34,simulated
Upper Herring Lake,Lake,2017,Chloride,10.121705750444354,6.325935366950753,8.290430505975237,34,simulated
Upper Herring Lake,Lake,2018,Chloride,11.200037936950302,7.037905598534993,9.126293293235504,32,simulated
Upper Herring Lake,Lake,2019,Chloride,11.302701570845844,6.936496908514223,9.11840956742624,33,simulated
Upper Herring Lake,Lake,2020,Chloride,10.056055271699385,6.32206164787559,8.780373260757608,33,simulated
Upper Herring Lake,Lake,2021,Chloride,9.372682786995627,5.67224767931754,8.302156577684054,26,simulated
Upper Herring Lake,Lake,2022,Chloride,10.321242712302684,6.6364988768435005,8.409238587196377,32,simulated
Upper Herring Lake,Lake,2023,Chloride,10.500335511759467,6.578687589627934,9.014802661232387,29,simulated
Upper Herring Lake,Lake,2024,Chloride,10.23642856290647,7.562965836848857,9.243087916666436,33,simulated
Upper Herring Lake,Lake,2025,Chloride,11.405154913896837,6.5458219018978,9.03432645030859,30,simulated
Upper Herring Lake,Lake,2000,Nitrate,13.792799206768517,8.782969625308743,10.851052819886036,21,simulated
Upper Herring Lake,Lake,2001,Nitrate,13.015406413777207,7.19771435187393,10.492867010505378,8,simulated
Upper Herring Lake,Lake,2002,Nitrate,13.161840198200215,8.095841229698353,9.812644877988344,19,simulated
Upper Herring Lake,Lake,2003,Nitrate,12.725592314226489,5.377649474376312,9.89487924891488,20,simulated
Upper Herring Lake,Lake,2004,Nitrate,12.886174749463635,6.022254222367383,9.604360203285562,21,simulated
Upper Herring Lake,Lake,2005,Nitrate,12.509104408655439,7.349457500225184,10.061830745492395,18,simulated
Upper Herring Lake,Lake,2006,Nitrate,12.775142409263644,6.144993287839991,9.28865364690632,19,simulated
Upper Herring Lake,Lake,2007,Nitrate,12.864276301298478,8.84832702360687,10.24924272894228,22,simulated
Upper Herring Lake,Lake,2008,Nitrate,11.283732710169561,5.006595811547171,9.479648481069027,23,simulated
Upper Herring Lake,Lake,2009,Nitrate,13.502969926660263,7.28455742608239,9.351229833075031,18,simulated
Upper Herring Lake,Lake,2010,Nitrate,10.74511714977995,7.1008306892031445,9.580817876092045,20,simulated
Upper Herring Lake,Lake,2011,Nitrate,11.11291677353307,8.097459560043603,9.191526965508247,25,simulated
Upper Herring Lake,Lake,2012,Nitrate,11.813878283684254,6.714331409401064,9.699093131941227,14,simulated
Upper Herring Lake,Lake,2013,Nitrate,13.477600217192784,7.5201162436429065,9.16441698968175,18,simulated
Upper Herring Lake,Lake,2014,Nitrate,13.743319832687272,7.02897487266547,9.718562518325207,25,simulated
Upper Herring Lake,Lake,2015,Nitrate,14.055470760864875,7.845751080155278,10.119719753525963,24,simulated
Upper Herring Lake,Lake,2016,Nitrate,11.142940081278118,7.341852441973877,8.972370207632391,23,simulated
Upper Herring Lake,Lake,2017,Nitrate,13.589079462615793,7.390757969383742,9.281982230839908,20,simulated
Upper Herring Lake,Lake,2018,Nitrate,12.451811057504909,6.841039655500232,9.59134236937704,19,simulated
Upper Herring Lake,Lake,2019,Nitrate,12.191351565567839,7.552912783659566,9.048777040001267,20,simulated
Upper Herring Lake,Lake,2020,Nitrate,12.23002286127598,7.547256407653814,9.532104517326356,27,simulated
Upper Herring Lake,Lake,2021,Nitrate,12.080994022743827,6.4772660137909455,9.553425422834705,21,simulated
Upper Herring Lake,Lake,2022,Nitrate,12.25981346472726,5.124506864124641,9.821425941428764,23,simulated
Upper Herring Lake,Lake,2023,Nitrate,11.062598238435625,6.1246225898255915,8.83829010451884,21,simulated
Upper Herring Lake,Lake,2024,Nitrate,11.35886651270452,6.9428654323055214,8.62099512628042,26,simulated
Upper Herring Lake,Lake,2025,Nitrate,11.61735706920539,6.810536734900612,8.94922165347337,22,simulated
Upper Herring Lake,Lake,2000,Secchi Depth,11.043480049443147,8.058531806024202,9.547698558393682,6,simulated
Upper Herring Lake,Lake,2001,Secchi Depth,11.524727847356797,7.858186320104705,9.60413120257089,6,simulated
Upper Herring Lake,Lake,2002,Secchi Depth,11.928660668438948,9.011968215119257,10.494255901569822,8,simulated
Upper Herring Lake,Lake,2003,Secchi Depth,12.937715752829757,7.319057792662544,9.79734426217562,11,simulated
Upper Herring Lake,Lake,2004,Secchi Depth,13.7365805503366,10.19470306435942,11.66739613092336,6,simulated
Upper Herring Lake,Lake,2005,Secchi Depth,11.88924060739329,6.939658066796824,9.43806644431908,6,simulated
Upper Herring Lake,Lake,2006,Secchi Depth,13.337104300345144,7.439139794535615,10.139945141470616,6,simulated
Upper Herring Lake,Lake,2007,Secchi Depth,12.623212457513985,9.4112172988409,10.603337379870627,11,simulated
Upper Herring Lake,Lake,2008,Secchi Depth,13.123901500941564,6.996583583595878,10.416666800187668,8,simulated
Upper Herring Lake,Lake,2009,Secchi Depth,11.588589372454827,7.439085052754523,10.034599223048383,13,simulated
Upper Herring Lake,Lake,2010,Secchi Depth,14.072135350900552,7.352106641241239,10.134271962753358,10,simulated
Upper Herring Lake,Lake,2011,Secchi Depth,13.046396209126854,8.381670316444822,10.1364119135355,10,simulated
Upper Herring Lake,Lake,2012,Secchi Depth,12.768537218552428,7.738360755532403,10.542292516001144,9,simulated
Upper Herring Lake,Lake,2013,Secchi Depth,13.822815605682312,8.25649290709859,11.792600869838568,12,simulated
Upper Herring Lake,Lake,2014,Secchi Depth,13.119133922629965,8.439102741820832,10.7846975351324,6,simulated
Upper Herring Lake,Lake,2015,Secchi Depth,13.712748418845845,7.320315753532812,11.415270641383229,10,simulated
Upper Herring Lake,Lake,2016,Secchi Depth,14.997084926411283,8.551851080394464,11.064424272106312,10,simulated
Upper Herring Lake,Lake,2017,Secchi Depth,13.04103246429384,7.986141622020153,11.422250171709178,13,simulated
Upper Herring Lake,Lake,2018,Secchi Depth,11.436622980237598,7.012807108713564,9.274040762659723,10,simulated
Upper Herring Lake,Lake,2019,Secchi Depth,13.059545940391182,7.8653556555668045,10.679248326781188,8,simulated
Upper Herring Lake,Lake,2020,Secchi Depth,14.1055472965746,10.30174969287391,11.597775531560869,12,simulated
Upper Herring Lake,Lake,2021,Secchi Depth,12.864711446345432,7.939119191888516,10.57240351344004,9,simulated
Upper Herring Lake,Lake,2022,Secchi Depth,14.472064825554456,9.81955992880129,11.898250219473834,6,simulated
Upper Herring Lake,Lake,2023,Secchi Depth,15.093377160945462,9.798338748507758,11.765731330385844,15,simulated
Upper Herring Lake,Lake,2024,Secchi Depth,13.52718539696864,7.0424012402613405,10.6928421282112,14,simulated
Upper Herring Lake,Lake,2025,Secchi Depth,13.393046147819506,8.451607874435357,10.69484987982149,14,simulated
Upper Herring Lake,Lake,2000,Total Phosphorus,7.983127873450287,5.456661917827092,6.726757435988255,18,simulated
Upper Herring Lake,Lake,2001,Total Phosphorus,7.378398630949175,5.443846570640183,6.466419329517631,13,simulated
Upper Herring Lake,Lake,2002,Total Phosphorus,8.155093901627815,5.724366740714394,6.831231321889094,19,simulated
Upper Herring Lake,Lake,2003,Total Phosphorus,7.762695733739651,5.432746029632861,6.714961005556567,23,simulated
Upper Herring Lake,Lake,2004,Total Phosphorus,7.532430024380264,5.5210931295961085,6.536761456793055,20,simulated
Upper Herring Lake,Lake,2005,Total Phosphorus,8.142232430286775,6.002113251900424,6.722526356408725,21,simulated
Upper Herring Lake,Lake,2006,Total Phosphorus,7.168944282399554,5.234972480518031,6.535176822777914,23,simulated
Upper Herring Lake,Lake,2007,Total Phosphorus,6.803798784997065,4.632004775692872,6.152062891220844,19,simulated
Upper Herring Lake,Lake,2008,Total Phosphorus,7.740670032815409,4.980343614080291,6.515827154986537,24,simulated
Upper Herring Lake,Lake,2009,Total Phosphorus,7.452724280227621,5.396368288793415,6.285785804489178,27,simulated
Upper Herring Lake,Lake,2010,Total Phosphorus,8.005567901702209,5.862384104999591,6.637230391561296,22,simulated
Upper Herring Lake,Lake,2011,Total Phosphorus,8.210699116129996,5.268384004529398,6.354829649774241,19,simulated
Upper Herring Lake,Lake,2012,Total Phosphorus,8.126235139917405,4.940750602684281,6.812978618909383,23,simulated
Upper Herring Lake,Lake,2013,Total Phosphorus,8.437682917090719,5.371244887709725,6.913656104615241,17,simulated
Upper Herring Lake,Lake,2014,Total Phosphorus,7.499178370676159,5.124178803614327,6.623542912599445,25,simulated
Upper Herring Lake,Lake,2015,Total Phosphorus,7.353938111339985,4.563242025257773,5.979026206390307,25,simulated
Upper Herring Lake,Lake,2016,Total Phosphorus,7.84665871434465,5.352602533354292,6.779652616214924,29,simulated
Upper Herring Lake,Lake,2017,Total Phosphorus,8.054712950704616,5.453706965281368,6.763536624485768,24,simulated
Upper Herring Lake,Lake,2018,Total Phosphorus,7.449778096165549,4.89566858169317,6.309120954760247,26,simulated
Upper Herring Lake,Lake,2019,Total Phosphorus,8.24783530034702,5.590308060709858,6.62574510950309,23,simulated
Upper Herring Lake,Lake,2020,Total Phosphorus,6.782820252847425,5.436315792879905,6.091723860573777,24,simulated
Upper Herring Lake,Lake,2021,Total Phosphorus,6.047838705960302,4.412539964630284,5.711552840546092,21,simulated
Upper Herring Lake,Lake,2022,Total Phosphorus,7.018562492468011,4.442579438194369,5.973595602552082,26,simulated
Upper Herring Lake,Lake,2023,Total Phosphorus,8.001823047635849,5.776611016548076,6.595806319444581,25,simulated
Upper Herring Lake,Lake,2024,Total Phosphorus,6.839037516247893,4.388074117108035,5.720958212162213,28,simulated
Upper Herring Lake,Lake,2025,Total Phosphorus,7.634277815505561,4.369468595744715,6.078309697992701,25,simulated
