Site,Parameter,SampleDate,Value
Big Glen Lake,Chlorophyll-a,1993-04-27,2.8
Big Glen Lake,Chlorophyll-a,1993-06-10,4.4
Big Glen Lake,Chlorophyll-a,1993-07-21,1.4
Big Glen Lake,Chlorophyll-a,1993-09-16,2.5
Big Glen Lake,Chlorophyll-a,1993-11-09,3.3
Big Glen Lake,Chlorophyll-a,1994-03-02,1.6
Big Glen Lake,Chlorophyll-a,1994-04-30,4.0
Big Glen Lake,Chlorophyll-a,1994-06-21,1.8
Big Glen Lake,Chlorophyll-a,1994-07-21,1.9
Big Glen Lake,Chlorophyll-a,1994-08-17,1.3
Big Glen Lake,Chlorophyll-a,1994-09-30,2.0
Big Glen Lake,Chlorophyll-a,1995-04-20,5.0
Big Glen Lake,Chlorophyll-a,1995-06-19,2.0
Big Glen Lake,Chlorophyll-a,1995-07-11,0.8
Big Glen Lake,Chlorophyll-a,1995-10-03,2.6
Big Glen Lake,Chlorophyll-a,1996-05-25,2.2
Big Glen Lake,Chlorophyll-a,1996-07-17,0.8
Big Glen Lake,Chlorophyll-a,1996-09-19,1.5
Big Glen Lake,Chlorophyll-a,1996-11-21,2.0
Big Glen Lake,Chlorophyll-a,1997-04-24,2.9
Big Glen Lake,Chlorophyll-a,1997-06-29,1.6
Big Glen Lake,Chlorophyll-a,1997-07-23,0.8
Big Glen Lake,Chlorophyll-a,1997-08-13,1.3
Big Glen Lake,Chlorophyll-a,1998-04-20,1.5
Big Glen Lake,Chlorophyll-a,1998-08-12,0.5
Big Glen Lake,Chlorophyll-a,1998-11-09,2.1
Big Glen Lake,Chlorophyll-a,1999-04-13,2.2
Big Glen Lake,Chlorophyll-a,1999-06-17,1.7
Big Glen Lake,Chlorophyll-a,1999-09-21,1.5
Big Glen Lake,Chlorophyll-a,2000-04-26,2.7
Big Glen Lake,Chlorophyll-a,2000-06-23,1.7
Big Glen Lake,Chlorophyll-a,2000-07-26,0.7
Big Glen Lake,Chlorophyll-a,2000-08-14,0.7
Big Glen Lake,Chlorophyll-a,2000-09-25,1.7
Big Glen Lake,Chlorophyll-a,2000-10-19,2.5
Big Glen Lake,Chlorophyll-a,2001-05-31,2.9
Big Glen Lake,Chlorophyll-a,2001-07-09,0.6
Big Glen Lake,Chlorophyll-a,2001-08-07,0.9
Big Glen Lake,Chlorophyll-a,2001-09-27,2.6
Big Glen Lake,Chlorophyll-a,2001-10-24,2.7
Big Glen Lake,Chlorophyll-a,2001-11-06,3.1
Big Glen Lake,Chlorophyll-a,2002-04-23,2.5
Big Glen Lake,Chlorophyll-a,2002-05-21,3.7
Big Glen Lake,Chlorophyll-a,2002-06-18,1.7
Big Glen Lake,Chlorophyll-a,2002-07-15,0.8
Big Glen Lake,Chlorophyll-a,2002-08-21,1.2
Big Glen Lake,Chlorophyll-a,2002-09-17,1.1
Big Glen Lake,Chlorophyll-a,2002-10-16,2.7
Big Glen Lake,Chlorophyll-a,2003-04-23,1.1
Big Glen Lake,Chlorophyll-a,2003-05-14,2.0
Big Glen Lake,Chlorophyll-a,2003-06-16,1.0
Big Glen Lake,Chlorophyll-a,2003-08-13,0.5
Big Glen Lake,Chlorophyll-a,2003-09-11,0.9
Big Glen Lake,Chlorophyll-a,2004-06-03,1.5
Big Glen Lake,Chlorophyll-a,2004-07-20,0.5
Big Glen Lake,Chlorophyll-a,2004-08-16,0.5
Big Glen Lake,Chlorophyll-a,2004-09-21,1.6
Big Glen Lake,Chlorophyll-a,2004-10-07,1.2
Big Glen Lake,Chlorophyll-a,2005-04-29,3.12
Big Glen Lake,Chlorophyll-a,2005-05-31,1.2
Big Glen Lake,Chlorophyll-a,2005-07-06,1.7
Big Glen Lake,Chlorophyll-a,2005-08-11,1.06
Big Glen Lake,Chlorophyll-a,2005-09-08,0.79
Big Glen Lake,Chlorophyll-a,2006-06-27,2.1
Big Glen Lake,Chlorophyll-a,2006-08-17,1.47
Big Glen Lake,Chlorophyll-a,2007-06-01,0.66
Big Glen Lake,Chlorophyll-a,2007-07-29,0.58
Big Glen Lake,Chlorophyll-a,2007-08-23,0.84
Big Glen Lake,Chlorophyll-a,2007-10-23,1.39
Big Glen Lake,Chlorophyll-a,2008-07-11,0.81
Big Glen Lake,Chlorophyll-a,2008-08-04,0.59
Big Glen Lake,Chlorophyll-a,2008-09-09,0.78
Big Glen Lake,Chlorophyll-a,2009-06-26,0.36
Big Glen Lake,Chlorophyll-a,2009-07-29,0.24
Big Glen Lake,Chlorophyll-a,2009-09-09,0.7
Big Glen Lake,Chlorophyll-a,2010-05-20,0.5
Big Glen Lake,Chlorophyll-a,2010-06-21,0.45
Big Glen Lake,Chlorophyll-a,2010-08-12,0.54
Big Glen Lake,Chlorophyll-a,2016-04-20,0.89
Big Glen Lake,Chlorophyll-a,2016-06-14,0.38
Big Glen Lake,Chlorophyll-a,2016-07-13,0.51
Big Glen Lake,Chlorophyll-a,2016-09-13,0.89
Big Glen Lake,Chlorophyll-a,2016-10-18,1.59
Big Glen Lake,Chlorophyll-a,2019-04-21,0.9
Big Glen Lake,Chlorophyll-a,2019-06-17,0.52
Big Glen Lake,Chlorophyll-a,2019-07-18,1.19
Big Glen Lake,Chlorophyll-a,2019-08-21,0.66
Big Glen Lake,Chlorophyll-a,2019-09-18,0.78
Big Glen Lake,Chlorophyll-a,2019-10-18,0.8
Big Glen Lake,Chlorophyll-a,2020-05-13,0.77
Big Glen Lake,Chlorophyll-a,2020-08-17,0.28
Big Glen Lake,Chlorophyll-a,2020-09-21,1.39
Big Glen Lake,Chlorophyll-a,2020-11-05,1.73
Big Glen Lake,Chlorophyll-a,2021-05-12,1.2
Big Glen Lake,Chlorophyll-a,2021-09-22,1.05
Big Glen Lake,Chlorophyll-a,2022-05-23,1.49
Big Glen Lake,Chlorophyll-a,2022-06-23,1.98
Big Glen Lake,Chlorophyll-a,2022-08-04,1.28
Big Glen Lake,Chlorophyll-a,2022-09-29,1.82
Big Glen Lake,Chlorophyll-a,2022-10-31,0.85
Big Glen Lake,Chlorophyll-a,2023-05-10,2.53
Big Glen Lake,Chlorophyll-a,2023-06-07,2.01
Big Glen Lake,Chlorophyll-a,2023-07-14,1.49
Big Glen Lake,Chlorophyll-a,2023-08-08,1.04
Big Glen Lake,Chlorophyll-a,2023-09-13,1.64
Big Glen Lake,Chlorophyll-a,2023-10-06,0.97
Big Glen Lake,Chlorophyll-a,2024-05-02,1.28
Big Glen Lake,Chlorophyll-a,2024-06-11,0.45
Big Glen Lake,Chlorophyll-a,2024-08-01,0.57
Big Glen Lake,Chlorophyll-a,2024-09-10,1.7
Big Glen Lake,Chlorophyll-a,2024-10-03,1.14
Big Glen Lake,Chlorophyll-a,2025-05-09,0.7
Big Glen Lake,Chlorophyll-a,2025-06-05,0.63
Big Glen Lake,Chlorophyll-a,2025-07-02,0.33
Big Glen Lake,Chlorophyll-a,2025-08-07,0.57
Big Glen Lake,Chlorophyll-a,2025-09-10,1.31
Big Glen Lake,Chlorophyll-a,2025-10-02,0.91
Big Glen Lake,Nitrate,1990-07-24,1.0
Big Glen Lake,Nitrate,1990-08-07,1.0
Big Glen Lake,Nitrate,1990-08-29,1.0
Big Glen Lake,Nitrate,1990-09-24,1.0
Big Glen Lake,Nitrate,1990-10-22,7.0
Big Glen Lake,Nitrate,1990-11-14,14.0
Big Glen Lake,Nitrate,1990-12-19,27.0
Big Glen Lake,Nitrate,1991-01-30,32.0
Big Glen Lake,Nitrate,1991-02-19,28.0
Big Glen Lake,Nitrate,1991-03-11,23.0
Big Glen Lake,Nitrate,1991-04-23,9.0
Big Glen Lake,Nitrate,1991-05-13,1.0
Big Glen Lake,Nitrate,1991-05-28,2.0
Big Glen Lake,Nitrate,1991-06-11,2.0
Big Glen Lake,Nitrate,1991-06-24,1.0
Big Glen Lake,Nitrate,1991-07-16,1.0
Big Glen Lake,Nitrate,1992-02-29,40.0
Big Glen Lake,Nitrate,1992-05-06,60.0
Big Glen Lake,Nitrate,1992-06-24,7.0
Big Glen Lake,Nitrate,1992-07-24,10.0
Big Glen Lake,Nitrate,1992-08-06,410.0
Big Glen Lake,Nitrate,1992-08-27,20.0
Big Glen Lake,Nitrate,1992-09-23,10.0
Big Glen Lake,Nitrate,1992-10-21,130.0
Big Glen Lake,Nitrate,1993-01-27,40.0
Big Glen Lake,Nitrate,1993-03-25,60.0
Big Glen Lake,Nitrate,1993-04-27,60.0
Big Glen Lake,Nitrate,1993-06-10,30.0
Big Glen Lake,Nitrate,1993-07-21,80.0
Big Glen Lake,Nitrate,1993-09-16,0.0
Big Glen Lake,Nitrate,1993-11-09,190.0
Big Glen Lake,Nitrate,1994-03-02,740.0
Big Glen Lake,Nitrate,1994-04-30,60.0
Big Glen Lake,Nitrate,1994-06-21,10.0
Big Glen Lake,Nitrate,1994-07-21,10.0
Big Glen Lake,Nitrate,1994-08-17,30.0
Big Glen Lake,Nitrate,1994-09-30,50.0
Big Glen Lake,Nitrate,1994-11-07,10.0
Big Glen Lake,Nitrate,1995-04-20,60.0
Big Glen Lake,Nitrate,1995-06-19,10.0
Big Glen Lake,Nitrate,1995-07-11,20.0
Big Glen Lake,Nitrate,1995-10-03,10.0
Big Glen Lake,Nitrate,1996-03-19,40.0
Big Glen Lake,Nitrate,1996-05-25,90.0
Big Glen Lake,Nitrate,1996-07-17,30.0
Big Glen Lake,Nitrate,1996-08-17,10.0
Big Glen Lake,Nitrate,1996-09-19,20.0
Big Glen Lake,Nitrate,1996-11-21,10.0
Big Glen Lake,Nitrate,1997-04-24,20.0
Big Glen Lake,Nitrate,1997-06-29,220.0
Big Glen Lake,Nitrate,1997-07-23,10.0
Big Glen Lake,Nitrate,1997-08-13,10.0
Big Glen Lake,Nitrate,1997-09-08,10.0
Big Glen Lake,Nitrate,1998-08-12,10.0
Big Glen Lake,Nitrate,1998-11-09,10.0
Big Glen Lake,Nitrate,1999-04-13,40.0
Big Glen Lake,Nitrate,1999-06-17,20.0
Big Glen Lake,Nitrate,1999-09-21,10.0
Big Glen Lake,Nitrate,2000-04-26,60.0
Big Glen Lake,Nitrate,2000-06-23,280.0
Big Glen Lake,Nitrate,2000-07-26,20.0
Big Glen Lake,Nitrate,2000-08-14,10.0
Big Glen Lake,Nitrate,2000-09-25,10.0
Big Glen Lake,Nitrate,2000-10-19,10.0
Big Glen Lake,Nitrate,2001-05-31,40.0
Big Glen Lake,Nitrate,2001-08-07,10.0
Big Glen Lake,Nitrate,2001-09-27,10.0
Big Glen Lake,Nitrate,2001-10-24,10.0
Big Glen Lake,Nitrate,2001-11-06,10.0
Big Glen Lake,Nitrate,2002-04-23,40.0
Big Glen Lake,Nitrate,2002-05-21,40.0
Big Glen Lake,Nitrate,2002-06-18,10.0
Big Glen Lake,Nitrate,2002-07-15,10.0
Big Glen Lake,Nitrate,2002-08-21,10.0
Big Glen Lake,Nitrate,2002-09-17,60.0
Big Glen Lake,Nitrate,2002-10-16,40.0
Big Glen Lake,Nitrate,2003-04-23,40.0
Big Glen Lake,Nitrate,2003-05-14,30.0
Big Glen Lake,Nitrate,2003-06-16,40.0
Big Glen Lake,Nitrate,2003-08-13,10.0
Big Glen Lake,Nitrate,2003-09-11,10.0
Big Glen Lake,Nitrate,2004-06-03,240.0
Big Glen Lake,Nitrate,2004-07-20,2.0
Big Glen Lake,Nitrate,2004-08-16,2.0
Big Glen Lake,Nitrate,2004-09-21,2.0
Big Glen Lake,Nitrate,2004-10-07,2.0
Big Glen Lake,Nitrate,2005-04-29,44.8
Big Glen Lake,Nitrate,2005-05-31,8.7
Big Glen Lake,Nitrate,2005-07-06,1.4
Big Glen Lake,Nitrate,2005-08-11,1.4
Big Glen Lake,Nitrate,2005-09-08,2.5
Big Glen Lake,Nitrate,2006-06-27,18.0
Big Glen Lake,Nitrate,2006-08-17,1.1
Big Glen Lake,Nitrate,2007-06-01,11.7
Big Glen Lake,Nitrate,2007-07-29,0.9
Big Glen Lake,Nitrate,2007-08-23,0.9
Big Glen Lake,Nitrate,2007-10-23,0.9
Big Glen Lake,Nitrate,2008-07-11,0.9
Big Glen Lake,Nitrate,2008-08-04,0.9
Big Glen Lake,Nitrate,2008-09-09,0.9
Big Glen Lake,Nitrate,2009-06-26,1.2
Big Glen Lake,Nitrate,2009-07-29,1.2
Big Glen Lake,Nitrate,2009-09-09,1.2
Big Glen Lake,Nitrate,2010-05-20,6.2
Big Glen Lake,Nitrate,2011-06-15,13.1
Big Glen Lake,Nitrate,2011-06-15,12.8
Big Glen Lake,Nitrate,2011-07-08,1.0
Big Glen Lake,Nitrate,2011-08-09,1.0
Big Glen Lake,Nitrate,2011-09-07,1.0
Big Glen Lake,Nitrate,2011-09-07,1.0
Big Glen Lake,Nitrate,2011-10-14,1.0
Big Glen Lake,Nitrate,2011-10-14,1.0
Big Glen Lake,Nitrate,2012-05-15,66.3
Big Glen Lake,Nitrate,2012-07-25,1.5
Big Glen Lake,Nitrate,2012-09-15,1.5
Big Glen Lake,Nitrate,2014-07-10,21.8
Big Glen Lake,Nitrate,2014-08-11,4.3
Big Glen Lake,Nitrate,2014-09-17,1.1
Big Glen Lake,Nitrate,2015-07-06,27.2
Big Glen Lake,Nitrate,2015-08-14,9.9
Big Glen Lake,Nitrate,2015-09-19,1.1
Big Glen Lake,Nitrate,2015-10-21,1.1
Big Glen Lake,Nitrate,2016-04-20,44.8
Big Glen Lake,Nitrate,2016-06-14,35.4
Big Glen Lake,Nitrate,2016-07-13,14.9
Big Glen Lake,Nitrate,2016-09-12,1.1
Big Glen Lake,Nitrate,2016-10-14,1.1
Big Glen Lake,Nitrate,2017-05-03,45.8
Big Glen Lake,Nitrate,2017-06-15,9.1
Big Glen Lake,Nitrate,2017-07-12,4.9
Big Glen Lake,Nitrate,2017-08-08,1.4
Big Glen Lake,Nitrate,2017-09-12,1.4
Big Glen Lake,Nitrate,2017-11-06,3.5
Big Glen Lake,Nitrate,2018-05-14,38.6
Big Glen Lake,Nitrate,2018-06-19,21.0
Big Glen Lake,Nitrate,2018-07-18,13.2
Big Glen Lake,Nitrate,2018-08-18,3.8
Big Glen Lake,Nitrate,2018-09-23,3.8
Big Glen Lake,Nitrate,2018-10-29,3.8
Big Glen Lake,Nitrate,2019-04-21,57.2
Big Glen Lake,Nitrate,2019-06-17,58.2
Big Glen Lake,Nitrate,2019-07-18,39.1
Big Glen Lake,Nitrate,2019-08-21,3.7
Big Glen Lake,Nitrate,2019-09-18,3.7
Big Glen Lake,Nitrate,2019-10-18,3.7
Big Glen Lake,Nitrate,2020-05-13,74.5
Big Glen Lake,Nitrate,2020-08-17,3.9
Big Glen Lake,Nitrate,2020-09-21,3.9
Big Glen Lake,Nitrate,2020-11-05,19.2
Big Glen Lake,Nitrate,2021-05-12,67.4
Big Glen Lake,Nitrate,2021-09-22,4.0
Big Glen Lake,Nitrate,2022-05-23,64.2
Big Glen Lake,Nitrate,2022-06-23,50.2
Big Glen Lake,Nitrate,2022-08-04,3.0
Big Glen Lake,Nitrate,2022-09-29,3.0
Big Glen Lake,Nitrate,2022-10-31,12.1
Big Glen Lake,Nitrate,2023-05-10,61.4
Big Glen Lake,Nitrate,2023-06-07,49.6
Big Glen Lake,Nitrate,2023-07-14,26.2
Big Glen Lake,Nitrate,2023-08-08,13.6
Big Glen Lake,Nitrate,2024-05-02,56.5
Big Glen Lake,Nitrate,2024-06-11,25.6
Big Glen Lake,Nitrate,2025-05-09,47.0
Big Glen Lake,Nitrate,2025-06-05,41.0
Big Glen Lake,Nitrate,2025-06-05,90.2
Big Glen Lake,Nitrate,2025-07-02,31.1
Big Glen Lake,Nitrate,2025-08-07,7.2
Big Glen Lake,Nitrate,2025-09-10,2.9
Big Glen Lake,Nitrate,2025-10-02,25.0
Big Glen Lake,Secchi Depth,1990-06-05,17
Big Glen Lake,Secchi Depth,1990-06-26,19.5
Big Glen Lake,Secchi Depth,1990-07-24,16
Big Glen Lake,Secchi Depth,1990-08-07,15
Big Glen Lake,Secchi Depth,1990-08-29,23.5
Big Glen Lake,Secchi Depth,1990-11-14,22
Big Glen Lake,Secchi Depth,1991-04-23,17.5
Big Glen Lake,Secchi Depth,1991-05-13,16.5
Big Glen Lake,Secchi Depth,1991-06-11,18.5
Big Glen Lake,Secchi Depth,1991-06-24,17.6
Big Glen Lake,Secchi Depth,1991-07-16,13
Big Glen Lake,Secchi Depth,1991-08-30,16.5
Big Glen Lake,Secchi Depth,1991-10-04,19
Big Glen Lake,Secchi Depth,1992-05-06,20
Big Glen Lake,Secchi Depth,1992-06-24,19
Big Glen Lake,Secchi Depth,1992-07-24,16.5
Big Glen Lake,Secchi Depth,1992-08-06,13
Big Glen Lake,Secchi Depth,1992-08-27,19.5
Big Glen Lake,Secchi Depth,1992-09-23,23.5
Big Glen Lake,Secchi Depth,1992-10-21,22
Big Glen Lake,Secchi Depth,1993-04-27,23.5
Big Glen Lake,Secchi Depth,1993-06-10,19
Big Glen Lake,Secchi Depth,1993-07-21,15
Big Glen Lake,Secchi Depth,1993-09-16,24
Big Glen Lake,Secchi Depth,1993-11-09,22
Big Glen Lake,Secchi Depth,1994-04-30,20
Big Glen Lake,Secchi Depth,1994-06-21,22.5
Big Glen Lake,Secchi Depth,1994-07-21,15
Big Glen Lake,Secchi Depth,1994-08-17,19.5
Big Glen Lake,Secchi Depth,1994-09-30,20
Big Glen Lake,Secchi Depth,1994-11-07,22
Big Glen Lake,Secchi Depth,1995-04-20,19
Big Glen Lake,Secchi Depth,1995-06-19,25
Big Glen Lake,Secchi Depth,1995-07-11,18
Big Glen Lake,Secchi Depth,1995-10-03,20
Big Glen Lake,Secchi Depth,1996-07-17,16
Big Glen Lake,Secchi Depth,1996-08-17,24
Big Glen Lake,Secchi Depth,1996-09-19,17
Big Glen Lake,Secchi Depth,1997-04-24,25.5
Big Glen Lake,Secchi Depth,1997-06-29,13.5
Big Glen Lake,Secchi Depth,1997-07-23,15
Big Glen Lake,Secchi Depth,1997-08-13,16.5
Big Glen Lake,Secchi Depth,1997-09-08,16
Big Glen Lake,Secchi Depth,1998-04-20,15
Big Glen Lake,Secchi Depth,1998-08-12,15.5
Big Glen Lake,Secchi Depth,1998-11-09,24
Big Glen Lake,Secchi Depth,1999-04-13,21.5
Big Glen Lake,Secchi Depth,1999-06-17,14
Big Glen Lake,Secchi Depth,1999-09-21,21
Big Glen Lake,Secchi Depth,2000-04-26,22
Big Glen Lake,Secchi Depth,2000-06-23,13
Big Glen Lake,Secchi Depth,2000-07-26,20
Big Glen Lake,Secchi Depth,2000-08-14,20
Big Glen Lake,Secchi Depth,2000-09-25,20
Big Glen Lake,Secchi Depth,2000-10-19,20
Big Glen Lake,Secchi Depth,2001-05-31,18
Big Glen Lake,Secchi Depth,2001-08-07,18
Big Glen Lake,Secchi Depth,2001-09-27,18
Big Glen Lake,Secchi Depth,2001-10-24,20
Big Glen Lake,Secchi Depth,2001-11-06,21
Big Glen Lake,Secchi Depth,2002-04-23,21.5
Big Glen Lake,Secchi Depth,2002-05-21,20
Big Glen Lake,Secchi Depth,2002-06-18,18
Big Glen Lake,Secchi Depth,2002-07-15,18
Big Glen Lake,Secchi Depth,2002-08-21,15
Big Glen Lake,Secchi Depth,2002-09-17,18
Big Glen Lake,Secchi Depth,2002-10-16,19
Big Glen Lake,Secchi Depth,2003-04-23,31
Big Glen Lake,Secchi Depth,2003-05-14,22
Big Glen Lake,Secchi Depth,2003-06-16,24
Big Glen Lake,Secchi Depth,2003-08-13,15
Big Glen Lake,Secchi Depth,2003-09-11,18
Big Glen Lake,Secchi Depth,2004-06-03,21
Big Glen Lake,Secchi Depth,2004-07-20,15.5
Big Glen Lake,Secchi Depth,2004-08-16,6.5
Big Glen Lake,Secchi Depth,2004-09-21,26.5
Big Glen Lake,Secchi Depth,2004-10-07,5.5
Big Glen Lake,Secchi Depth,2005-04-29,24.5
Big Glen Lake,Secchi Depth,2005-05-31,23.5
Big Glen Lake,Secchi Depth,2005-07-06,16.5
Big Glen Lake,Secchi Depth,2005-08-11,18
Big Glen Lake,Secchi Depth,2005-09-08,28
Big Glen Lake,Secchi Depth,2006-06-27,24.5
Big Glen Lake,Secchi Depth,2006-08-17,16.5
Big Glen Lake,Secchi Depth,2007-06-01,24.5
Big Glen Lake,Secchi Depth,2007-07-29,17
Big Glen Lake,Secchi Depth,2007-08-23,19.5
Big Glen Lake,Secchi Depth,2007-10-23,19
Big Glen Lake,Secchi Depth,2008-07-11,19
Big Glen Lake,Secchi Depth,2008-08-04,14
Big Glen Lake,Secchi Depth,2008-09-09,17
Big Glen Lake,Secchi Depth,2009-06-26,30.5
Big Glen Lake,Secchi Depth,2009-07-29,18
Big Glen Lake,Secchi Depth,2009-09-09,21.5
Big Glen Lake,Secchi Depth,2010-05-20,25.5
Big Glen Lake,Secchi Depth,2010-06-21,17
Big Glen Lake,Secchi Depth,2010-08-12,18
Big Glen Lake,Secchi Depth,2011-06-14,18.5
Big Glen Lake,Secchi Depth,2011-07-06,12
Big Glen Lake,Secchi Depth,2011-08-04,21
Big Glen Lake,Secchi Depth,2011-09-01,18
Big Glen Lake,Secchi Depth,2011-10-10,25
Big Glen Lake,Secchi Depth,2012-05-01,28
Big Glen Lake,Secchi Depth,2012-07-16,29
Big Glen Lake,Secchi Depth,2012-09-15,19
Big Glen Lake,Secchi Depth,2014-07-10,17.5
Big Glen Lake,Secchi Depth,2014-08-11,20
Big Glen Lake,Secchi Depth,2015-05-14,22.5
Big Glen Lake,Secchi Depth,2015-07-14,19.6
Big Glen Lake,Secchi Depth,2015-08-14,24
Big Glen Lake,Secchi Depth,2015-09-19,13.5
Big Glen Lake,Secchi Depth,2015-10-21,17
Big Glen Lake,Secchi Depth,2016-04-20,22
Big Glen Lake,Secchi Depth,2016-06-14,20.5
Big Glen Lake,Secchi Depth,2016-07-13,18
Big Glen Lake,Secchi Depth,2016-08-25,23
Big Glen Lake,Secchi Depth,2016-09-28,21
Big Glen Lake,Secchi Depth,2016-11-01,21
Big Glen Lake,Secchi Depth,2017-05-03,32.5
Big Glen Lake,Secchi Depth,2017-06-15,15.5
Big Glen Lake,Secchi Depth,2017-07-12,13.2
Big Glen Lake,Secchi Depth,2017-08-08,17.5
Big Glen Lake,Secchi Depth,2017-09-12,28
Big Glen Lake,Secchi Depth,2017-11-06,26
Big Glen Lake,Secchi Depth,2018-05-14,20
Big Glen Lake,Secchi Depth,2018-06-19,23.5
Big Glen Lake,Secchi Depth,2018-07-18,21.5
Big Glen Lake,Secchi Depth,2018-08-18,19.5
Big Glen Lake,Secchi Depth,2018-09-23,15.5
Big Glen Lake,Secchi Depth,2018-10-29,25
Big Glen Lake,Secchi Depth,2019-05-21,30
Big Glen Lake,Secchi Depth,2019-06-17,31.5
Big Glen Lake,Secchi Depth,2019-07-17,24.5
Big Glen Lake,Secchi Depth,2019-08-21,13
Big Glen Lake,Secchi Depth,2019-09-17,26
Big Glen Lake,Secchi Depth,2019-10-18,21
Big Glen Lake,Secchi Depth,2020-05-13,27.5
Big Glen Lake,Secchi Depth,2020-09-21,18.5
Big Glen Lake,Secchi Depth,2020-11-05,19.5
Big Glen Lake,Secchi Depth,2021-05-12,28
Big Glen Lake,Secchi Depth,2021-06-29,29
Big Glen Lake,Secchi Depth,2021-07-29,19.5
Big Glen Lake,Secchi Depth,2021-08-24,19
Big Glen Lake,Secchi Depth,2021-10-26,16
Big Glen Lake,Secchi Depth,2022-05-23,31.5
Big Glen Lake,Secchi Depth,2022-06-23,25
Big Glen Lake,Secchi Depth,2022-08-04,14.5
Big Glen Lake,Secchi Depth,2022-09-29,15
Big Glen Lake,Secchi Depth,2022-10-31,24
Big Glen Lake,Secchi Depth,2023-05-10,28.5
Big Glen Lake,Secchi Depth,2023-06-07,20
Big Glen Lake,Secchi Depth,2023-07-14,20
Big Glen Lake,Secchi Depth,2023-08-08,18
Big Glen Lake,Secchi Depth,2023-09-13,19.5
Big Glen Lake,Secchi Depth,2024-05-02,14
Big Glen Lake,Secchi Depth,2024-06-11,30
Big Glen Lake,Secchi Depth,2024-08-01,26
Big Glen Lake,Secchi Depth,2024-09-10,21
Big Glen Lake,Secchi Depth,2024-10-03,19
Big Glen Lake,Secchi Depth,2025-05-09,25
Big Glen Lake,Secchi Depth,2025-06-05,12
Big Glen Lake,Secchi Depth,2025-07-02,21.5
Big Glen Lake,Secchi Depth,2025-08-07,18
Big Glen Lake,Secchi Depth,2025-09-10,26
Big Glen Lake,Secchi Depth,2025-10-02,11.5
Big Glen Lake,Total Phosphorus,1990-07-24,7.0
Big Glen Lake,Total Phosphorus,1990-08-07,3.0
Big Glen Lake,Total Phosphorus,1990-08-29,7.0
Big Glen Lake,Total Phosphorus,1990-09-24,6.0
Big Glen Lake,Total Phosphorus,1990-10-22,9.0
Big Glen Lake,Total Phosphorus,1990-11-14,4.0
Big Glen Lake,Total Phosphorus,1990-12-19,6.0
Big Glen Lake,Total Phosphorus,1991-01-30,6.0
Big Glen Lake,Total Phosphorus,1991-02-19,7.0
Big Glen Lake,Total Phosphorus,1991-03-11,6.0
Big Glen Lake,Total Phosphorus,1991-04-23,7.0
Big Glen Lake,Total Phosphorus,1991-05-13,8.0
Big Glen Lake,Total Phosphorus,1991-05-28,8.0
Big Glen Lake,Total Phosphorus,1991-06-11,18.0
Big Glen Lake,Total Phosphorus,1991-06-24,5.0
Big Glen Lake,Total Phosphorus,1991-07-16,5.0
Big Glen Lake,Total Phosphorus,1992-02-29,5.2
Big Glen Lake,Total Phosphorus,1992-05-06,3.6
Big Glen Lake,Total Phosphorus,1992-06-24,6.3
Big Glen Lake,Total Phosphorus,1992-07-24,3.4
Big Glen Lake,Total Phosphorus,1992-08-06,3.0
Big Glen Lake,Total Phosphorus,1992-08-27,3.4
Big Glen Lake,Total Phosphorus,1992-09-23,2.8
Big Glen Lake,Total Phosphorus,1992-10-21,6.3
Big Glen Lake,Total Phosphorus,1993-01-27,11.6
Big Glen Lake,Total Phosphorus,1993-03-25,3.7
Big Glen Lake,Total Phosphorus,1993-04-27,4.2
Big Glen Lake,Total Phosphorus,1993-06-10,3.3
Big Glen Lake,Total Phosphorus,1993-07-21,3.1
Big Glen Lake,Total Phosphorus,1993-09-16,4.1
Big Glen Lake,Total Phosphorus,1993-11-09,4.9
Big Glen Lake,Total Phosphorus,1994-03-02,3.2
Big Glen Lake,Total Phosphorus,1994-04-30,5.0
Big Glen Lake,Total Phosphorus,1994-06-21,2.9
Big Glen Lake,Total Phosphorus,1994-07-21,2.0
Big Glen Lake,Total Phosphorus,1994-08-17,4.3
Big Glen Lake,Total Phosphorus,1994-09-30,4.2
Big Glen Lake,Total Phosphorus,1994-11-07,5.8
Big Glen Lake,Total Phosphorus,1995-04-20,5.2
Big Glen Lake,Total Phosphorus,1995-06-19,6.6
Big Glen Lake,Total Phosphorus,1995-07-11,1.9
Big Glen Lake,Total Phosphorus,1995-10-03,4.0
Big Glen Lake,Total Phosphorus,1996-03-19,4.2
Big Glen Lake,Total Phosphorus,1996-05-25,5.0
Big Glen Lake,Total Phosphorus,1996-07-17,4.8
Big Glen Lake,Total Phosphorus,1996-08-17,4.1
Big Glen Lake,Total Phosphorus,1996-09-19,1.5
Big Glen Lake,Total Phosphorus,1996-11-21,3.0
Big Glen Lake,Total Phosphorus,1997-04-24,3.8
Big Glen Lake,Total Phosphorus,1997-06-29,3.1
Big Glen Lake,Total Phosphorus,1997-07-23,2.0
Big Glen Lake,Total Phosphorus,1997-08-13,3.4
Big Glen Lake,Total Phosphorus,1997-09-08,2.7
Big Glen Lake,Total Phosphorus,1998-08-12,1.5
Big Glen Lake,Total Phosphorus,1998-11-09,3.7
Big Glen Lake,Total Phosphorus,1999-04-13,3.4
Big Glen Lake,Total Phosphorus,1999-06-17,1.3
Big Glen Lake,Total Phosphorus,1999-09-21,3.3
Big Glen Lake,Total Phosphorus,2000-04-26,3.3
Big Glen Lake,Total Phosphorus,2000-06-23,3.2
Big Glen Lake,Total Phosphorus,2000-07-26,5.2
Big Glen Lake,Total Phosphorus,2000-08-14,1.0
Big Glen Lake,Total Phosphorus,2000-09-25,3.8
Big Glen Lake,Total Phosphorus,2000-10-19,3.0
Big Glen Lake,Total Phosphorus,2001-05-31,5.0
Big Glen Lake,Total Phosphorus,2001-08-07,1.2
Big Glen Lake,Total Phosphorus,2001-09-27,3.2
Big Glen Lake,Total Phosphorus,2001-10-24,4.4
Big Glen Lake,Total Phosphorus,2001-11-06,5.1
Big Glen Lake,Total Phosphorus,2002-04-23,13.3
Big Glen Lake,Total Phosphorus,2002-05-21,4.5
Big Glen Lake,Total Phosphorus,2002-06-18,2.0
Big Glen Lake,Total Phosphorus,2002-07-15,2.3
Big Glen Lake,Total Phosphorus,2002-08-21,1.0
Big Glen Lake,Total Phosphorus,2002-09-17,1.0
Big Glen Lake,Total Phosphorus,2002-10-16,6.0
Big Glen Lake,Total Phosphorus,2003-04-23,4.0
Big Glen Lake,Total Phosphorus,2003-05-14,2.2
Big Glen Lake,Total Phosphorus,2003-06-16,2.8
Big Glen Lake,Total Phosphorus,2003-08-13,1.0
Big Glen Lake,Total Phosphorus,2003-09-11,1.3
Big Glen Lake,Total Phosphorus,2004-06-03,11.0
Big Glen Lake,Total Phosphorus,2004-07-20,2.2
Big Glen Lake,Total Phosphorus,2004-08-16,2.3
Big Glen Lake,Total Phosphorus,2004-09-21,3.7
Big Glen Lake,Total Phosphorus,2004-10-07,4.5
Big Glen Lake,Total Phosphorus,2005-04-29,4.6
Big Glen Lake,Total Phosphorus,2005-05-31,3.0
Big Glen Lake,Total Phosphorus,2005-07-06,1.7
Big Glen Lake,Total Phosphorus,2005-08-11,3.7
Big Glen Lake,Total Phosphorus,2005-09-08,2.5
Big Glen Lake,Total Phosphorus,2006-06-27,4.1
Big Glen Lake,Total Phosphorus,2006-08-17,2.8
Big Glen Lake,Total Phosphorus,2007-06-01,2.7
Big Glen Lake,Total Phosphorus,2007-07-29,1.2
Big Glen Lake,Total Phosphorus,2007-08-23,1.4
Big Glen Lake,Total Phosphorus,2007-10-23,3.6
Big Glen Lake,Total Phosphorus,2008-07-11,3.3
Big Glen Lake,Total Phosphorus,2008-08-04,3.4
Big Glen Lake,Total Phosphorus,2008-09-09,4.9
Big Glen Lake,Total Phosphorus,2009-06-26,4.3
Big Glen Lake,Total Phosphorus,2009-07-29,2.3
Big Glen Lake,Total Phosphorus,2009-09-09,2.3
Big Glen Lake,Total Phosphorus,2010-05-20,3.7
Big Glen Lake,Total Phosphorus,2010-06-21,2.6
Big Glen Lake,Total Phosphorus,2010-08-12,1.8
Big Glen Lake,Total Phosphorus,2011-06-15,4.8
Big Glen Lake,Total Phosphorus,2011-06-15,4.8
Big Glen Lake,Total Phosphorus,2011-07-08,3.2
Big Glen Lake,Total Phosphorus,2011-08-09,0.7
Big Glen Lake,Total Phosphorus,2011-09-07,4.2
Big Glen Lake,Total Phosphorus,2011-09-07,4.4
Big Glen Lake,Total Phosphorus,2011-10-14,2.6
Big Glen Lake,Total Phosphorus,2011-10-14,2.0
Big Glen Lake,Total Phosphorus,2012-05-15,2.9
Big Glen Lake,Total Phosphorus,2012-07-25,0.8
Big Glen Lake,Total Phosphorus,2012-09-15,2.1
Big Glen Lake,Total Phosphorus,2014-07-10,2.8
Big Glen Lake,Total Phosphorus,2014-08-11,2.6
Big Glen Lake,Total Phosphorus,2014-09-17,9.9
Big Glen Lake,Total Phosphorus,2015-05-14,3.2
Big Glen Lake,Total Phosphorus,2015-07-06,3.3
Big Glen Lake,Total Phosphorus,2015-08-14,4.8
Big Glen Lake,Total Phosphorus,2015-09-19,1.3
Big Glen Lake,Total Phosphorus,2015-10-21,2.9
Big Glen Lake,Total Phosphorus,2016-04-20,3.9
Big Glen Lake,Total Phosphorus,2016-06-14,2.4
Big Glen Lake,Total Phosphorus,2016-07-13,9.9
Big Glen Lake,Total Phosphorus,2016-09-07,0.6
Big Glen Lake,Total Phosphorus,2016-10-17,1.6
Big Glen Lake,Total Phosphorus,2017-05-03,3.5
Big Glen Lake,Total Phosphorus,2017-06-15,2.7
Big Glen Lake,Total Phosphorus,2017-07-12,1.6
Big Glen Lake,Total Phosphorus,2017-08-08,2.3
Big Glen Lake,Total Phosphorus,2017-09-12,2.3
Big Glen Lake,Total Phosphorus,2017-11-06,5.2
Big Glen Lake,Total Phosphorus,2018-05-14,3.5
Big Glen Lake,Total Phosphorus,2018-06-19,5.6
Big Glen Lake,Total Phosphorus,2018-07-18,6.0
Big Glen Lake,Total Phosphorus,2018-08-18,2.2
Big Glen Lake,Total Phosphorus,2018-09-23,11.2
Big Glen Lake,Total Phosphorus,2018-10-29,3.3
Big Glen Lake,Total Phosphorus,2019-04-21,5.4
Big Glen Lake,Total Phosphorus,2019-06-17,2.3
Big Glen Lake,Total Phosphorus,2019-07-18,5.0
Big Glen Lake,Total Phosphorus,2019-08-21,5.6
Big Glen Lake,Total Phosphorus,2019-09-18,3.2
Big Glen Lake,Total Phosphorus,2019-10-18,6.2
Big Glen Lake,Total Phosphorus,2020-05-13,3.1
Big Glen Lake,Total Phosphorus,2020-08-17,7.8
Big Glen Lake,Total Phosphorus,2020-09-21,11.4
Big Glen Lake,Total Phosphorus,2020-11-05,7.7
Big Glen Lake,Total Phosphorus,2021-05-12,2.3
Big Glen Lake,Total Phosphorus,2021-09-22,15.0
Big Glen Lake,Total Phosphorus,2022-05-23,3.4
Big Glen Lake,Total Phosphorus,2022-06-23,6.2
Big Glen Lake,Total Phosphorus,2022-08-04,3.3
Big Glen Lake,Total Phosphorus,2022-09-29,6.7
Big Glen Lake,Total Phosphorus,2022-10-31,6.1
Big Glen Lake,Total Phosphorus,2023-05-10,6.5
Big Glen Lake,Total Phosphorus,2023-06-07,5.7
Big Glen Lake,Total Phosphorus,2023-07-14,3.2
Big Glen Lake,Total Phosphorus,2023-08-08,4.5
Big Glen Lake,Total Phosphorus,2023-09-13,18.4
Big Glen Lake,Total Phosphorus,2023-10-06,10.2
Big Glen Lake,Total Phosphorus,2024-05-02,5.8
Big Glen Lake,Total Phosphorus,2024-06-11,7.0
Big Glen Lake,Total Phosphorus,2024-08-01,8.0
Big Glen Lake,Total Phosphorus,2024-09-10,6.8
Big Glen Lake,Total Phosphorus,2024-10-03,10.8
Big Glen Lake,Total Phosphorus,2025-05-09,4.6
Big Glen Lake,Total Phosphorus,2025-06-05,4.9
Big Glen Lake,Total Phosphorus,2025-07-02,3.7
Big Glen Lake,Total Phosphorus,2025-08-07,6.4
Big Glen Lake,Total Phosphorus,2025-09-10,7.9
Big Glen Lake,Total Phosphorus,2025-10-02,9.5
Cedar Lake (Leelanau),Chlorophyll-a,1993-06-10,2.4
Cedar Lake (Leelanau),Chlorophyll-a,1993-07-21,1.5
Cedar Lake (Leelanau),Chlorophyll-a,1993-11-09,2.9
Cedar Lake (Leelanau),Chlorophyll-a,1994-03-03,0.9
Cedar Lake (Leelanau),Chlorophyll-a,1994-04-29,4.2
Cedar Lake (Leelanau),Chlorophyll-a,1994-06-20,1.9
Cedar Lake (Leelanau),Chlorophyll-a,1994-07-19,1.7
Cedar Lake (Leelanau),Chlorophyll-a,1994-08-16,1.6
Cedar Lake (Leelanau),Chlorophyll-a,1994-09-27,2.4
Cedar Lake (Leelanau),Chlorophyll-a,1995-04-20,2.4
Cedar Lake (Leelanau),Chlorophyll-a,1995-06-19,1.5
Cedar Lake (Leelanau),Chlorophyll-a,1995-07-11,1.6
Cedar Lake (Leelanau),Chlorophyll-a,1995-09-28,2.1
Cedar Lake (Leelanau),Chlorophyll-a,1996-05-29,0.9
Cedar Lake (Leelanau),Chlorophyll-a,1996-07-18,1.2
Cedar Lake (Leelanau),Chlorophyll-a,1996-09-20,1.7
Cedar Lake (Leelanau),Chlorophyll-a,1996-11-22,3.0
Cedar Lake (Leelanau),Chlorophyll-a,1997-04-24,3.1
Cedar Lake (Leelanau),Chlorophyll-a,1997-06-29,1.3
Cedar Lake (Leelanau),Chlorophyll-a,1997-07-23,1.7
Cedar Lake (Leelanau),Chlorophyll-a,1997-08-13,2.3
Cedar Lake (Leelanau),Chlorophyll-a,1998-04-21,3.2
Cedar Lake (Leelanau),Chlorophyll-a,1998-08-17,1.2
Cedar Lake (Leelanau),Chlorophyll-a,1998-11-09,4.2
Cedar Lake (Leelanau),Chlorophyll-a,1999-04-14,2.1
Cedar Lake (Leelanau),Chlorophyll-a,1999-06-17,1.2
Cedar Lake (Leelanau),Chlorophyll-a,1999-09-13,2.9
Cedar Lake (Leelanau),Chlorophyll-a,2000-04-26,4.2
Cedar Lake (Leelanau),Chlorophyll-a,2000-06-20,1.1
Cedar Lake (Leelanau),Chlorophyll-a,2000-07-24,1.2
Cedar Lake (Leelanau),Chlorophyll-a,2000-08-16,1.1
Cedar Lake (Leelanau),Chlorophyll-a,2000-09-06,1.3
Cedar Lake (Leelanau),Chlorophyll-a,2000-10-30,0.6
Cedar Lake (Leelanau),Chlorophyll-a,2001-05-31,1.2
Cedar Lake (Leelanau),Chlorophyll-a,2001-07-10,1.1
Cedar Lake (Leelanau),Chlorophyll-a,2001-08-08,1.1
Cedar Lake (Leelanau),Chlorophyll-a,2001-08-27,1.6
Cedar Lake (Leelanau),Chlorophyll-a,2001-09-28,1.9
Cedar Lake (Leelanau),Chlorophyll-a,2001-11-01,5.1
Cedar Lake (Leelanau),Chlorophyll-a,2002-04-22,4.0
Cedar Lake (Leelanau),Chlorophyll-a,2002-05-23,5.1
Cedar Lake (Leelanau),Chlorophyll-a,2002-06-18,1.3
Cedar Lake (Leelanau),Chlorophyll-a,2002-07-16,1.2
Cedar Lake (Leelanau),Chlorophyll-a,2002-08-13,1.6
Cedar Lake (Leelanau),Chlorophyll-a,2002-09-18,1.6
Cedar Lake (Leelanau),Chlorophyll-a,2002-10-15,2.5
Cedar Lake (Leelanau),Chlorophyll-a,2003-04-23,1.4
Cedar Lake (Leelanau),Chlorophyll-a,2003-05-13,2.3
Cedar Lake (Leelanau),Chlorophyll-a,2003-06-11,1.3
Cedar Lake (Leelanau),Chlorophyll-a,2003-07-24,0.7
Cedar Lake (Leelanau),Chlorophyll-a,2003-08-28,2.4
Cedar Lake (Leelanau),Chlorophyll-a,2004-05-12,2.0
Cedar Lake (Leelanau),Chlorophyll-a,2004-06-22,1.6
Cedar Lake (Leelanau),Chlorophyll-a,2004-07-19,1.1
Cedar Lake (Leelanau),Chlorophyll-a,2004-08-16,0.6
Cedar Lake (Leelanau),Chlorophyll-a,2004-08-31,1.1
Cedar Lake (Leelanau),Chlorophyll-a,2004-09-23,0.8
Cedar Lake (Leelanau),Chlorophyll-a,2004-10-19,1.4
Cedar Lake (Leelanau),Chlorophyll-a,2005-04-25,1.95
Cedar Lake (Leelanau),Chlorophyll-a,2005-05-31,1.06
Cedar Lake (Leelanau),Chlorophyll-a,2005-07-13,0.9
Cedar Lake (Leelanau),Chlorophyll-a,2005-08-08,1.06
Cedar Lake (Leelanau),Chlorophyll-a,2005-09-09,2.16
Cedar Lake (Leelanau),Chlorophyll-a,2006-05-03,1.63
Cedar Lake (Leelanau),Chlorophyll-a,2006-06-29,1.63
Cedar Lake (Leelanau),Chlorophyll-a,2006-07-28,1.03
Cedar Lake (Leelanau),Chlorophyll-a,2006-08-28,2.33
Cedar Lake (Leelanau),Chlorophyll-a,2007-06-01,0.44
Cedar Lake (Leelanau),Chlorophyll-a,2007-07-26,1.04
Cedar Lake (Leelanau),Chlorophyll-a,2007-08-21,2.51
Cedar Lake (Leelanau),Chlorophyll-a,2007-10-08,1.77
Cedar Lake (Leelanau),Chlorophyll-a,2008-06-12,1.09
Cedar Lake (Leelanau),Chlorophyll-a,2008-07-10,0.68
Cedar Lake (Leelanau),Chlorophyll-a,2008-07-31,0.78
Cedar Lake (Leelanau),Chlorophyll-a,2008-09-09,1.95
Cedar Lake (Leelanau),Chlorophyll-a,2009-06-25,0.61
Cedar Lake (Leelanau),Chlorophyll-a,2009-07-24,1.07
Cedar Lake (Leelanau),Chlorophyll-a,2009-09-08,1.4
Cedar Lake (Leelanau),Chlorophyll-a,2010-05-25,0.37
Cedar Lake (Leelanau),Chlorophyll-a,2010-06-29,0.45
Cedar Lake (Leelanau),Chlorophyll-a,2010-08-13,0.54
Cedar Lake (Leelanau),Chlorophyll-a,2016-04-19,0.63
Cedar Lake (Leelanau),Chlorophyll-a,2016-06-15,0.76
Cedar Lake (Leelanau),Chlorophyll-a,2016-07-15,1.16
Cedar Lake (Leelanau),Chlorophyll-a,2016-09-13,2.15
Cedar Lake (Leelanau),Chlorophyll-a,2016-10-18,2.2
Cedar Lake (Leelanau),Chlorophyll-a,2019-04-22,0.64
Cedar Lake (Leelanau),Chlorophyll-a,2019-06-17,0.65
Cedar Lake (Leelanau),Chlorophyll-a,2019-08-22,0.8
Cedar Lake (Leelanau),Chlorophyll-a,2019-09-19,1.05
Cedar Lake (Leelanau),Chlorophyll-a,2019-10-20,0.66
Cedar Lake (Leelanau),Chlorophyll-a,2020-05-13,0.69
Cedar Lake (Leelanau),Chlorophyll-a,2020-08-21,0.42
Cedar Lake (Leelanau),Chlorophyll-a,2020-09-21,2.57
Cedar Lake (Leelanau),Chlorophyll-a,2020-11-06,1.45
Cedar Lake (Leelanau),Chlorophyll-a,2021-05-13,0.75
Cedar Lake (Leelanau),Chlorophyll-a,2022-05-24,1.56
Cedar Lake (Leelanau),Chlorophyll-a,2022-06-24,1.49
Cedar Lake (Leelanau),Chlorophyll-a,2022-08-04,1.14
Cedar Lake (Leelanau),Chlorophyll-a,2022-09-29,1.4
Cedar Lake (Leelanau),Chlorophyll-a,2022-10-31,1.0
Cedar Lake (Leelanau),Chlorophyll-a,2023-05-11,1.34
Cedar Lake (Leelanau),Chlorophyll-a,2023-06-08,1.57
Cedar Lake (Leelanau),Chlorophyll-a,2023-07-14,1.27
Cedar Lake (Leelanau),Chlorophyll-a,2023-08-11,1.12
Cedar Lake (Leelanau),Chlorophyll-a,2023-09-14,1.41
Cedar Lake (Leelanau),Chlorophyll-a,2023-10-06,0.82
Cedar Lake (Leelanau),Chlorophyll-a,2024-05-07,0.71
Cedar Lake (Leelanau),Chlorophyll-a,2024-06-14,1.05
Cedar Lake (Leelanau),Chlorophyll-a,2024-08-01,1.55
Cedar Lake (Leelanau),Chlorophyll-a,2024-09-11,2.13
Cedar Lake (Leelanau),Chlorophyll-a,2024-10-04,1.57
Cedar Lake (Leelanau),Chlorophyll-a,2025-05-14,0.87
Cedar Lake (Leelanau),Chlorophyll-a,2025-06-05,1.14
Cedar Lake (Leelanau),Chlorophyll-a,2025-07-10,0.67
Cedar Lake (Leelanau),Chlorophyll-a,2025-08-08,0.98
Cedar Lake (Leelanau),Chlorophyll-a,2025-09-10,1.42
Cedar Lake (Leelanau),Chlorophyll-a,2025-10-03,1.75
Cedar Lake (Leelanau),Nitrate,1992-07-24,270.0
Cedar Lake (Leelanau),Nitrate,1992-08-06,800.0
Cedar Lake (Leelanau),Nitrate,1992-10-27,350.0
Cedar Lake (Leelanau),Nitrate,1993-01-28,310.0
Cedar Lake (Leelanau),Nitrate,1993-03-26,700.0
Cedar Lake (Leelanau),Nitrate,1993-04-29,600.0
Cedar Lake (Leelanau),Nitrate,1993-06-10,583.0
Cedar Lake (Leelanau),Nitrate,1993-07-21,1113.0
Cedar Lake (Leelanau),Nitrate,1993-09-15,365.0
Cedar Lake (Leelanau),Nitrate,1993-11-09,400.0
Cedar Lake (Leelanau),Nitrate,1994-03-03,1000.0
Cedar Lake (Leelanau),Nitrate,1994-04-29,630.0
Cedar Lake (Leelanau),Nitrate,1994-06-20,530.0
Cedar Lake (Leelanau),Nitrate,1994-08-16,440.0
Cedar Lake (Leelanau),Nitrate,1994-09-27,740.0
Cedar Lake (Leelanau),Nitrate,1994-11-11,350.0
Cedar Lake (Leelanau),Nitrate,1995-04-20,540.0
Cedar Lake (Leelanau),Nitrate,1995-06-19,350.0
Cedar Lake (Leelanau),Nitrate,1995-07-11,380.0
Cedar Lake (Leelanau),Nitrate,1995-09-28,280.0
Cedar Lake (Leelanau),Nitrate,1996-03-20,470.0
Cedar Lake (Leelanau),Nitrate,1996-05-29,360.0
Cedar Lake (Leelanau),Nitrate,1996-07-18,370.0
Cedar Lake (Leelanau),Nitrate,1996-08-19,290.0
Cedar Lake (Leelanau),Nitrate,1996-09-20,390.0
Cedar Lake (Leelanau),Nitrate,1996-11-22,160.0
Cedar Lake (Leelanau),Nitrate,1997-04-24,470.0
Cedar Lake (Leelanau),Nitrate,1997-06-29,420.0
Cedar Lake (Leelanau),Nitrate,1997-07-23,470.0
Cedar Lake (Leelanau),Nitrate,1997-08-13,430.0
Cedar Lake (Leelanau),Nitrate,1997-09-04,330.0
Cedar Lake (Leelanau),Nitrate,1998-08-17,240.0
Cedar Lake (Leelanau),Nitrate,1998-11-09,213.0
Cedar Lake (Leelanau),Nitrate,1999-04-14,400.0
Cedar Lake (Leelanau),Nitrate,1999-06-17,320.0
Cedar Lake (Leelanau),Nitrate,1999-09-13,230.0
Cedar Lake (Leelanau),Nitrate,2000-04-26,460.0
Cedar Lake (Leelanau),Nitrate,2000-06-20,390.0
Cedar Lake (Leelanau),Nitrate,2000-07-24,420.0
Cedar Lake (Leelanau),Nitrate,2000-08-16,373.0
Cedar Lake (Leelanau),Nitrate,2000-09-06,350.0
Cedar Lake (Leelanau),Nitrate,2000-10-30,280.0
Cedar Lake (Leelanau),Nitrate,2001-05-31,550.0
Cedar Lake (Leelanau),Nitrate,2001-07-10,450.0
Cedar Lake (Leelanau),Nitrate,2001-08-08,330.0
Cedar Lake (Leelanau),Nitrate,2001-08-27,370.0
Cedar Lake (Leelanau),Nitrate,2001-09-28,250.0
Cedar Lake (Leelanau),Nitrate,2001-11-01,350.0
Cedar Lake (Leelanau),Nitrate,2002-04-22,550.0
Cedar Lake (Leelanau),Nitrate,2002-05-23,480.0
Cedar Lake (Leelanau),Nitrate,2002-06-18,470.0
Cedar Lake (Leelanau),Nitrate,2002-07-16,360.0
Cedar Lake (Leelanau),Nitrate,2002-08-13,350.0
Cedar Lake (Leelanau),Nitrate,2002-09-18,410.0
Cedar Lake (Leelanau),Nitrate,2002-10-15,340.0
Cedar Lake (Leelanau),Nitrate,2003-04-23,400.0
Cedar Lake (Leelanau),Nitrate,2003-05-13,540.0
Cedar Lake (Leelanau),Nitrate,2003-06-11,700.0
Cedar Lake (Leelanau),Nitrate,2003-07-24,600.0
Cedar Lake (Leelanau),Nitrate,2003-10-07,450.0
Cedar Lake (Leelanau),Nitrate,2004-05-12,620.0
Cedar Lake (Leelanau),Nitrate,2004-06-22,305.0
Cedar Lake (Leelanau),Nitrate,2004-07-19,221.0
Cedar Lake (Leelanau),Nitrate,2004-08-16,324.0
Cedar Lake (Leelanau),Nitrate,2004-08-31,424.0
Cedar Lake (Leelanau),Nitrate,2004-09-23,391.0
Cedar Lake (Leelanau),Nitrate,2004-10-19,361.0
Cedar Lake (Leelanau),Nitrate,2005-04-25,608.0
Cedar Lake (Leelanau),Nitrate,2005-05-31,507.4
Cedar Lake (Leelanau),Nitrate,2005-07-13,409.0
Cedar Lake (Leelanau),Nitrate,2005-08-08,355.0
Cedar Lake (Leelanau),Nitrate,2005-09-09,278.0
Cedar Lake (Leelanau),Nitrate,2006-05-03,542.0
Cedar Lake (Leelanau),Nitrate,2006-06-29,445.0
Cedar Lake (Leelanau),Nitrate,2006-07-28,387.0
Cedar Lake (Leelanau),Nitrate,2006-08-28,322.7
Cedar Lake (Leelanau),Nitrate,2007-06-01,397.5
Cedar Lake (Leelanau),Nitrate,2007-07-26,360.5
Cedar Lake (Leelanau),Nitrate,2007-08-21,281.5
Cedar Lake (Leelanau),Nitrate,2007-10-08,215.0
Cedar Lake (Leelanau),Nitrate,2008-06-12,448.0
Cedar Lake (Leelanau),Nitrate,2008-06-12,446.0
Cedar Lake (Leelanau),Nitrate,2008-06-12,434.0
Cedar Lake (Leelanau),Nitrate,2008-07-10,416.0
Cedar Lake (Leelanau),Nitrate,2008-07-31,378.0
Cedar Lake (Leelanau),Nitrate,2008-09-09,255.0
Cedar Lake (Leelanau),Nitrate,2009-06-25,419.0
Cedar Lake (Leelanau),Nitrate,2009-07-24,401.0
Cedar Lake (Leelanau),Nitrate,2009-09-08,301.8
Cedar Lake (Leelanau),Nitrate,2010-05-25,480.0
Cedar Lake (Leelanau),Nitrate,2010-06-29,469.8
Cedar Lake (Leelanau),Nitrate,2010-06-29,471.0
Cedar Lake (Leelanau),Nitrate,2010-08-13,443.0
Cedar Lake (Leelanau),Nitrate,2011-06-15,684.0
Cedar Lake (Leelanau),Nitrate,2011-07-08,635.0
Cedar Lake (Leelanau),Nitrate,2011-07-08,615.0
Cedar Lake (Leelanau),Nitrate,2011-08-09,487.0
Cedar Lake (Leelanau),Nitrate,2011-09-07,433.0
Cedar Lake (Leelanau),Nitrate,2012-05-15,888.0
Cedar Lake (Leelanau),Nitrate,2012-07-25,366.0
Cedar Lake (Leelanau),Nitrate,2012-09-16,204.0
Cedar Lake (Leelanau),Nitrate,2014-05-22,610.0
Cedar Lake (Leelanau),Nitrate,2014-07-11,305.0
Cedar Lake (Leelanau),Nitrate,2014-08-13,371.0
Cedar Lake (Leelanau),Nitrate,2014-09-03,25.4
Cedar Lake (Leelanau),Nitrate,2014-11-05,242.0
Cedar Lake (Leelanau),Nitrate,2015-05-16,643.0
Cedar Lake (Leelanau),Nitrate,2015-08-15,372.0
Cedar Lake (Leelanau),Nitrate,2015-09-18,406.0
Cedar Lake (Leelanau),Nitrate,2015-10-20,278.0
Cedar Lake (Leelanau),Nitrate,2016-04-19,558.0
Cedar Lake (Leelanau),Nitrate,2016-06-15,626.0
Cedar Lake (Leelanau),Nitrate,2016-07-15,424.0
Cedar Lake (Leelanau),Nitrate,2016-09-12,309.0
Cedar Lake (Leelanau),Nitrate,2016-10-14,391.0
Cedar Lake (Leelanau),Nitrate,2017-05-04,630.0
Cedar Lake (Leelanau),Nitrate,2017-06-15,496.0
Cedar Lake (Leelanau),Nitrate,2017-07-13,492.0
Cedar Lake (Leelanau),Nitrate,2017-08-09,376.0
Cedar Lake (Leelanau),Nitrate,2017-09-13,289.0
Cedar Lake (Leelanau),Nitrate,2017-11-07,280.0
Cedar Lake (Leelanau),Nitrate,2018-05-15,562.0
Cedar Lake (Leelanau),Nitrate,2018-06-20,686.0
Cedar Lake (Leelanau),Nitrate,2018-07-19,563.0
Cedar Lake (Leelanau),Nitrate,2018-08-19,444.0
Cedar Lake (Leelanau),Nitrate,2018-09-24,360.0
Cedar Lake (Leelanau),Nitrate,2018-10-31,298.0
Cedar Lake (Leelanau),Nitrate,2019-04-22,621.0
Cedar Lake (Leelanau),Nitrate,2019-06-17,551.0
Cedar Lake (Leelanau),Nitrate,2019-08-22,412.0
Cedar Lake (Leelanau),Nitrate,2019-09-19,409.0
Cedar Lake (Leelanau),Nitrate,2019-10-20,81.8
Cedar Lake (Leelanau),Nitrate,2020-05-13,681.0
Cedar Lake (Leelanau),Nitrate,2020-08-21,772.0
Cedar Lake (Leelanau),Nitrate,2020-09-21,447.0
Cedar Lake (Leelanau),Nitrate,2020-11-06,413.0
Cedar Lake (Leelanau),Nitrate,2021-05-13,604.0
Cedar Lake (Leelanau),Nitrate,2022-05-24,762.0
Cedar Lake (Leelanau),Nitrate,2022-06-24,653.0
Cedar Lake (Leelanau),Nitrate,2022-08-04,1199.0
Cedar Lake (Leelanau),Nitrate,2022-09-29,356.0
Cedar Lake (Leelanau),Nitrate,2022-10-31,72.2
Cedar Lake (Leelanau),Nitrate,2023-05-11,508.0
Cedar Lake (Leelanau),Nitrate,2023-06-08,610.0
Cedar Lake (Leelanau),Nitrate,2023-07-14,479.0
Cedar Lake (Leelanau),Nitrate,2023-08-11,542.0
Cedar Lake (Leelanau),Nitrate,2023-09-14,426.0
Cedar Lake (Leelanau),Nitrate,2023-10-06,436.0
Cedar Lake (Leelanau),Nitrate,2024-05-07,699.0
Cedar Lake (Leelanau),Nitrate,2024-06-14,473.0
Cedar Lake (Leelanau),Nitrate,2024-08-01,474.0
Cedar Lake (Leelanau),Nitrate,2024-09-11,674.0
Cedar Lake (Leelanau),Nitrate,2024-10-04,335.0
Cedar Lake (Leelanau),Nitrate,2025-05-14,781.0
Cedar Lake (Leelanau),Nitrate,2025-06-06,520.0
Cedar Lake (Leelanau),Nitrate,2025-07-10,503.0
Cedar Lake (Leelanau),Nitrate,2025-08-08,446.0
Cedar Lake (Leelanau),Nitrate,2025-09-10,705.0
Cedar Lake (Leelanau),Nitrate,2025-10-03,813.0
Cedar Lake (Leelanau),Secchi Depth,1992-06-26,9
Cedar Lake (Leelanau),Secchi Depth,1992-07-24,6.5
Cedar Lake (Leelanau),Secchi Depth,1992-08-06,5.5
Cedar Lake (Leelanau),Secchi Depth,1992-09-25,11.5
Cedar Lake (Leelanau),Secchi Depth,1992-10-27,9.5
Cedar Lake (Leelanau),Secchi Depth,1993-04-29,7
Cedar Lake (Leelanau),Secchi Depth,1993-06-10,9
Cedar Lake (Leelanau),Secchi Depth,1993-07-21,9
Cedar Lake (Leelanau),Secchi Depth,1993-09-15,10.5
Cedar Lake (Leelanau),Secchi Depth,1993-11-09,10
Cedar Lake (Leelanau),Secchi Depth,1994-04-29,8
Cedar Lake (Leelanau),Secchi Depth,1994-06-20,7
Cedar Lake (Leelanau),Secchi Depth,1994-07-19,8
Cedar Lake (Leelanau),Secchi Depth,1994-08-16,8.5
Cedar Lake (Leelanau),Secchi Depth,1994-09-27,10.5
Cedar Lake (Leelanau),Secchi Depth,1994-11-11,9
Cedar Lake (Leelanau),Secchi Depth,1995-04-20,7
Cedar Lake (Leelanau),Secchi Depth,1995-06-19,8
Cedar Lake (Leelanau),Secchi Depth,1995-07-11,8
Cedar Lake (Leelanau),Secchi Depth,1995-09-28,15
Cedar Lake (Leelanau),Secchi Depth,1996-05-29,14.5
Cedar Lake (Leelanau),Secchi Depth,1996-07-18,5
Cedar Lake (Leelanau),Secchi Depth,1996-08-19,8
Cedar Lake (Leelanau),Secchi Depth,1996-09-20,11
Cedar Lake (Leelanau),Secchi Depth,1996-11-22,10
Cedar Lake (Leelanau),Secchi Depth,1997-04-24,8
Cedar Lake (Leelanau),Secchi Depth,1997-06-29,10.5
Cedar Lake (Leelanau),Secchi Depth,1997-07-23,8
Cedar Lake (Leelanau),Secchi Depth,1997-08-13,8
Cedar Lake (Leelanau),Secchi Depth,1997-09-04,8
Cedar Lake (Leelanau),Secchi Depth,1998-04-21,8
Cedar Lake (Leelanau),Secchi Depth,1998-08-17,11
Cedar Lake (Leelanau),Secchi Depth,1998-11-09,9.5
Cedar Lake (Leelanau),Secchi Depth,1999-04-14,10.5
Cedar Lake (Leelanau),Secchi Depth,1999-06-17,7
Cedar Lake (Leelanau),Secchi Depth,1999-09-13,7
Cedar Lake (Leelanau),Secchi Depth,2000-04-26,9
Cedar Lake (Leelanau),Secchi Depth,2000-06-20,8
Cedar Lake (Leelanau),Secchi Depth,2000-07-24,7.5
Cedar Lake (Leelanau),Secchi Depth,2000-08-16,7.5
Cedar Lake (Leelanau),Secchi Depth,2000-09-06,13.5
Cedar Lake (Leelanau),Secchi Depth,2000-10-30,9
Cedar Lake (Leelanau),Secchi Depth,2001-05-31,18.5
Cedar Lake (Leelanau),Secchi Depth,2001-07-10,8.5
Cedar Lake (Leelanau),Secchi Depth,2001-08-08,7
Cedar Lake (Leelanau),Secchi Depth,2001-08-27,7
Cedar Lake (Leelanau),Secchi Depth,2001-09-28,10
Cedar Lake (Leelanau),Secchi Depth,2002-04-22,9
Cedar Lake (Leelanau),Secchi Depth,2002-05-23,7.5
Cedar Lake (Leelanau),Secchi Depth,2002-06-18,11
Cedar Lake (Leelanau),Secchi Depth,2002-07-16,8
Cedar Lake (Leelanau),Secchi Depth,2002-08-13,10.5
Cedar Lake (Leelanau),Secchi Depth,2002-09-18,10.5
Cedar Lake (Leelanau),Secchi Depth,2002-10-15,10.5
Cedar Lake (Leelanau),Secchi Depth,2003-04-23,10
Cedar Lake (Leelanau),Secchi Depth,2003-05-13,12
Cedar Lake (Leelanau),Secchi Depth,2003-06-11,13
Cedar Lake (Leelanau),Secchi Depth,2003-07-24,7
Cedar Lake (Leelanau),Secchi Depth,2003-08-28,10
Cedar Lake (Leelanau),Secchi Depth,2003-10-07,15
Cedar Lake (Leelanau),Secchi Depth,2004-05-12,16
Cedar Lake (Leelanau),Secchi Depth,2004-06-22,11.5
Cedar Lake (Leelanau),Secchi Depth,2004-07-19,8
Cedar Lake (Leelanau),Secchi Depth,2004-08-16,10.5
Cedar Lake (Leelanau),Secchi Depth,2004-08-31,7.5
Cedar Lake (Leelanau),Secchi Depth,2004-09-23,8
Cedar Lake (Leelanau),Secchi Depth,2004-10-19,11.5
Cedar Lake (Leelanau),Secchi Depth,2005-04-25,14
Cedar Lake (Leelanau),Secchi Depth,2005-05-31,19
Cedar Lake (Leelanau),Secchi Depth,2005-07-13,11.5
Cedar Lake (Leelanau),Secchi Depth,2005-09-09,8
Cedar Lake (Leelanau),Secchi Depth,2006-05-03,17
Cedar Lake (Leelanau),Secchi Depth,2006-06-29,10
Cedar Lake (Leelanau),Secchi Depth,2006-07-28,8.5
Cedar Lake (Leelanau),Secchi Depth,2006-08-28,10
Cedar Lake (Leelanau),Secchi Depth,2007-06-01,18
Cedar Lake (Leelanau),Secchi Depth,2007-07-26,7
Cedar Lake (Leelanau),Secchi Depth,2007-08-21,6
Cedar Lake (Leelanau),Secchi Depth,2007-10-08,15
Cedar Lake (Leelanau),Secchi Depth,2008-06-12,22
Cedar Lake (Leelanau),Secchi Depth,2008-07-10,11.5
Cedar Lake (Leelanau),Secchi Depth,2008-07-31,9.5
Cedar Lake (Leelanau),Secchi Depth,2008-09-09,7.5
Cedar Lake (Leelanau),Secchi Depth,2009-06-25,6.5
Cedar Lake (Leelanau),Secchi Depth,2009-07-24,8.5
Cedar Lake (Leelanau),Secchi Depth,2009-09-08,9.5
Cedar Lake (Leelanau),Secchi Depth,2010-05-25,24
Cedar Lake (Leelanau),Secchi Depth,2010-06-29,14
Cedar Lake (Leelanau),Secchi Depth,2010-08-13,5.5
Cedar Lake (Leelanau),Secchi Depth,2011-06-13,14
Cedar Lake (Leelanau),Secchi Depth,2011-07-05,10
Cedar Lake (Leelanau),Secchi Depth,2011-08-05,13
Cedar Lake (Leelanau),Secchi Depth,2011-09-01,14
Cedar Lake (Leelanau),Secchi Depth,2012-05-11,21
Cedar Lake (Leelanau),Secchi Depth,2012-07-16,15
Cedar Lake (Leelanau),Secchi Depth,2012-09-16,15
Cedar Lake (Leelanau),Secchi Depth,2014-05-22,16.5
Cedar Lake (Leelanau),Secchi Depth,2014-07-11,10.5
Cedar Lake (Leelanau),Secchi Depth,2014-08-13,11.5
Cedar Lake (Leelanau),Secchi Depth,2014-09-03,10
Cedar Lake (Leelanau),Secchi Depth,2014-11-05,15.5
Cedar Lake (Leelanau),Secchi Depth,2015-05-16,21
Cedar Lake (Leelanau),Secchi Depth,2015-07-07,8
Cedar Lake (Leelanau),Secchi Depth,2015-08-15,10
Cedar Lake (Leelanau),Secchi Depth,2015-09-18,11.6
Cedar Lake (Leelanau),Secchi Depth,2015-10-20,15
Cedar Lake (Leelanau),Secchi Depth,2016-04-19,13
Cedar Lake (Leelanau),Secchi Depth,2016-06-15,9.5
Cedar Lake (Leelanau),Secchi Depth,2016-07-15,8
Cedar Lake (Leelanau),Secchi Depth,2016-08-26,7.5
Cedar Lake (Leelanau),Secchi Depth,2016-09-29,8.5
Cedar Lake (Leelanau),Secchi Depth,2016-11-02,14.5
Cedar Lake (Leelanau),Secchi Depth,2017-05-04,12.5
Cedar Lake (Leelanau),Secchi Depth,2017-06-15,6.5
Cedar Lake (Leelanau),Secchi Depth,2017-07-13,7.5
Cedar Lake (Leelanau),Secchi Depth,2017-08-09,7.5
Cedar Lake (Leelanau),Secchi Depth,2017-09-13,8
Cedar Lake (Leelanau),Secchi Depth,2017-11-07,13
Cedar Lake (Leelanau),Secchi Depth,2018-05-15,14.5
Cedar Lake (Leelanau),Secchi Depth,2018-07-19,8.5
Cedar Lake (Leelanau),Secchi Depth,2018-08-19,6
Cedar Lake (Leelanau),Secchi Depth,2018-09-24,10
Cedar Lake (Leelanau),Secchi Depth,2018-10-31,17
Cedar Lake (Leelanau),Secchi Depth,2019-04-22,13
Cedar Lake (Leelanau),Secchi Depth,2019-06-17,15.5
Cedar Lake (Leelanau),Secchi Depth,2019-07-17,15.5
Cedar Lake (Leelanau),Secchi Depth,2019-09-19,11.5
Cedar Lake (Leelanau),Secchi Depth,2019-10-20,13.5
Cedar Lake (Leelanau),Secchi Depth,2020-05-13,16
Cedar Lake (Leelanau),Secchi Depth,2020-08-21,7
Cedar Lake (Leelanau),Secchi Depth,2020-11-06,13.5
Cedar Lake (Leelanau),Secchi Depth,2021-05-13,17.5
Cedar Lake (Leelanau),Secchi Depth,2021-06-29,10.5
Cedar Lake (Leelanau),Secchi Depth,2021-07-29,9
Cedar Lake (Leelanau),Secchi Depth,2021-08-24,8.5
Cedar Lake (Leelanau),Secchi Depth,2021-10-28,16.5
Cedar Lake (Leelanau),Secchi Depth,2022-05-24,15
Cedar Lake (Leelanau),Secchi Depth,2022-06-24,8
Cedar Lake (Leelanau),Secchi Depth,2022-08-04,8
Cedar Lake (Leelanau),Secchi Depth,2022-09-29,13
Cedar Lake (Leelanau),Secchi Depth,2022-10-31,14
Cedar Lake (Leelanau),Secchi Depth,2023-05-11,18
Cedar Lake (Leelanau),Secchi Depth,2023-06-08,9.5
Cedar Lake (Leelanau),Secchi Depth,2023-07-14,13
Cedar Lake (Leelanau),Secchi Depth,2023-08-11,14
Cedar Lake (Leelanau),Secchi Depth,2023-09-14,13
Cedar Lake (Leelanau),Secchi Depth,2023-10-06,12.5
Cedar Lake (Leelanau),Secchi Depth,2024-05-07,14
Cedar Lake (Leelanau),Secchi Depth,2024-06-14,11
Cedar Lake (Leelanau),Secchi Depth,2024-08-01,7
Cedar Lake (Leelanau),Secchi Depth,2024-09-11,11.5
Cedar Lake (Leelanau),Secchi Depth,2024-10-04,11
Cedar Lake (Leelanau),Secchi Depth,2025-05-14,20
Cedar Lake (Leelanau),Secchi Depth,2025-06-06,8
Cedar Lake (Leelanau),Secchi Depth,2025-07-10,9.5
Cedar Lake (Leelanau),Secchi Depth,2025-08-08,7.5
Cedar Lake (Leelanau),Secchi Depth,2025-09-10,10
Cedar Lake (Leelanau),Secchi Depth,2025-10-03,8
Cedar Lake (Leelanau),Total Phosphorus,1992-06-26,3.8
Cedar Lake (Leelanau),Total Phosphorus,1992-07-24,76.0
Cedar Lake (Leelanau),Total Phosphorus,1992-08-06,4.8
Cedar Lake (Leelanau),Total Phosphorus,1992-10-27,6.7
Cedar Lake (Leelanau),Total Phosphorus,1993-01-28,5.3
Cedar Lake (Leelanau),Total Phosphorus,1993-03-26,3.2
Cedar Lake (Leelanau),Total Phosphorus,1993-04-29,6.6
Cedar Lake (Leelanau),Total Phosphorus,1993-06-10,6.4
Cedar Lake (Leelanau),Total Phosphorus,1993-07-21,3.7
Cedar Lake (Leelanau),Total Phosphorus,1993-09-15,5.4
Cedar Lake (Leelanau),Total Phosphorus,1993-11-09,4.8
Cedar Lake (Leelanau),Total Phosphorus,1994-03-03,4.1
Cedar Lake (Leelanau),Total Phosphorus,1994-04-29,5.5
Cedar Lake (Leelanau),Total Phosphorus,1994-06-20,3.5
Cedar Lake (Leelanau),Total Phosphorus,1994-07-19,2.3
Cedar Lake (Leelanau),Total Phosphorus,1994-08-16,3.0
Cedar Lake (Leelanau),Total Phosphorus,1994-09-27,2.7
Cedar Lake (Leelanau),Total Phosphorus,1994-11-11,7.4
Cedar Lake (Leelanau),Total Phosphorus,1995-04-20,6.6
Cedar Lake (Leelanau),Total Phosphorus,1995-06-19,6.6
Cedar Lake (Leelanau),Total Phosphorus,1995-07-11,3.7
Cedar Lake (Leelanau),Total Phosphorus,1995-09-28,3.8
Cedar Lake (Leelanau),Total Phosphorus,1996-03-20,3.1
Cedar Lake (Leelanau),Total Phosphorus,1996-05-29,4.9
Cedar Lake (Leelanau),Total Phosphorus,1996-07-18,5.0
Cedar Lake (Leelanau),Total Phosphorus,1996-08-19,4.5
Cedar Lake (Leelanau),Total Phosphorus,1996-09-20,2.0
Cedar Lake (Leelanau),Total Phosphorus,1996-11-22,3.6
Cedar Lake (Leelanau),Total Phosphorus,1997-04-24,4.7
Cedar Lake (Leelanau),Total Phosphorus,1997-06-29,3.6
Cedar Lake (Leelanau),Total Phosphorus,1997-07-23,11.5
Cedar Lake (Leelanau),Total Phosphorus,1997-08-13,3.8
Cedar Lake (Leelanau),Total Phosphorus,1997-09-04,3.1
Cedar Lake (Leelanau),Total Phosphorus,1998-08-17,2.2
Cedar Lake (Leelanau),Total Phosphorus,1998-11-09,4.2
Cedar Lake (Leelanau),Total Phosphorus,1999-04-14,4.3
Cedar Lake (Leelanau),Total Phosphorus,1999-06-17,1.0
Cedar Lake (Leelanau),Total Phosphorus,1999-09-13,4.7
Cedar Lake (Leelanau),Total Phosphorus,2000-04-26,3.6
Cedar Lake (Leelanau),Total Phosphorus,2000-06-20,2.9
Cedar Lake (Leelanau),Total Phosphorus,2000-07-24,1.6
Cedar Lake (Leelanau),Total Phosphorus,2000-08-16,1.0
Cedar Lake (Leelanau),Total Phosphorus,2000-09-06,4.2
Cedar Lake (Leelanau),Total Phosphorus,2000-10-30,3.8
Cedar Lake (Leelanau),Total Phosphorus,2001-05-31,3.4
Cedar Lake (Leelanau),Total Phosphorus,2001-07-10,3.7
Cedar Lake (Leelanau),Total Phosphorus,2001-08-08,1.2
Cedar Lake (Leelanau),Total Phosphorus,2001-08-27,2.3
Cedar Lake (Leelanau),Total Phosphorus,2001-09-28,4.4
Cedar Lake (Leelanau),Total Phosphorus,2001-11-01,6.4
Cedar Lake (Leelanau),Total Phosphorus,2002-04-22,3.7
Cedar Lake (Leelanau),Total Phosphorus,2002-05-23,6.6
Cedar Lake (Leelanau),Total Phosphorus,2002-06-18,2.5
Cedar Lake (Leelanau),Total Phosphorus,2002-07-16,1.9
Cedar Lake (Leelanau),Total Phosphorus,2002-08-13,1.0
Cedar Lake (Leelanau),Total Phosphorus,2002-09-18,4.0
Cedar Lake (Leelanau),Total Phosphorus,2002-10-15,6.6
Cedar Lake (Leelanau),Total Phosphorus,2003-04-23,4.6
Cedar Lake (Leelanau),Total Phosphorus,2003-05-13,8.1
Cedar Lake (Leelanau),Total Phosphorus,2003-06-11,3.0
Cedar Lake (Leelanau),Total Phosphorus,2003-07-24,1.0
Cedar Lake (Leelanau),Total Phosphorus,2003-10-07,3.9
Cedar Lake (Leelanau),Total Phosphorus,2004-05-12,4.0
Cedar Lake (Leelanau),Total Phosphorus,2004-06-22,4.0
Cedar Lake (Leelanau),Total Phosphorus,2004-07-19,2.2
Cedar Lake (Leelanau),Total Phosphorus,2004-08-16,3.2
Cedar Lake (Leelanau),Total Phosphorus,2004-08-31,3.6
Cedar Lake (Leelanau),Total Phosphorus,2004-09-23,3.4
Cedar Lake (Leelanau),Total Phosphorus,2004-10-19,4.5
Cedar Lake (Leelanau),Total Phosphorus,2005-04-25,4.2
Cedar Lake (Leelanau),Total Phosphorus,2005-05-31,5.0
Cedar Lake (Leelanau),Total Phosphorus,2005-07-13,2.1
Cedar Lake (Leelanau),Total Phosphorus,2005-08-08,4.1
Cedar Lake (Leelanau),Total Phosphorus,2005-09-09,4.4
Cedar Lake (Leelanau),Total Phosphorus,2006-05-03,1.1
Cedar Lake (Leelanau),Total Phosphorus,2006-06-29,3.1
Cedar Lake (Leelanau),Total Phosphorus,2006-07-28,0.8
Cedar Lake (Leelanau),Total Phosphorus,2006-08-28,2.8
Cedar Lake (Leelanau),Total Phosphorus,2007-06-01,1.6
Cedar Lake (Leelanau),Total Phosphorus,2007-07-26,1.9
Cedar Lake (Leelanau),Total Phosphorus,2007-08-21,3.8
Cedar Lake (Leelanau),Total Phosphorus,2007-10-08,5.0
Cedar Lake (Leelanau),Total Phosphorus,2008-06-12,3.8
Cedar Lake (Leelanau),Total Phosphorus,2008-06-12,3.5
Cedar Lake (Leelanau),Total Phosphorus,2008-06-12,3.5
Cedar Lake (Leelanau),Total Phosphorus,2008-07-10,3.5
Cedar Lake (Leelanau),Total Phosphorus,2008-07-31,3.1
Cedar Lake (Leelanau),Total Phosphorus,2008-09-09,5.6
Cedar Lake (Leelanau),Total Phosphorus,2009-06-25,4.6
Cedar Lake (Leelanau),Total Phosphorus,2009-07-24,5.2
Cedar Lake (Leelanau),Total Phosphorus,2009-09-08,3.3
Cedar Lake (Leelanau),Total Phosphorus,2010-05-25,3.6
Cedar Lake (Leelanau),Total Phosphorus,2010-06-29,2.9
Cedar Lake (Leelanau),Total Phosphorus,2010-06-29,3.9
Cedar Lake (Leelanau),Total Phosphorus,2010-08-13,2.6
Cedar Lake (Leelanau),Total Phosphorus,2011-06-15,7.8
Cedar Lake (Leelanau),Total Phosphorus,2011-07-08,4.3
Cedar Lake (Leelanau),Total Phosphorus,2011-07-08,4.4
Cedar Lake (Leelanau),Total Phosphorus,2011-08-09,0.5
Cedar Lake (Leelanau),Total Phosphorus,2011-09-07,4.6
Cedar Lake (Leelanau),Total Phosphorus,2012-05-15,1.4
Cedar Lake (Leelanau),Total Phosphorus,2012-07-25,2.8
Cedar Lake (Leelanau),Total Phosphorus,2012-09-16,2.2
Cedar Lake (Leelanau),Total Phosphorus,2014-05-22,1.5
Cedar Lake (Leelanau),Total Phosphorus,2014-07-11,3.2
Cedar Lake (Leelanau),Total Phosphorus,2014-08-13,3.5
Cedar Lake (Leelanau),Total Phosphorus,2014-09-03,6.7
Cedar Lake (Leelanau),Total Phosphorus,2014-11-05,3.6
Cedar Lake (Leelanau),Total Phosphorus,2015-05-16,1.3
Cedar Lake (Leelanau),Total Phosphorus,2015-07-07,4.1
Cedar Lake (Leelanau),Total Phosphorus,2015-08-15,0.5
Cedar Lake (Leelanau),Total Phosphorus,2015-09-18,2.2
Cedar Lake (Leelanau),Total Phosphorus,2015-10-20,3.3
Cedar Lake (Leelanau),Total Phosphorus,2016-04-19,3.2
Cedar Lake (Leelanau),Total Phosphorus,2016-06-15,4.6
Cedar Lake (Leelanau),Total Phosphorus,2016-07-15,3.2
Cedar Lake (Leelanau),Total Phosphorus,2016-09-07,2.7
Cedar Lake (Leelanau),Total Phosphorus,2016-10-17,1.8
Cedar Lake (Leelanau),Total Phosphorus,2017-05-04,4.0
Cedar Lake (Leelanau),Total Phosphorus,2017-06-15,4.6
Cedar Lake (Leelanau),Total Phosphorus,2017-07-13,2.1
Cedar Lake (Leelanau),Total Phosphorus,2017-08-09,3.2
Cedar Lake (Leelanau),Total Phosphorus,2017-09-13,3.8
Cedar Lake (Leelanau),Total Phosphorus,2017-11-07,5.3
Cedar Lake (Leelanau),Total Phosphorus,2018-05-15,3.4
Cedar Lake (Leelanau),Total Phosphorus,2018-06-20,4.7
Cedar Lake (Leelanau),Total Phosphorus,2018-07-19,7.7
Cedar Lake (Leelanau),Total Phosphorus,2018-08-19,4.4
Cedar Lake (Leelanau),Total Phosphorus,2018-09-24,10.0
Cedar Lake (Leelanau),Total Phosphorus,2018-10-31,5.2
Cedar Lake (Leelanau),Total Phosphorus,2019-04-22,4.8
Cedar Lake (Leelanau),Total Phosphorus,2019-06-17,2.6
Cedar Lake (Leelanau),Total Phosphorus,2019-08-22,2.9
Cedar Lake (Leelanau),Total Phosphorus,2019-09-19,7.0
Cedar Lake (Leelanau),Total Phosphorus,2019-10-20,5.1
Cedar Lake (Leelanau),Total Phosphorus,2020-05-13,7.3
Cedar Lake (Leelanau),Total Phosphorus,2020-08-21,9.3
Cedar Lake (Leelanau),Total Phosphorus,2020-09-21,9.2
Cedar Lake (Leelanau),Total Phosphorus,2020-11-06,8.9
Cedar Lake (Leelanau),Total Phosphorus,2021-05-13,5.1
Cedar Lake (Leelanau),Total Phosphorus,2022-05-24,6.2
Cedar Lake (Leelanau),Total Phosphorus,2022-06-24,8.0
Cedar Lake (Leelanau),Total Phosphorus,2022-08-04,6.9
Cedar Lake (Leelanau),Total Phosphorus,2022-09-29,4.2
Cedar Lake (Leelanau),Total Phosphorus,2022-10-31,8.6
Cedar Lake (Leelanau),Total Phosphorus,2023-05-11,8.6
Cedar Lake (Leelanau),Total Phosphorus,2023-06-08,14.9
Cedar Lake (Leelanau),Total Phosphorus,2023-07-14,8.4
Cedar Lake (Leelanau),Total Phosphorus,2023-08-11,7.7
Cedar Lake (Leelanau),Total Phosphorus,2023-09-14,7.4
Cedar Lake (Leelanau),Total Phosphorus,2023-10-06,8.3
Cedar Lake (Leelanau),Total Phosphorus,2024-05-07,4.9
Cedar Lake (Leelanau),Total Phosphorus,2024-06-14,3.8
Cedar Lake (Leelanau),Total Phosphorus,2024-08-01,6.4
Cedar Lake (Leelanau),Total Phosphorus,2024-09-11,5.9
Cedar Lake (Leelanau),Total Phosphorus,2024-10-04,7.9
Cedar Lake (Leelanau),Total Phosphorus,2025-05-14,6.4
Cedar Lake (Leelanau),Total Phosphorus,2025-06-06,6.7
Cedar Lake (Leelanau),Total Phosphorus,2025-07-10,4.3
Cedar Lake (Leelanau),Total Phosphorus,2025-08-08,6.6
Cedar Lake (Leelanau),Total Phosphorus,2025-09-10,5.3
Cedar Lake (Leelanau),Total Phosphorus,2025-10-03,7.3
Lime Lake,Chlorophyll-a,1993-04-27,2.0
Lime Lake,Chlorophyll-a,1993-06-10,3.3
Lime Lake,Chlorophyll-a,1993-07-21,0.9
Lime Lake,Chlorophyll-a,1993-08-25,3.1
Lime Lake,Chlorophyll-a,1993-09-15,2.6
Lime Lake,Chlorophyll-a,1993-11-09,2.2
Lime Lake,Chlorophyll-a,1994-03-01,1.1
Lime Lake,Chlorophyll-a,1994-04-29,2.4
Lime Lake,Chlorophyll-a,1994-06-20,2.7
Lime Lake,Chlorophyll-a,1994-07-19,3.9
Lime Lake,Chlorophyll-a,1994-08-17,2.9
Lime Lake,Chlorophyll-a,1994-09-29,2.8
Lime Lake,Chlorophyll-a,1994-11-07,1.7
Lime Lake,Chlorophyll-a,1995-04-20,2.2
Lime Lake,Chlorophyll-a,1995-05-24,2.0
Lime Lake,Chlorophyll-a,1995-06-09,2.3
Lime Lake,Chlorophyll-a,1995-06-19,1.8
Lime Lake,Chlorophyll-a,1995-07-10,2.2
Lime Lake,Chlorophyll-a,1995-07-25,2.0
Lime Lake,Chlorophyll-a,1995-08-11,2.4
Lime Lake,Chlorophyll-a,1995-08-29,1.8
Lime Lake,Chlorophyll-a,1995-09-08,2.5
Lime Lake,Chlorophyll-a,1995-09-28,2.7
Lime Lake,Chlorophyll-a,1995-10-12,3.0
Lime Lake,Chlorophyll-a,1996-05-28,1.8
Lime Lake,Chlorophyll-a,1996-07-16,1.0
Lime Lake,Chlorophyll-a,1996-09-19,3.5
Lime Lake,Chlorophyll-a,1996-11-21,2.6
Lime Lake,Chlorophyll-a,1997-04-24,2.1
Lime Lake,Chlorophyll-a,1997-06-29,1.1
Lime Lake,Chlorophyll-a,1997-07-23,1.3
Lime Lake,Chlorophyll-a,1997-08-12,2.3
Lime Lake,Chlorophyll-a,1998-08-17,1.3
Lime Lake,Chlorophyll-a,1998-11-09,2.8
Lime Lake,Chlorophyll-a,1999-04-12,4.3
Lime Lake,Chlorophyll-a,1999-06-17,2.1
Lime Lake,Chlorophyll-a,1999-09-13,2.6
Lime Lake,Chlorophyll-a,2000-04-26,1.2
Lime Lake,Chlorophyll-a,2000-06-21,2.0
Lime Lake,Chlorophyll-a,2000-07-25,1.7
Lime Lake,Chlorophyll-a,2000-08-14,1.3
Lime Lake,Chlorophyll-a,2000-09-06,1.9
Lime Lake,Chlorophyll-a,2000-10-31,1.7
Lime Lake,Chlorophyll-a,2001-06-04,1.8
Lime Lake,Chlorophyll-a,2001-07-09,2.9
Lime Lake,Chlorophyll-a,2001-08-08,1.3
Lime Lake,Chlorophyll-a,2001-08-28,2.2
Lime Lake,Chlorophyll-a,2001-09-27,3.4
Lime Lake,Chlorophyll-a,2001-11-01,3.7
Lime Lake,Chlorophyll-a,2002-04-22,2.2
Lime Lake,Chlorophyll-a,2002-05-21,2.1
Lime Lake,Chlorophyll-a,2002-06-18,3.1
Lime Lake,Chlorophyll-a,2002-07-16,1.6
Lime Lake,Chlorophyll-a,2002-08-13,2.3
Lime Lake,Chlorophyll-a,2002-10-15,2.5
Lime Lake,Chlorophyll-a,2003-04-23,1.4
Lime Lake,Chlorophyll-a,2003-05-13,2.0
Lime Lake,Chlorophyll-a,2003-06-11,1.6
Lime Lake,Chlorophyll-a,2003-07-23,1.4
Lime Lake,Chlorophyll-a,2003-08-26,1.7
Lime Lake,Chlorophyll-a,2003-10-07,2.0
Lime Lake,Chlorophyll-a,2004-05-11,0.9
Lime Lake,Chlorophyll-a,2004-06-22,2.8
Lime Lake,Chlorophyll-a,2004-07-19,0.5
Lime Lake,Chlorophyll-a,2004-08-16,0.6
Lime Lake,Chlorophyll-a,2004-09-07,0.9
Lime Lake,Chlorophyll-a,2004-09-21,1.0
Lime Lake,Chlorophyll-a,2004-10-20,0.6
Lime Lake,Chlorophyll-a,2005-04-21,1.17
Lime Lake,Chlorophyll-a,2005-05-18,0.64
Lime Lake,Chlorophyll-a,2005-06-07,0.85
Lime Lake,Chlorophyll-a,2005-06-13,0.85
Lime Lake,Chlorophyll-a,2005-06-21,3.26
Lime Lake,Chlorophyll-a,2005-07-06,0.92
Lime Lake,Chlorophyll-a,2005-07-14,1.06
Lime Lake,Chlorophyll-a,2005-07-21,1.31
Lime Lake,Chlorophyll-a,2005-07-29,1.64
Lime Lake,Chlorophyll-a,2005-08-09,1.36
Lime Lake,Chlorophyll-a,2005-08-16,1.3
Lime Lake,Chlorophyll-a,2005-08-23,1.94
Lime Lake,Chlorophyll-a,2005-08-31,1.64
Lime Lake,Chlorophyll-a,2005-09-08,1.24
Lime Lake,Chlorophyll-a,2005-09-27,1.1
Lime Lake,Chlorophyll-a,2006-06-28,1.52
Lime Lake,Chlorophyll-a,2006-07-13,0.92
Lime Lake,Chlorophyll-a,2006-07-25,1.72
Lime Lake,Chlorophyll-a,2006-08-10,2.45
Lime Lake,Chlorophyll-a,2006-09-05,1.82
Lime Lake,Chlorophyll-a,2006-10-10,1.07
Lime Lake,Chlorophyll-a,2007-05-31,0.44
Lime Lake,Chlorophyll-a,2007-07-26,0.93
Lime Lake,Chlorophyll-a,2007-08-21,0.84
Lime Lake,Chlorophyll-a,2007-10-08,1.01
Lime Lake,Chlorophyll-a,2008-05-29,0.59
Lime Lake,Chlorophyll-a,2008-07-09,0.87
Lime Lake,Chlorophyll-a,2008-07-30,0.98
Lime Lake,Chlorophyll-a,2008-09-02,0.88
Lime Lake,Chlorophyll-a,2009-06-24,0.61
Lime Lake,Chlorophyll-a,2009-07-20,0.83
Lime Lake,Chlorophyll-a,2009-09-08,0.82
Lime Lake,Chlorophyll-a,2010-05-26,1.12
Lime Lake,Chlorophyll-a,2010-06-21,0.67
Lime Lake,Chlorophyll-a,2010-08-12,0.76
Lime Lake,Chlorophyll-a,2016-04-20,0.76
Lime Lake,Chlorophyll-a,2016-06-14,1.01
Lime Lake,Chlorophyll-a,2016-07-13,0.77
Lime Lake,Chlorophyll-a,2016-09-13,1.9
Lime Lake,Chlorophyll-a,2016-10-18,2.57
Lime Lake,Chlorophyll-a,2019-04-21,1.16
Lime Lake,Chlorophyll-a,2019-06-16,0.91
Lime Lake,Chlorophyll-a,2019-08-21,0.8
Lime Lake,Chlorophyll-a,2019-09-17,1.44
Lime Lake,Chlorophyll-a,2019-10-18,0.4
Lime Lake,Chlorophyll-a,2020-05-12,0.84
Lime Lake,Chlorophyll-a,2020-08-17,0.83
Lime Lake,Chlorophyll-a,2020-09-21,2.36
Lime Lake,Chlorophyll-a,2020-11-05,2.35
Lime Lake,Chlorophyll-a,2021-05-13,0.83
Lime Lake,Chlorophyll-a,2021-09-22,1.2
Lime Lake,Chlorophyll-a,2022-05-23,1.42
Lime Lake,Chlorophyll-a,2022-06-23,1.2
Lime Lake,Chlorophyll-a,2022-08-04,2.2
Lime Lake,Chlorophyll-a,2022-09-29,1.54
Lime Lake,Chlorophyll-a,2022-10-31,1.99
Lime Lake,Chlorophyll-a,2023-05-11,1.42
Lime Lake,Chlorophyll-a,2023-06-07,1.27
Lime Lake,Chlorophyll-a,2023-07-13,2.08
Lime Lake,Chlorophyll-a,2023-08-08,1.64
Lime Lake,Chlorophyll-a,2023-09-13,1.49
Lime Lake,Chlorophyll-a,2023-10-05,1.79
Lime Lake,Chlorophyll-a,2024-05-07,0.85
Lime Lake,Chlorophyll-a,2024-06-14,0.9
Lime Lake,Chlorophyll-a,2024-08-01,1.13
Lime Lake,Chlorophyll-a,2024-09-10,1.56
Lime Lake,Chlorophyll-a,2024-10-03,1.42
Lime Lake,Chlorophyll-a,2025-05-09,1.16
Lime Lake,Chlorophyll-a,2025-06-05,0.67
Lime Lake,Chlorophyll-a,2025-07-02,0.88
Lime Lake,Chlorophyll-a,2025-08-07,1.38
Lime Lake,Chlorophyll-a,2025-09-10,3.05
Lime Lake,Chlorophyll-a,2025-10-02,3.08
Lime Lake,Nitrate,1991-08-20,40.0
Lime Lake,Nitrate,1991-09-11,10.0
Lime Lake,Nitrate,1991-09-24,230.0
Lime Lake,Nitrate,1992-02-28,150.0
Lime Lake,Nitrate,1992-05-06,260.0
Lime Lake,Nitrate,1992-06-24,195.0
Lime Lake,Nitrate,1992-07-24,100.0
Lime Lake,Nitrate,1992-08-06,265.0
Lime Lake,Nitrate,1992-08-25,210.0
Lime Lake,Nitrate,1992-09-23,110.0
Lime Lake,Nitrate,1992-10-21,150.0
Lime Lake,Nitrate,1993-01-26,310.0
Lime Lake,Nitrate,1993-03-25,390.0
Lime Lake,Nitrate,1993-04-27,380.0
Lime Lake,Nitrate,1993-06-10,300.0
Lime Lake,Nitrate,1993-07-21,390.0
Lime Lake,Nitrate,1993-08-25,400.0
Lime Lake,Nitrate,1993-09-15,90.0
Lime Lake,Nitrate,1993-11-09,430.0
Lime Lake,Nitrate,1994-03-01,890.0
Lime Lake,Nitrate,1994-04-29,350.0
Lime Lake,Nitrate,1994-06-20,280.0
Lime Lake,Nitrate,1994-07-19,180.0
Lime Lake,Nitrate,1994-08-17,140.0
Lime Lake,Nitrate,1994-09-29,320.0
Lime Lake,Nitrate,1994-11-07,153.0
Lime Lake,Nitrate,1995-04-20,360.0
Lime Lake,Nitrate,1995-05-24,240.0
Lime Lake,Nitrate,1995-06-09,230.0
Lime Lake,Nitrate,1995-06-19,190.0
Lime Lake,Nitrate,1995-07-10,100.0
Lime Lake,Nitrate,1995-07-25,130.0
Lime Lake,Nitrate,1995-08-11,110.0
Lime Lake,Nitrate,1995-08-29,110.0
Lime Lake,Nitrate,1995-09-08,103.0
Lime Lake,Nitrate,1995-09-28,130.0
Lime Lake,Nitrate,1996-03-19,270.0
Lime Lake,Nitrate,1996-05-28,230.0
Lime Lake,Nitrate,1996-07-16,200.0
Lime Lake,Nitrate,1996-08-16,180.0
Lime Lake,Nitrate,1996-09-19,150.0
Lime Lake,Nitrate,1996-11-21,160.0
Lime Lake,Nitrate,1997-04-24,300.0
Lime Lake,Nitrate,1997-07-23,260.0
Lime Lake,Nitrate,1997-08-12,265.0
Lime Lake,Nitrate,1997-09-04,163.0
Lime Lake,Nitrate,1998-08-17,110.0
Lime Lake,Nitrate,1998-11-09,160.0
Lime Lake,Nitrate,1999-04-12,300.0
Lime Lake,Nitrate,1999-06-17,210.0
Lime Lake,Nitrate,1999-09-13,80.0
Lime Lake,Nitrate,2000-04-26,300.0
Lime Lake,Nitrate,2000-06-21,190.0
Lime Lake,Nitrate,2000-08-14,170.0
Lime Lake,Nitrate,2000-09-06,150.0
Lime Lake,Nitrate,2000-10-31,180.0
Lime Lake,Nitrate,2001-06-04,320.0
Lime Lake,Nitrate,2001-07-09,200.0
Lime Lake,Nitrate,2001-08-08,100.0
Lime Lake,Nitrate,2001-08-28,120.0
Lime Lake,Nitrate,2001-09-27,110.0
Lime Lake,Nitrate,2001-11-01,170.0
Lime Lake,Nitrate,2002-04-22,360.0
Lime Lake,Nitrate,2002-05-21,380.0
Lime Lake,Nitrate,2002-06-18,360.0
Lime Lake,Nitrate,2002-07-16,180.0
Lime Lake,Nitrate,2002-08-13,120.0
Lime Lake,Nitrate,2002-09-17,170.0
Lime Lake,Nitrate,2002-10-15,180.0
Lime Lake,Nitrate,2003-04-23,330.0
Lime Lake,Nitrate,2003-05-13,360.0
Lime Lake,Nitrate,2003-06-11,470.0
Lime Lake,Nitrate,2003-07-23,380.0
Lime Lake,Nitrate,2003-08-26,160.0
Lime Lake,Nitrate,2003-10-07,310.0
Lime Lake,Nitrate,2004-05-11,420.0
Lime Lake,Nitrate,2004-06-22,285.0
Lime Lake,Nitrate,2004-07-19,228.0
Lime Lake,Nitrate,2004-08-16,152.0
Lime Lake,Nitrate,2004-09-07,166.0
Lime Lake,Nitrate,2004-09-21,175.0
Lime Lake,Nitrate,2004-10-20,201.0
Lime Lake,Nitrate,2005-04-21,432.0
Lime Lake,Nitrate,2005-05-18,342.0
Lime Lake,Nitrate,2005-06-07,335.1
Lime Lake,Nitrate,2005-06-13,302.9
Lime Lake,Nitrate,2005-06-21,87.4
Lime Lake,Nitrate,2005-07-06,231.4
Lime Lake,Nitrate,2005-07-14,216.0
Lime Lake,Nitrate,2005-07-21,187.0
Lime Lake,Nitrate,2005-07-29,164.1
Lime Lake,Nitrate,2005-08-09,154.6
Lime Lake,Nitrate,2005-08-16,139.0
Lime Lake,Nitrate,2005-08-23,144.9
Lime Lake,Nitrate,2005-08-31,137.0
Lime Lake,Nitrate,2005-09-08,136.0
Lime Lake,Nitrate,2005-09-27,145.0
Lime Lake,Nitrate,2006-04-28,25.0
Lime Lake,Nitrate,2006-06-28,219.0
Lime Lake,Nitrate,2006-07-13,183.4
Lime Lake,Nitrate,2006-07-25,161.5
Lime Lake,Nitrate,2006-08-10,128.1
Lime Lake,Nitrate,2006-09-05,109.2
Lime Lake,Nitrate,2006-10-10,89.7
Lime Lake,Nitrate,2007-07-26,137.8
Lime Lake,Nitrate,2007-08-21,88.4
Lime Lake,Nitrate,2007-10-08,86.3
Lime Lake,Nitrate,2008-05-29,289.0
Lime Lake,Nitrate,2008-07-09,167.0
Lime Lake,Nitrate,2008-07-30,136.7
Lime Lake,Nitrate,2008-09-02,94.1
Lime Lake,Nitrate,2009-06-24,218.0
Lime Lake,Nitrate,2009-07-20,185.0
Lime Lake,Nitrate,2009-09-08,66.5
Lime Lake,Nitrate,2010-05-26,219.0
Lime Lake,Nitrate,2010-06-21,136.8
Lime Lake,Nitrate,2010-08-12,23.0
Lime Lake,Nitrate,2011-06-15,244.0
Lime Lake,Nitrate,2011-07-08,165.0
Lime Lake,Nitrate,2011-08-09,50.4
Lime Lake,Nitrate,2011-09-07,34.8
Lime Lake,Nitrate,2011-10-14,74.2
Lime Lake,Nitrate,2012-05-15,486.0
Lime Lake,Nitrate,2012-07-25,90.9
Lime Lake,Nitrate,2012-09-16,64.6
Lime Lake,Nitrate,2014-07-07,96.2
Lime Lake,Nitrate,2014-08-11,78.6
Lime Lake,Nitrate,2014-09-03,26.7
Lime Lake,Nitrate,2014-11-05,78.5
Lime Lake,Nitrate,2015-07-06,131.5
Lime Lake,Nitrate,2015-08-14,37.0
Lime Lake,Nitrate,2015-09-18,47.9
Lime Lake,Nitrate,2015-10-21,57.6
Lime Lake,Nitrate,2016-04-20,311.0
Lime Lake,Nitrate,2016-06-14,248.0
Lime Lake,Nitrate,2016-07-13,59.5
Lime Lake,Nitrate,2016-09-12,28.1
Lime Lake,Nitrate,2016-10-14,35.0
Lime Lake,Nitrate,2017-05-03,306.0
Lime Lake,Nitrate,2017-06-14,144.4
Lime Lake,Nitrate,2017-07-12,73.4
Lime Lake,Nitrate,2017-08-08,32.0
Lime Lake,Nitrate,2017-09-12,27.0
Lime Lake,Nitrate,2017-11-06,53.3
Lime Lake,Nitrate,2018-05-15,290.0
Lime Lake,Nitrate,2018-06-19,165.0
Lime Lake,Nitrate,2018-07-18,49.0
Lime Lake,Nitrate,2018-08-18,17.7
Lime Lake,Nitrate,2018-09-23,33.2
Lime Lake,Nitrate,2018-10-30,88.8
Lime Lake,Nitrate,2019-04-21,384.0
Lime Lake,Nitrate,2019-06-16,350.0
Lime Lake,Nitrate,2019-08-21,67.0
Lime Lake,Nitrate,2019-09-17,79.3
Lime Lake,Nitrate,2019-10-18,91.3
Lime Lake,Nitrate,2020-05-12,441.0
Lime Lake,Nitrate,2020-08-17,70.0
Lime Lake,Nitrate,2020-09-21,92.4
Lime Lake,Nitrate,2020-11-05,143.9
Lime Lake,Nitrate,2021-05-13,364.0
Lime Lake,Nitrate,2021-09-22,73.4
Lime Lake,Nitrate,2022-05-23,250.0
Lime Lake,Nitrate,2022-06-23,228.0
Lime Lake,Nitrate,2022-08-04,184.0
Lime Lake,Nitrate,2022-09-29,64.8
Lime Lake,Nitrate,2022-10-31,100.9
Lime Lake,Nitrate,2023-05-11,338.0
Lime Lake,Nitrate,2023-06-07,260.0
Lime Lake,Nitrate,2023-07-13,127.0
Lime Lake,Nitrate,2023-08-08,72.6
Lime Lake,Nitrate,2023-09-13,86.5
Lime Lake,Nitrate,2023-10-05,132.1
Lime Lake,Nitrate,2024-05-07,424.0
Lime Lake,Nitrate,2024-06-14,154.6
Lime Lake,Nitrate,2024-08-01,49.5
Lime Lake,Nitrate,2024-08-01,162.0
Lime Lake,Nitrate,2024-09-10,59.8
Lime Lake,Nitrate,2024-10-03,63.2
Lime Lake,Nitrate,2025-05-09,244.0
Lime Lake,Nitrate,2025-06-05,218.0
Lime Lake,Nitrate,2025-07-02,89.8
Lime Lake,Nitrate,2025-08-07,37.8
Lime Lake,Nitrate,2025-09-10,50.3
Lime Lake,Nitrate,2025-09-10,100.0
Lime Lake,Nitrate,2025-10-02,123.0
Lime Lake,Secchi Depth,1990-11-08,10
Lime Lake,Secchi Depth,1991-04-26,14
Lime Lake,Secchi Depth,1991-05-15,10.5
Lime Lake,Secchi Depth,1991-06-07,4.5
Lime Lake,Secchi Depth,1991-06-25,6.5
Lime Lake,Secchi Depth,1991-07-16,7
Lime Lake,Secchi Depth,1991-08-02,9.5
Lime Lake,Secchi Depth,1991-08-20,9.5
Lime Lake,Secchi Depth,1991-09-11,10
Lime Lake,Secchi Depth,1991-09-24,10.5
Lime Lake,Secchi Depth,1991-11-08,9
Lime Lake,Secchi Depth,1992-05-06,13.5
Lime Lake,Secchi Depth,1992-06-24,5
Lime Lake,Secchi Depth,1992-07-24,6.5
Lime Lake,Secchi Depth,1992-08-06,8.5
Lime Lake,Secchi Depth,1992-08-25,8.5
Lime Lake,Secchi Depth,1992-09-23,13
Lime Lake,Secchi Depth,1992-10-21,12.5
Lime Lake,Secchi Depth,1993-04-27,11.5
Lime Lake,Secchi Depth,1993-06-10,8.5
Lime Lake,Secchi Depth,1993-07-21,15.5
Lime Lake,Secchi Depth,1993-08-25,14
Lime Lake,Secchi Depth,1993-09-15,12
Lime Lake,Secchi Depth,1993-11-09,11
Lime Lake,Secchi Depth,1994-04-29,12
Lime Lake,Secchi Depth,1994-06-20,7
Lime Lake,Secchi Depth,1994-07-19,7
Lime Lake,Secchi Depth,1994-08-17,9.5
Lime Lake,Secchi Depth,1994-09-29,11.5
Lime Lake,Secchi Depth,1994-11-07,13.5
Lime Lake,Secchi Depth,1995-04-20,11
Lime Lake,Secchi Depth,1995-05-24,12
Lime Lake,Secchi Depth,1995-06-09,9
Lime Lake,Secchi Depth,1995-06-19,5.5
Lime Lake,Secchi Depth,1995-07-10,5.5
Lime Lake,Secchi Depth,1995-07-25,7
Lime Lake,Secchi Depth,1995-08-11,7.5
Lime Lake,Secchi Depth,1995-08-29,8.5
Lime Lake,Secchi Depth,1995-09-08,9
Lime Lake,Secchi Depth,1995-09-28,12
Lime Lake,Secchi Depth,1995-10-12,11
Lime Lake,Secchi Depth,1996-05-28,10
Lime Lake,Secchi Depth,1996-07-16,10
Lime Lake,Secchi Depth,1996-08-16,14
Lime Lake,Secchi Depth,1996-09-19,10
Lime Lake,Secchi Depth,1996-11-21,14
Lime Lake,Secchi Depth,1997-04-24,10
Lime Lake,Secchi Depth,1997-06-29,9
Lime Lake,Secchi Depth,1997-07-23,8
Lime Lake,Secchi Depth,1997-08-12,11.5
Lime Lake,Secchi Depth,1997-09-04,9.5
Lime Lake,Secchi Depth,1998-08-17,11
Lime Lake,Secchi Depth,1998-11-09,8
Lime Lake,Secchi Depth,1999-04-12,9.5
Lime Lake,Secchi Depth,1999-06-17,5.5
Lime Lake,Secchi Depth,1999-09-13,9
Lime Lake,Secchi Depth,2000-04-26,16.5
Lime Lake,Secchi Depth,2000-06-21,8
Lime Lake,Secchi Depth,2000-07-25,9
Lime Lake,Secchi Depth,2000-08-14,8
Lime Lake,Secchi Depth,2000-09-06,11
Lime Lake,Secchi Depth,2000-10-31,11
Lime Lake,Secchi Depth,2001-06-04,9.5
Lime Lake,Secchi Depth,2001-07-09,4.5
Lime Lake,Secchi Depth,2001-08-08,9
Lime Lake,Secchi Depth,2001-08-28,9.5
Lime Lake,Secchi Depth,2001-09-27,8.5
Lime Lake,Secchi Depth,2001-11-01,9
Lime Lake,Secchi Depth,2002-04-22,10.5
Lime Lake,Secchi Depth,2002-05-21,9.5
Lime Lake,Secchi Depth,2002-06-18,7.5
Lime Lake,Secchi Depth,2002-07-16,7.5
Lime Lake,Secchi Depth,2002-08-13,10.5
Lime Lake,Secchi Depth,2002-09-17,9.5
Lime Lake,Secchi Depth,2002-10-15,11
Lime Lake,Secchi Depth,2003-04-23,12
Lime Lake,Secchi Depth,2003-05-13,12
Lime Lake,Secchi Depth,2003-07-23,7
Lime Lake,Secchi Depth,2003-08-26,9.5
Lime Lake,Secchi Depth,2003-10-07,11
Lime Lake,Secchi Depth,2004-05-11,12
Lime Lake,Secchi Depth,2004-06-22,9
Lime Lake,Secchi Depth,2004-07-19,22
Lime Lake,Secchi Depth,2004-08-16,14.5
Lime Lake,Secchi Depth,2004-09-07,16
Lime Lake,Secchi Depth,2004-09-21,16.5
Lime Lake,Secchi Depth,2004-10-20,15.5
Lime Lake,Secchi Depth,2005-04-21,16.5
Lime Lake,Secchi Depth,2005-05-18,21
Lime Lake,Secchi Depth,2005-06-07,24
Lime Lake,Secchi Depth,2005-06-13,22.5
Lime Lake,Secchi Depth,2005-06-21,17.5
Lime Lake,Secchi Depth,2005-07-06,14.5
Lime Lake,Secchi Depth,2005-07-14,14
Lime Lake,Secchi Depth,2005-07-21,12.5
Lime Lake,Secchi Depth,2005-07-29,11
Lime Lake,Secchi Depth,2005-08-09,9
Lime Lake,Secchi Depth,2005-08-16,11.5
Lime Lake,Secchi Depth,2005-08-23,10
Lime Lake,Secchi Depth,2005-08-31,10.5
Lime Lake,Secchi Depth,2005-09-08,13.5
Lime Lake,Secchi Depth,2005-09-27,11
Lime Lake,Secchi Depth,2006-04-28,21.5
Lime Lake,Secchi Depth,2006-06-28,14
Lime Lake,Secchi Depth,2006-07-13,14.5
Lime Lake,Secchi Depth,2006-07-25,9.5
Lime Lake,Secchi Depth,2006-08-10,9
Lime Lake,Secchi Depth,2006-09-05,10.5
Lime Lake,Secchi Depth,2006-10-10,13
Lime Lake,Secchi Depth,2007-05-31,22
Lime Lake,Secchi Depth,2007-07-26,9.5
Lime Lake,Secchi Depth,2007-08-21,8
Lime Lake,Secchi Depth,2007-10-08,15
Lime Lake,Secchi Depth,2008-05-29,17
Lime Lake,Secchi Depth,2008-07-09,13.5
Lime Lake,Secchi Depth,2008-07-30,0
Lime Lake,Secchi Depth,2008-09-02,9.5
Lime Lake,Secchi Depth,2009-06-24,27.5
Lime Lake,Secchi Depth,2009-07-20,13
Lime Lake,Secchi Depth,2009-09-08,15
Lime Lake,Secchi Depth,2010-05-26,21.5
Lime Lake,Secchi Depth,2010-06-21,17
Lime Lake,Secchi Depth,2010-08-12,9.5
Lime Lake,Secchi Depth,2011-06-13,11
Lime Lake,Secchi Depth,2011-07-05,13
Lime Lake,Secchi Depth,2011-08-08,13
Lime Lake,Secchi Depth,2011-08-31,12
Lime Lake,Secchi Depth,2011-10-10,16
Lime Lake,Secchi Depth,2012-05-10,19
Lime Lake,Secchi Depth,2012-07-11,12
Lime Lake,Secchi Depth,2012-07-16,13
Lime Lake,Secchi Depth,2014-05-21,16.5
Lime Lake,Secchi Depth,2014-07-07,17
Lime Lake,Secchi Depth,2014-08-11,11.5
Lime Lake,Secchi Depth,2014-09-03,10.5
Lime Lake,Secchi Depth,2014-11-05,10
Lime Lake,Secchi Depth,2015-05-14,12.5
Lime Lake,Secchi Depth,2015-07-06,14.5
Lime Lake,Secchi Depth,2015-08-14,12
Lime Lake,Secchi Depth,2015-09-18,10
Lime Lake,Secchi Depth,2015-10-21,12
Lime Lake,Secchi Depth,2016-07-15,13
Lime Lake,Secchi Depth,2016-09-28,8.5
Lime Lake,Secchi Depth,2016-11-02,13
Lime Lake,Secchi Depth,2017-05-03,18
Lime Lake,Secchi Depth,2017-06-14,9.5
Lime Lake,Secchi Depth,2017-07-12,17.5
Lime Lake,Secchi Depth,2017-08-08,12.5
Lime Lake,Secchi Depth,2017-09-12,12
Lime Lake,Secchi Depth,2017-11-06,16
Lime Lake,Secchi Depth,2018-05-15,16.5
Lime Lake,Secchi Depth,2018-06-19,15
Lime Lake,Secchi Depth,2018-07-18,16.5
Lime Lake,Secchi Depth,2018-08-18,9.5
Lime Lake,Secchi Depth,2018-09-23,11
Lime Lake,Secchi Depth,2018-10-30,16
Lime Lake,Secchi Depth,2019-04-21,14.5
Lime Lake,Secchi Depth,2019-08-21,8.5
Lime Lake,Secchi Depth,2019-09-17,11.5
Lime Lake,Secchi Depth,2019-10-18,11.5
Lime Lake,Secchi Depth,2020-05-12,16.5
Lime Lake,Secchi Depth,2020-08-17,8.5
Lime Lake,Secchi Depth,2020-09-21,12
Lime Lake,Secchi Depth,2021-05-13,19.5
Lime Lake,Secchi Depth,2021-06-29,17.5
Lime Lake,Secchi Depth,2021-07-29,12.5
Lime Lake,Secchi Depth,2021-08-24,12
Lime Lake,Secchi Depth,2021-09-22,9.5
Lime Lake,Secchi Depth,2021-10-26,11.5
Lime Lake,Secchi Depth,2022-05-23,14
Lime Lake,Secchi Depth,2022-06-23,18
Lime Lake,Secchi Depth,2022-08-04,11
Lime Lake,Secchi Depth,2022-09-29,14
Lime Lake,Secchi Depth,2022-10-31,16.5
Lime Lake,Secchi Depth,2023-05-11,15.5
Lime Lake,Secchi Depth,2023-06-07,18
Lime Lake,Secchi Depth,2023-07-13,13.5
Lime Lake,Secchi Depth,2023-08-08,9.5
Lime Lake,Secchi Depth,2023-09-13,11
Lime Lake,Secchi Depth,2023-10-05,11.5
Lime Lake,Secchi Depth,2024-05-07,16.5
Lime Lake,Secchi Depth,2024-06-14,13
Lime Lake,Secchi Depth,2024-08-01,8
Lime Lake,Secchi Depth,2024-09-10,8
Lime Lake,Secchi Depth,2024-10-03,12
Lime Lake,Secchi Depth,2025-05-09,13
Lime Lake,Secchi Depth,2025-06-05,12.5
Lime Lake,Secchi Depth,2025-07-02,13
Lime Lake,Secchi Depth,2025-08-07,7.5
Lime Lake,Secchi Depth,2025-09-10,8
Lime Lake,Secchi Depth,2025-10-02,11
Lime Lake,Total Phosphorus,1990-11-08,4.5
Lime Lake,Total Phosphorus,1991-02-21,0.0
Lime Lake,Total Phosphorus,1991-03-10,4.9
Lime Lake,Total Phosphorus,1991-04-26,4.0
Lime Lake,Total Phosphorus,1991-05-15,3.3
Lime Lake,Total Phosphorus,1991-06-25,3.0
Lime Lake,Total Phosphorus,1991-07-16,8.1
Lime Lake,Total Phosphorus,1991-08-02,7.7
Lime Lake,Total Phosphorus,1991-08-20,3.6
Lime Lake,Total Phosphorus,1991-09-11,4.3
Lime Lake,Total Phosphorus,1991-09-24,3.2
Lime Lake,Total Phosphorus,1991-11-08,4.6
Lime Lake,Total Phosphorus,1992-02-28,5.6
Lime Lake,Total Phosphorus,1992-05-06,3.6
Lime Lake,Total Phosphorus,1992-06-24,4.9
Lime Lake,Total Phosphorus,1992-07-24,5.2
Lime Lake,Total Phosphorus,1992-08-06,4.8
Lime Lake,Total Phosphorus,1992-08-25,4.5
Lime Lake,Total Phosphorus,1992-09-23,4.1
Lime Lake,Total Phosphorus,1992-10-21,4.2
Lime Lake,Total Phosphorus,1993-01-26,3.5
Lime Lake,Total Phosphorus,1993-03-25,3.2
Lime Lake,Total Phosphorus,1993-04-27,3.2
Lime Lake,Total Phosphorus,1993-06-10,4.2
Lime Lake,Total Phosphorus,1993-07-21,2.6
Lime Lake,Total Phosphorus,1993-08-25,2.8
Lime Lake,Total Phosphorus,1993-09-15,8.6
Lime Lake,Total Phosphorus,1993-11-09,3.9
Lime Lake,Total Phosphorus,1994-03-01,1.7
Lime Lake,Total Phosphorus,1994-04-29,3.5
Lime Lake,Total Phosphorus,1994-06-20,3.9
Lime Lake,Total Phosphorus,1994-07-19,2.4
Lime Lake,Total Phosphorus,1994-08-17,3.4
Lime Lake,Total Phosphorus,1994-09-29,3.4
Lime Lake,Total Phosphorus,1994-11-07,4.7
Lime Lake,Total Phosphorus,1995-04-20,3.4
Lime Lake,Total Phosphorus,1995-05-24,5.3
Lime Lake,Total Phosphorus,1995-06-09,4.0
Lime Lake,Total Phosphorus,1995-06-19,15.2
Lime Lake,Total Phosphorus,1995-07-10,3.6
Lime Lake,Total Phosphorus,1995-07-25,4.3
Lime Lake,Total Phosphorus,1995-08-11,2.3
Lime Lake,Total Phosphorus,1995-08-29,4.2
Lime Lake,Total Phosphorus,1995-09-08,3.6
Lime Lake,Total Phosphorus,1995-09-28,4.6
Lime Lake,Total Phosphorus,1995-10-12,3.3
Lime Lake,Total Phosphorus,1996-03-19,3.0
Lime Lake,Total Phosphorus,1996-05-28,5.6
Lime Lake,Total Phosphorus,1996-07-16,3.8
Lime Lake,Total Phosphorus,1996-08-16,2.9
Lime Lake,Total Phosphorus,1996-09-19,2.5
Lime Lake,Total Phosphorus,1996-11-21,3.4
Lime Lake,Total Phosphorus,1997-04-24,2.9
Lime Lake,Total Phosphorus,1997-07-23,1.9
Lime Lake,Total Phosphorus,1997-08-12,8.7
Lime Lake,Total Phosphorus,1997-09-04,2.8
Lime Lake,Total Phosphorus,1997-11-21,3.4
Lime Lake,Total Phosphorus,1998-08-17,2.4
Lime Lake,Total Phosphorus,1998-11-09,3.0
Lime Lake,Total Phosphorus,1999-04-12,2.5
Lime Lake,Total Phosphorus,1999-06-17,2.1
Lime Lake,Total Phosphorus,1999-09-13,3.1
Lime Lake,Total Phosphorus,2000-04-26,2.9
Lime Lake,Total Phosphorus,2000-06-21,1.0
Lime Lake,Total Phosphorus,2000-07-25,2.5
Lime Lake,Total Phosphorus,2000-08-14,1.0
Lime Lake,Total Phosphorus,2000-09-06,5.7
Lime Lake,Total Phosphorus,2000-10-31,2.5
Lime Lake,Total Phosphorus,2001-06-04,4.9
Lime Lake,Total Phosphorus,2001-07-09,3.7
Lime Lake,Total Phosphorus,2001-08-08,1.4
Lime Lake,Total Phosphorus,2001-08-28,2.0
Lime Lake,Total Phosphorus,2001-09-27,4.5
Lime Lake,Total Phosphorus,2001-11-01,3.5
Lime Lake,Total Phosphorus,2002-04-22,2.5
Lime Lake,Total Phosphorus,2002-05-21,3.9
Lime Lake,Total Phosphorus,2002-06-18,3.9
Lime Lake,Total Phosphorus,2002-07-16,1.9
Lime Lake,Total Phosphorus,2002-08-13,1.0
Lime Lake,Total Phosphorus,2002-09-17,1.2
Lime Lake,Total Phosphorus,2002-10-15,7.0
Lime Lake,Total Phosphorus,2003-04-23,3.6
Lime Lake,Total Phosphorus,2003-05-13,4.4
Lime Lake,Total Phosphorus,2003-06-11,6.8
Lime Lake,Total Phosphorus,2003-07-23,2.7
Lime Lake,Total Phosphorus,2003-08-26,2.9
Lime Lake,Total Phosphorus,2003-10-07,1.0
Lime Lake,Total Phosphorus,2004-05-11,4.0
Lime Lake,Total Phosphorus,2004-06-22,4.0
Lime Lake,Total Phosphorus,2004-07-19,2.6
Lime Lake,Total Phosphorus,2004-08-16,3.1
Lime Lake,Total Phosphorus,2004-09-07,2.8
Lime Lake,Total Phosphorus,2004-09-21,3.7
Lime Lake,Total Phosphorus,2004-10-20,2.2
Lime Lake,Total Phosphorus,2005-04-21,2.0
Lime Lake,Total Phosphorus,2005-05-18,3.9
Lime Lake,Total Phosphorus,2005-06-07,2.7
Lime Lake,Total Phosphorus,2005-06-13,2.2
Lime Lake,Total Phosphorus,2005-06-21,2.2
Lime Lake,Total Phosphorus,2005-07-06,1.7
Lime Lake,Total Phosphorus,2005-07-14,1.6
Lime Lake,Total Phosphorus,2005-07-21,1.4
Lime Lake,Total Phosphorus,2005-07-29,1.3
Lime Lake,Total Phosphorus,2005-08-09,4.2
Lime Lake,Total Phosphorus,2005-08-16,3.65
Lime Lake,Total Phosphorus,2005-08-23,4.6
Lime Lake,Total Phosphorus,2005-08-31,2.8
Lime Lake,Total Phosphorus,2005-09-08,3.9
Lime Lake,Total Phosphorus,2005-09-27,2.0
Lime Lake,Total Phosphorus,2006-04-28,1.5
Lime Lake,Total Phosphorus,2006-06-28,3.1
Lime Lake,Total Phosphorus,2006-07-13,2.4
Lime Lake,Total Phosphorus,2006-07-25,1.9
Lime Lake,Total Phosphorus,2006-08-10,3.1
Lime Lake,Total Phosphorus,2006-09-05,3.3
Lime Lake,Total Phosphorus,2006-10-10,2.2
Lime Lake,Total Phosphorus,2007-07-26,3.2
Lime Lake,Total Phosphorus,2007-08-21,3.4
Lime Lake,Total Phosphorus,2007-10-08,6.2
Lime Lake,Total Phosphorus,2008-05-29,2.8
Lime Lake,Total Phosphorus,2008-07-09,4.0
Lime Lake,Total Phosphorus,2008-07-30,2.8
Lime Lake,Total Phosphorus,2008-09-02,5.1
Lime Lake,Total Phosphorus,2009-06-24,4.9
Lime Lake,Total Phosphorus,2009-07-20,1.9
Lime Lake,Total Phosphorus,2009-09-08,3.5
Lime Lake,Total Phosphorus,2010-05-26,2.5
Lime Lake,Total Phosphorus,2010-06-21,3.5
Lime Lake,Total Phosphorus,2010-08-12,3.9
Lime Lake,Total Phosphorus,2011-06-15,4.3
Lime Lake,Total Phosphorus,2011-07-08,4.9
Lime Lake,Total Phosphorus,2011-08-09,1.3
Lime Lake,Total Phosphorus,2011-09-07,6.2
Lime Lake,Total Phosphorus,2011-10-14,1.4
Lime Lake,Total Phosphorus,2012-05-15,2.4
Lime Lake,Total Phosphorus,2012-07-25,1.9
Lime Lake,Total Phosphorus,2012-09-16,2.1
Lime Lake,Total Phosphorus,2014-07-07,2.9
Lime Lake,Total Phosphorus,2014-08-11,3.0
Lime Lake,Total Phosphorus,2014-09-03,4.2
Lime Lake,Total Phosphorus,2014-11-05,2.6
Lime Lake,Total Phosphorus,2015-05-14,2.6
Lime Lake,Total Phosphorus,2015-07-06,4.3
Lime Lake,Total Phosphorus,2015-08-14,3.8
Lime Lake,Total Phosphorus,2015-09-18,2.6
Lime Lake,Total Phosphorus,2015-10-21,2.8
Lime Lake,Total Phosphorus,2016-04-20,9.9
Lime Lake,Total Phosphorus,2016-06-14,3.1
Lime Lake,Total Phosphorus,2016-07-13,3.9
Lime Lake,Total Phosphorus,2016-07-15,18.8
Lime Lake,Total Phosphorus,2016-09-07,2.7
Lime Lake,Total Phosphorus,2016-10-17,3.6
Lime Lake,Total Phosphorus,2017-05-03,4.5
Lime Lake,Total Phosphorus,2017-06-14,2.0
Lime Lake,Total Phosphorus,2017-07-12,1.3
Lime Lake,Total Phosphorus,2017-08-08,3.8
Lime Lake,Total Phosphorus,2017-09-12,4.1
Lime Lake,Total Phosphorus,2017-11-06,3.9
Lime Lake,Total Phosphorus,2018-05-15,2.7
Lime Lake,Total Phosphorus,2018-06-19,5.4
Lime Lake,Total Phosphorus,2018-07-18,4.1
Lime Lake,Total Phosphorus,2018-08-18,4.5
Lime Lake,Total Phosphorus,2018-08-18,5.7
Lime Lake,Total Phosphorus,2018-09-23,4.2
Lime Lake,Total Phosphorus,2018-10-30,4.7
Lime Lake,Total Phosphorus,2019-04-21,5.2
Lime Lake,Total Phosphorus,2019-06-16,5.8
Lime Lake,Total Phosphorus,2019-08-21,4.0
Lime Lake,Total Phosphorus,2019-09-17,4.7
Lime Lake,Total Phosphorus,2019-10-18,4.0
Lime Lake,Total Phosphorus,2020-05-12,4.6
Lime Lake,Total Phosphorus,2020-08-17,10.1
Lime Lake,Total Phosphorus,2020-09-21,11.3
Lime Lake,Total Phosphorus,2020-11-05,7.1
Lime Lake,Total Phosphorus,2021-05-13,3.5
Lime Lake,Total Phosphorus,2021-09-22,5.1
Lime Lake,Total Phosphorus,2022-05-23,5.6
Lime Lake,Total Phosphorus,2022-06-23,9.6
Lime Lake,Total Phosphorus,2022-08-04,8.7
Lime Lake,Total Phosphorus,2022-09-29,12.7
Lime Lake,Total Phosphorus,2022-10-31,14.1
Lime Lake,Total Phosphorus,2023-05-11,7.3
Lime Lake,Total Phosphorus,2023-06-07,10.9
Lime Lake,Total Phosphorus,2023-07-13,7.9
Lime Lake,Total Phosphorus,2023-08-08,8.1
Lime Lake,Total Phosphorus,2023-09-13,18.4
Lime Lake,Total Phosphorus,2023-10-05,17.7
Lime Lake,Total Phosphorus,2024-05-07,10.7
Lime Lake,Total Phosphorus,2024-06-14,8.8
Lime Lake,Total Phosphorus,2024-08-01,7.9
Lime Lake,Total Phosphorus,2024-09-10,3.8
Lime Lake,Total Phosphorus,2024-10-03,15.8
Lime Lake,Total Phosphorus,2025-05-09,8.5
Lime Lake,Total Phosphorus,2025-06-05,4.5
Lime Lake,Total Phosphorus,2025-07-02,4.7
Lime Lake,Total Phosphorus,2025-08-07,6.4
Lime Lake,Total Phosphorus,2025-09-10,5.1
Lime Lake,Total Phosphorus,2025-10-02,14.8
Little Glen Lake,Chlorophyll-a,1993-04-27,2.4
Little Glen Lake,Chlorophyll-a,1993-06-10,4.8
Little Glen Lake,Chlorophyll-a,1993-07-21,1.8
Little Glen Lake,Chlorophyll-a,1993-08-26,2.7
Little Glen Lake,Chlorophyll-a,1993-09-15,4.4
Little Glen Lake,Chlorophyll-a,1993-11-09,2.3
Little Glen Lake,Chlorophyll-a,1994-03-02,1.5
Little Glen Lake,Chlorophyll-a,1994-06-21,2.9
Little Glen Lake,Chlorophyll-a,1994-07-21,3.3
Little Glen Lake,Chlorophyll-a,1994-08-17,2.1
Little Glen Lake,Chlorophyll-a,1994-09-30,1.8
Little Glen Lake,Chlorophyll-a,1995-04-20,2.7
Little Glen Lake,Chlorophyll-a,1995-06-19,1.3
Little Glen Lake,Chlorophyll-a,1995-07-11,2.9
Little Glen Lake,Chlorophyll-a,1995-10-03,1.9
Little Glen Lake,Chlorophyll-a,1996-05-28,2.5
Little Glen Lake,Chlorophyll-a,1996-07-17,3.1
Little Glen Lake,Chlorophyll-a,1996-09-19,2.7
Little Glen Lake,Chlorophyll-a,1997-04-24,2.1
Little Glen Lake,Chlorophyll-a,1997-06-29,0.9
Little Glen Lake,Chlorophyll-a,1997-07-23,2.7
Little Glen Lake,Chlorophyll-a,1997-08-13,3.0
Little Glen Lake,Chlorophyll-a,1998-04-20,1.1
Little Glen Lake,Chlorophyll-a,1998-08-12,1.7
Little Glen Lake,Chlorophyll-a,1998-11-07,1.1
Little Glen Lake,Chlorophyll-a,1999-04-14,1.5
Little Glen Lake,Chlorophyll-a,1999-06-17,3.0
Little Glen Lake,Chlorophyll-a,1999-09-21,1.9
Little Glen Lake,Chlorophyll-a,2000-04-26,0.7
Little Glen Lake,Chlorophyll-a,2000-06-23,3.9
Little Glen Lake,Chlorophyll-a,2000-07-26,3.5
Little Glen Lake,Chlorophyll-a,2000-08-14,3.0
Little Glen Lake,Chlorophyll-a,2000-09-25,2.1
Little Glen Lake,Chlorophyll-a,2000-10-19,2.0
Little Glen Lake,Chlorophyll-a,2001-05-31,1.8
Little Glen Lake,Chlorophyll-a,2001-07-09,1.4
Little Glen Lake,Chlorophyll-a,2001-08-07,2.3
Little Glen Lake,Chlorophyll-a,2001-08-29,1.4
Little Glen Lake,Chlorophyll-a,2001-09-27,1.6
Little Glen Lake,Chlorophyll-a,2001-11-01,2.7
Little Glen Lake,Chlorophyll-a,2002-04-23,3.4
Little Glen Lake,Chlorophyll-a,2002-05-21,2.5
Little Glen Lake,Chlorophyll-a,2002-06-18,3.1
Little Glen Lake,Chlorophyll-a,2002-07-15,1.8
Little Glen Lake,Chlorophyll-a,2002-08-21,4.0
Little Glen Lake,Chlorophyll-a,2002-09-17,1.8
Little Glen Lake,Chlorophyll-a,2002-10-16,1.2
Little Glen Lake,Chlorophyll-a,2003-04-23,1.9
Little Glen Lake,Chlorophyll-a,2003-05-14,2.5
Little Glen Lake,Chlorophyll-a,2003-06-16,1.6
Little Glen Lake,Chlorophyll-a,2003-09-11,1.7
Little Glen Lake,Chlorophyll-a,2004-06-23,1.9
Little Glen Lake,Chlorophyll-a,2004-07-20,1.3
Little Glen Lake,Chlorophyll-a,2004-08-16,1.0
Little Glen Lake,Chlorophyll-a,2004-09-02,1.6
Little Glen Lake,Chlorophyll-a,2004-09-21,1.6
Little Glen Lake,Chlorophyll-a,2004-10-07,1.4
Little Glen Lake,Chlorophyll-a,2006-06-27,1.75
Little Glen Lake,Chlorophyll-a,2006-08-17,2.95
Little Glen Lake,Chlorophyll-a,2007-06-01,0.87
Little Glen Lake,Chlorophyll-a,2007-07-29,1.85
Little Glen Lake,Chlorophyll-a,2007-08-23,0.96
Little Glen Lake,Chlorophyll-a,2007-10-23,1.89
Little Glen Lake,Chlorophyll-a,2008-07-11,1.16
Little Glen Lake,Chlorophyll-a,2008-08-04,1.95
Little Glen Lake,Chlorophyll-a,2008-09-09,1.46
Little Glen Lake,Chlorophyll-a,2009-06-26,1.22
Little Glen Lake,Chlorophyll-a,2009-09-09,0.82
Little Glen Lake,Chlorophyll-a,2010-05-20,0.75
Little Glen Lake,Chlorophyll-a,2010-06-21,1.23
Little Glen Lake,Chlorophyll-a,2010-08-12,1.2
Little Glen Lake,Chlorophyll-a,2016-04-20,0.63
Little Glen Lake,Chlorophyll-a,2016-06-14,1.14
Little Glen Lake,Chlorophyll-a,2016-07-13,1.41
Little Glen Lake,Chlorophyll-a,2016-09-13,1.77
Little Glen Lake,Chlorophyll-a,2016-10-18,0.86
Little Glen Lake,Chlorophyll-a,2019-04-21,0.51
Little Glen Lake,Chlorophyll-a,2019-06-17,0.52
Little Glen Lake,Chlorophyll-a,2019-07-18,1.85
Little Glen Lake,Chlorophyll-a,2019-08-21,0.8
Little Glen Lake,Chlorophyll-a,2019-09-18,0.92
Little Glen Lake,Chlorophyll-a,2019-10-18,0.53
Little Glen Lake,Chlorophyll-a,2020-05-13,0.38
Little Glen Lake,Chlorophyll-a,2020-08-17,0.83
Little Glen Lake,Chlorophyll-a,2020-09-21,1.87
Little Glen Lake,Chlorophyll-a,2020-11-05,1.66
Little Glen Lake,Chlorophyll-a,2021-05-12,1.88
Little Glen Lake,Chlorophyll-a,2021-09-22,1.5
Little Glen Lake,Chlorophyll-a,2022-05-23,2.41
Little Glen Lake,Chlorophyll-a,2022-06-23,1.56
Little Glen Lake,Chlorophyll-a,2022-08-04,2.41
Little Glen Lake,Chlorophyll-a,2022-09-29,2.1
Little Glen Lake,Chlorophyll-a,2022-10-31,1.78
Little Glen Lake,Chlorophyll-a,2023-05-10,1.34
Little Glen Lake,Chlorophyll-a,2023-06-07,2.09
Little Glen Lake,Chlorophyll-a,2023-07-14,2.53
Little Glen Lake,Chlorophyll-a,2023-08-08,1.79
Little Glen Lake,Chlorophyll-a,2023-09-13,2.16
Little Glen Lake,Chlorophyll-a,2023-10-06,2.02
Little Glen Lake,Chlorophyll-a,2024-05-02,0.85
Little Glen Lake,Chlorophyll-a,2024-06-11,0.6
Little Glen Lake,Chlorophyll-a,2024-08-01,0.71
Little Glen Lake,Chlorophyll-a,2024-09-10,2.27
Little Glen Lake,Chlorophyll-a,2024-10-03,1.0
Little Glen Lake,Chlorophyll-a,2025-05-09,0.59
Little Glen Lake,Chlorophyll-a,2025-06-05,0.95
Little Glen Lake,Chlorophyll-a,2025-07-02,1.1
Little Glen Lake,Chlorophyll-a,2025-08-07,1.65
Little Glen Lake,Chlorophyll-a,2025-09-10,1.52
Little Glen Lake,Chlorophyll-a,2025-10-02,2.21
Little Glen Lake,Nitrate,1990-07-24,1.0
Little Glen Lake,Nitrate,1990-08-07,2.0
Little Glen Lake,Nitrate,1990-08-29,2.0
Little Glen Lake,Nitrate,1990-09-24,3.0
Little Glen Lake,Nitrate,1990-10-22,17.0
Little Glen Lake,Nitrate,1990-11-14,30.0
Little Glen Lake,Nitrate,1991-01-30,82.0
Little Glen Lake,Nitrate,1991-02-19,91.0
Little Glen Lake,Nitrate,1991-03-11,199.0
Little Glen Lake,Nitrate,1991-04-23,44.0
Little Glen Lake,Nitrate,1991-05-13,7.0
Little Glen Lake,Nitrate,1991-05-28,3.0
Little Glen Lake,Nitrate,1991-06-11,2.0
Little Glen Lake,Nitrate,1991-06-24,1.0
Little Glen Lake,Nitrate,1991-07-16,1.0
Little Glen Lake,Nitrate,1992-02-29,120.0
Little Glen Lake,Nitrate,1992-05-06,100.0
Little Glen Lake,Nitrate,1992-06-24,0.0
Little Glen Lake,Nitrate,1992-07-24,20.0
Little Glen Lake,Nitrate,1992-08-06,100.0
Little Glen Lake,Nitrate,1992-08-27,10.0
Little Glen Lake,Nitrate,1992-09-23,60.0
Little Glen Lake,Nitrate,1992-10-21,50.0
Little Glen Lake,Nitrate,1993-01-27,143.0
Little Glen Lake,Nitrate,1993-03-25,170.0
Little Glen Lake,Nitrate,1993-04-27,110.0
Little Glen Lake,Nitrate,1993-06-10,10.0
Little Glen Lake,Nitrate,1993-07-21,80.0
Little Glen Lake,Nitrate,1993-09-15,10.0
Little Glen Lake,Nitrate,1993-11-09,260.0
Little Glen Lake,Nitrate,1994-03-02,450.0
Little Glen Lake,Nitrate,1994-04-30,100.0
Little Glen Lake,Nitrate,1994-06-21,10.0
Little Glen Lake,Nitrate,1994-07-21,10.0
Little Glen Lake,Nitrate,1994-08-17,20.0
Little Glen Lake,Nitrate,1994-09-30,60.0
Little Glen Lake,Nitrate,1994-11-07,10.0
Little Glen Lake,Nitrate,1995-04-20,100.0
Little Glen Lake,Nitrate,1995-06-19,10.0
Little Glen Lake,Nitrate,1995-07-11,10.0
Little Glen Lake,Nitrate,1995-10-03,10.0
Little Glen Lake,Nitrate,1996-03-19,100.0
Little Glen Lake,Nitrate,1996-05-28,80.0
Little Glen Lake,Nitrate,1996-07-17,30.0
Little Glen Lake,Nitrate,1996-08-17,20.0
Little Glen Lake,Nitrate,1996-09-19,10.0
Little Glen Lake,Nitrate,1996-11-21,10.0
Little Glen Lake,Nitrate,1997-04-24,90.0
Little Glen Lake,Nitrate,1997-06-29,440.0
Little Glen Lake,Nitrate,1997-07-23,10.0
Little Glen Lake,Nitrate,1997-08-13,10.0
Little Glen Lake,Nitrate,1997-09-08,10.0
Little Glen Lake,Nitrate,1998-08-12,10.0
Little Glen Lake,Nitrate,1998-11-07,10.0
Little Glen Lake,Nitrate,1999-04-14,60.0
Little Glen Lake,Nitrate,1999-06-17,20.0
Little Glen Lake,Nitrate,1999-09-21,10.0
Little Glen Lake,Nitrate,2000-04-26,60.0
Little Glen Lake,Nitrate,2000-06-23,10.0
Little Glen Lake,Nitrate,2000-07-26,20.0
Little Glen Lake,Nitrate,2000-08-14,10.0
Little Glen Lake,Nitrate,2000-09-25,33.0
Little Glen Lake,Nitrate,2000-10-19,40.0
Little Glen Lake,Nitrate,2001-05-31,70.0
Little Glen Lake,Nitrate,2001-07-09,20.0
Little Glen Lake,Nitrate,2001-08-07,10.0
Little Glen Lake,Nitrate,2001-08-29,20.0
Little Glen Lake,Nitrate,2001-09-27,10.0
Little Glen Lake,Nitrate,2001-11-01,10.0
Little Glen Lake,Nitrate,2002-04-23,70.0
Little Glen Lake,Nitrate,2002-05-21,30.0
Little Glen Lake,Nitrate,2002-06-18,20.0
Little Glen Lake,Nitrate,2002-07-15,10.0
Little Glen Lake,Nitrate,2002-08-21,10.0
Little Glen Lake,Nitrate,2002-09-17,80.0
Little Glen Lake,Nitrate,2002-10-16,70.0
Little Glen Lake,Nitrate,2003-04-23,110.0
Little Glen Lake,Nitrate,2003-05-14,60.0
Little Glen Lake,Nitrate,2003-06-16,90.0
Little Glen Lake,Nitrate,2003-09-11,10.0
Little Glen Lake,Nitrate,2004-06-23,3.0
Little Glen Lake,Nitrate,2004-07-20,2.0
Little Glen Lake,Nitrate,2004-08-16,3.0
Little Glen Lake,Nitrate,2004-09-02,1.0
Little Glen Lake,Nitrate,2004-09-21,2.0
Little Glen Lake,Nitrate,2004-10-07,5.0
Little Glen Lake,Nitrate,2005-04-29,86.3
Little Glen Lake,Nitrate,2005-05-31,15.1
Little Glen Lake,Nitrate,2005-07-06,1.4
Little Glen Lake,Nitrate,2005-08-11,1.4
Little Glen Lake,Nitrate,2005-09-08,6.4
Little Glen Lake,Nitrate,2006-06-27,1.6
Little Glen Lake,Nitrate,2006-08-17,1.1
Little Glen Lake,Nitrate,2007-06-01,2.1
Little Glen Lake,Nitrate,2007-07-29,0.9
Little Glen Lake,Nitrate,2007-08-23,0.9
Little Glen Lake,Nitrate,2007-10-23,6.9
Little Glen Lake,Nitrate,2008-07-11,0.9
Little Glen Lake,Nitrate,2008-08-04,0.9
Little Glen Lake,Nitrate,2008-09-09,0.9
Little Glen Lake,Nitrate,2009-06-26,1.2
Little Glen Lake,Nitrate,2009-07-29,1.2
Little Glen Lake,Nitrate,2009-09-09,1.2
Little Glen Lake,Nitrate,2011-06-15,16.7
Little Glen Lake,Nitrate,2011-07-08,1.9
Little Glen Lake,Nitrate,2011-08-09,1.0
Little Glen Lake,Nitrate,2011-09-07,1.0
Little Glen Lake,Nitrate,2011-09-07,1.0
Little Glen Lake,Nitrate,2011-10-14,1.2
Little Glen Lake,Nitrate,2012-05-15,16.1
Little Glen Lake,Nitrate,2012-05-15,17.7
Little Glen Lake,Nitrate,2012-07-25,1.5
Little Glen Lake,Nitrate,2012-09-15,1.5
Little Glen Lake,Nitrate,2014-07-10,1.7
Little Glen Lake,Nitrate,2014-08-11,3.9
Little Glen Lake,Nitrate,2014-09-17,1.7
Little Glen Lake,Nitrate,2015-05-14,15.6
Little Glen Lake,Nitrate,2015-07-06,4.9
Little Glen Lake,Nitrate,2015-08-14,1.1
Little Glen Lake,Nitrate,2015-09-19,1.9
Little Glen Lake,Nitrate,2015-10-21,7.3
Little Glen Lake,Nitrate,2016-04-20,53.5
Little Glen Lake,Nitrate,2016-06-14,3.7
Little Glen Lake,Nitrate,2016-07-13,1.1
Little Glen Lake,Nitrate,2016-09-12,1.1
Little Glen Lake,Nitrate,2016-10-14,1.1
Little Glen Lake,Nitrate,2017-05-03,9.9
Little Glen Lake,Nitrate,2017-06-15,1.4
Little Glen Lake,Nitrate,2017-07-12,1.4
Little Glen Lake,Nitrate,2017-08-08,1.4
Little Glen Lake,Nitrate,2017-09-12,1.4
Little Glen Lake,Nitrate,2017-11-06,8.1
Little Glen Lake,Nitrate,2018-05-14,3.8
Little Glen Lake,Nitrate,2018-06-19,3.8
Little Glen Lake,Nitrate,2018-07-18,3.8
Little Glen Lake,Nitrate,2018-08-18,3.8
Little Glen Lake,Nitrate,2018-09-23,3.8
Little Glen Lake,Nitrate,2018-10-29,3.8
Little Glen Lake,Nitrate,2019-04-21,38.1
Little Glen Lake,Nitrate,2019-06-17,5.3
Little Glen Lake,Nitrate,2019-07-18,3.7
Little Glen Lake,Nitrate,2019-08-21,3.7
Little Glen Lake,Nitrate,2019-09-18,3.7
Little Glen Lake,Nitrate,2019-10-18,8.9
Little Glen Lake,Nitrate,2020-05-13,35.0
Little Glen Lake,Nitrate,2020-08-17,3.9
Little Glen Lake,Nitrate,2020-09-21,3.9
Little Glen Lake,Nitrate,2020-11-05,18.4
Little Glen Lake,Nitrate,2021-05-12,33.7
Little Glen Lake,Nitrate,2021-09-22,4.0
Little Glen Lake,Nitrate,2022-05-23,24.7
Little Glen Lake,Nitrate,2022-06-23,3.0
Little Glen Lake,Nitrate,2022-08-04,3.4
Little Glen Lake,Nitrate,2022-09-29,3.8
Little Glen Lake,Nitrate,2022-10-31,10.7
Little Glen Lake,Nitrate,2023-05-10,43.2
Little Glen Lake,Nitrate,2023-06-07,7.7
Little Glen Lake,Nitrate,2023-09-13,4.2
Little Glen Lake,Nitrate,2023-10-06,4.2
Little Glen Lake,Nitrate,2024-05-02,27.8
Little Glen Lake,Nitrate,2024-08-01,5.4
Little Glen Lake,Nitrate,2024-10-03,4.0
Little Glen Lake,Nitrate,2025-05-09,34.1
Little Glen Lake,Nitrate,2025-06-05,6.5
Little Glen Lake,Nitrate,2025-06-05,56.5
Little Glen Lake,Nitrate,2025-07-02,3.9
Little Glen Lake,Nitrate,2025-09-10,21.2
Little Glen Lake,Secchi Depth,1990-06-05,7.4
Little Glen Lake,Secchi Depth,1990-06-26,9.6
Little Glen Lake,Secchi Depth,1990-07-24,10.2
Little Glen Lake,Secchi Depth,1990-08-07,10
Little Glen Lake,Secchi Depth,1990-08-29,12.5
Little Glen Lake,Secchi Depth,1990-11-14,10.5
Little Glen Lake,Secchi Depth,1991-04-23,18.5
Little Glen Lake,Secchi Depth,1991-05-13,7.5
Little Glen Lake,Secchi Depth,1991-06-11,9
Little Glen Lake,Secchi Depth,1991-06-24,6.5
Little Glen Lake,Secchi Depth,1991-07-16,6
Little Glen Lake,Secchi Depth,1991-08-30,7
Little Glen Lake,Secchi Depth,1992-05-06,6
Little Glen Lake,Secchi Depth,1992-06-24,6.5
Little Glen Lake,Secchi Depth,1992-07-24,6.5
Little Glen Lake,Secchi Depth,1992-08-06,8.5
Little Glen Lake,Secchi Depth,1992-08-27,8
Little Glen Lake,Secchi Depth,1992-09-23,9.5
Little Glen Lake,Secchi Depth,1993-04-27,6.5
Little Glen Lake,Secchi Depth,1993-06-10,5.5
Little Glen Lake,Secchi Depth,1993-07-21,8
Little Glen Lake,Secchi Depth,1993-08-26,7.5
Little Glen Lake,Secchi Depth,1993-09-15,8
Little Glen Lake,Secchi Depth,1993-11-09,7.5
Little Glen Lake,Secchi Depth,1994-04-30,4.5
Little Glen Lake,Secchi Depth,1994-06-21,11
Little Glen Lake,Secchi Depth,1994-07-21,8.5
Little Glen Lake,Secchi Depth,1994-08-17,7.5
Little Glen Lake,Secchi Depth,1994-09-30,7
Little Glen Lake,Secchi Depth,1994-11-07,5.5
Little Glen Lake,Secchi Depth,1995-04-20,3.5
Little Glen Lake,Secchi Depth,1995-06-19,8.5
Little Glen Lake,Secchi Depth,1995-07-11,7
Little Glen Lake,Secchi Depth,1995-10-03,6.5
Little Glen Lake,Secchi Depth,1996-05-28,9.5
Little Glen Lake,Secchi Depth,1996-08-17,8.5
Little Glen Lake,Secchi Depth,1996-09-19,9.5
Little Glen Lake,Secchi Depth,1997-04-24,8.5
Little Glen Lake,Secchi Depth,1997-06-29,7.5
Little Glen Lake,Secchi Depth,1997-07-23,8
Little Glen Lake,Secchi Depth,1997-08-13,6
Little Glen Lake,Secchi Depth,1997-09-08,6.5
Little Glen Lake,Secchi Depth,1998-04-20,7.5
Little Glen Lake,Secchi Depth,1998-08-12,8.5
Little Glen Lake,Secchi Depth,1998-11-07,11
Little Glen Lake,Secchi Depth,1999-04-14,6.5
Little Glen Lake,Secchi Depth,1999-06-17,9
Little Glen Lake,Secchi Depth,1999-09-21,6.5
Little Glen Lake,Secchi Depth,2000-04-26,10
Little Glen Lake,Secchi Depth,2000-06-23,6
Little Glen Lake,Secchi Depth,2000-07-26,5
Little Glen Lake,Secchi Depth,2000-08-14,7
Little Glen Lake,Secchi Depth,2000-09-25,6
Little Glen Lake,Secchi Depth,2000-10-31,7
Little Glen Lake,Secchi Depth,2001-05-31,4.5
Little Glen Lake,Secchi Depth,2001-07-09,9.5
Little Glen Lake,Secchi Depth,2001-08-07,7
Little Glen Lake,Secchi Depth,2001-08-12,8
Little Glen Lake,Secchi Depth,2001-08-29,9
Little Glen Lake,Secchi Depth,2001-09-27,7
Little Glen Lake,Secchi Depth,2001-11-01,2.5
Little Glen Lake,Secchi Depth,2002-04-23,5.5
Little Glen Lake,Secchi Depth,2002-05-21,5.5
Little Glen Lake,Secchi Depth,2002-06-18,4
Little Glen Lake,Secchi Depth,2002-07-15,9
Little Glen Lake,Secchi Depth,2002-08-21,6
Little Glen Lake,Secchi Depth,2002-09-17,6.5
Little Glen Lake,Secchi Depth,2002-10-16,5
Little Glen Lake,Secchi Depth,2003-04-23,6
Little Glen Lake,Secchi Depth,2003-06-16,7
Little Glen Lake,Secchi Depth,2003-09-11,9
Little Glen Lake,Secchi Depth,2004-06-23,6.5
Little Glen Lake,Secchi Depth,2004-07-20,10.5
Little Glen Lake,Secchi Depth,2004-08-16,8
Little Glen Lake,Secchi Depth,2004-09-21,5.5
Little Glen Lake,Secchi Depth,2004-10-07,5.5
Little Glen Lake,Secchi Depth,2005-04-29,9
Little Glen Lake,Secchi Depth,2005-05-31,6
Little Glen Lake,Secchi Depth,2005-07-06,6
Little Glen Lake,Secchi Depth,2005-08-11,6.5
Little Glen Lake,Secchi Depth,2005-09-08,6
Little Glen Lake,Secchi Depth,2006-06-27,10.5
Little Glen Lake,Secchi Depth,2006-08-17,8.5
Little Glen Lake,Secchi Depth,2007-06-01,13
Little Glen Lake,Secchi Depth,2007-07-29,9
Little Glen Lake,Secchi Depth,2007-08-23,7
Little Glen Lake,Secchi Depth,2007-10-23,12
Little Glen Lake,Secchi Depth,2008-07-11,11.5
Little Glen Lake,Secchi Depth,2008-08-04,9
Little Glen Lake,Secchi Depth,2008-09-09,6.5
Little Glen Lake,Secchi Depth,2009-06-26,12
Little Glen Lake,Secchi Depth,2009-07-29,12
Little Glen Lake,Secchi Depth,2009-09-09,13
Little Glen Lake,Secchi Depth,2010-05-20,11.5
Little Glen Lake,Secchi Depth,2010-06-21,6.5
Little Glen Lake,Secchi Depth,2010-08-12,6
Little Glen Lake,Secchi Depth,2011-06-14,9
Little Glen Lake,Secchi Depth,2011-07-06,13
Little Glen Lake,Secchi Depth,2011-08-04,11
Little Glen Lake,Secchi Depth,2011-09-01,12
Little Glen Lake,Secchi Depth,2011-10-10,12.5
Little Glen Lake,Secchi Depth,2012-05-01,13
Little Glen Lake,Secchi Depth,2012-07-16,10
Little Glen Lake,Secchi Depth,2012-09-15,8
Little Glen Lake,Secchi Depth,2014-07-10,11
Little Glen Lake,Secchi Depth,2014-08-11,5
Little Glen Lake,Secchi Depth,2014-09-17,7
Little Glen Lake,Secchi Depth,2015-05-14,6.5
Little Glen Lake,Secchi Depth,2015-07-14,12
Little Glen Lake,Secchi Depth,2015-08-14,6.5
Little Glen Lake,Secchi Depth,2015-09-19,6.5
Little Glen Lake,Secchi Depth,2015-10-21,12
Little Glen Lake,Secchi Depth,2016-04-20,6.5
Little Glen Lake,Secchi Depth,2016-06-14,10
Little Glen Lake,Secchi Depth,2016-07-13,11.5
Little Glen Lake,Secchi Depth,2016-08-25,9
Little Glen Lake,Secchi Depth,2016-09-28,8.5
Little Glen Lake,Secchi Depth,2016-11-01,11.5
Little Glen Lake,Secchi Depth,2017-05-03,8.5
Little Glen Lake,Secchi Depth,2017-06-15,13
Little Glen Lake,Secchi Depth,2017-07-12,12.8
Little Glen Lake,Secchi Depth,2017-08-08,12.5
Little Glen Lake,Secchi Depth,2017-09-12,12
Little Glen Lake,Secchi Depth,2017-11-06,10
Little Glen Lake,Secchi Depth,2018-05-14,13
Little Glen Lake,Secchi Depth,2018-06-19,12.5
Little Glen Lake,Secchi Depth,2018-08-18,10.5
Little Glen Lake,Secchi Depth,2018-09-23,12.5
Little Glen Lake,Secchi Depth,2018-10-29,12
Little Glen Lake,Secchi Depth,2019-05-21,8.5
Little Glen Lake,Secchi Depth,2019-06-17,12
Little Glen Lake,Secchi Depth,2019-07-18,10.5
Little Glen Lake,Secchi Depth,2019-08-21,12
Little Glen Lake,Secchi Depth,2019-09-17,12
Little Glen Lake,Secchi Depth,2019-10-18,12
Little Glen Lake,Secchi Depth,2020-05-13,13
Little Glen Lake,Secchi Depth,2020-08-17,8
Little Glen Lake,Secchi Depth,2020-09-21,11.5
Little Glen Lake,Secchi Depth,2020-11-05,2
Little Glen Lake,Secchi Depth,2021-05-12,6.5
Little Glen Lake,Secchi Depth,2021-06-29,13
Little Glen Lake,Secchi Depth,2021-07-29,12.5
Little Glen Lake,Secchi Depth,2021-08-24,10.5
Little Glen Lake,Secchi Depth,2021-09-22,8
Little Glen Lake,Secchi Depth,2021-10-26,12
Little Glen Lake,Secchi Depth,2022-05-23,8
Little Glen Lake,Secchi Depth,2022-06-23,12
Little Glen Lake,Secchi Depth,2022-08-04,8
Little Glen Lake,Secchi Depth,2022-09-29,8
Little Glen Lake,Secchi Depth,2022-10-31,8
Little Glen Lake,Secchi Depth,2023-05-10,9.5
Little Glen Lake,Secchi Depth,2023-06-07,7
Little Glen Lake,Secchi Depth,2023-07-14,13
Little Glen Lake,Secchi Depth,2023-08-08,12.5
Little Glen Lake,Secchi Depth,2023-09-13,9.5
Little Glen Lake,Secchi Depth,2023-10-06,9
Little Glen Lake,Secchi Depth,2024-05-02,9.5
Little Glen Lake,Secchi Depth,2024-06-11,12.75
Little Glen Lake,Secchi Depth,2024-08-01,8
Little Glen Lake,Secchi Depth,2024-09-10,9.5
Little Glen Lake,Secchi Depth,2024-10-03,7
Little Glen Lake,Secchi Depth,2025-05-09,7.5
Little Glen Lake,Secchi Depth,2025-06-05,7.5
Little Glen Lake,Secchi Depth,2025-07-02,9
Little Glen Lake,Secchi Depth,2025-08-07,10
Little Glen Lake,Secchi Depth,2025-09-10,8
Little Glen Lake,Secchi Depth,2025-10-02,9.5
Little Glen Lake,Total Phosphorus,1990-07-24,1.0
Little Glen Lake,Total Phosphorus,1990-08-07,9.0
Little Glen Lake,Total Phosphorus,1990-08-29,5.0
Little Glen Lake,Total Phosphorus,1990-09-24,9.0
Little Glen Lake,Total Phosphorus,1990-10-22,6.0
Little Glen Lake,Total Phosphorus,1990-11-14,7.0
Little Glen Lake,Total Phosphorus,1991-01-30,9.0
Little Glen Lake,Total Phosphorus,1991-02-19,5.0
Little Glen Lake,Total Phosphorus,1991-03-11,6.0
Little Glen Lake,Total Phosphorus,1991-04-23,4.0
Little Glen Lake,Total Phosphorus,1991-05-13,7.0
Little Glen Lake,Total Phosphorus,1991-05-28,20.0
Little Glen Lake,Total Phosphorus,1991-06-11,7.0
Little Glen Lake,Total Phosphorus,1991-06-24,8.0
Little Glen Lake,Total Phosphorus,1991-07-16,6.0
Little Glen Lake,Total Phosphorus,1992-02-29,5.2
Little Glen Lake,Total Phosphorus,1992-03-19,4.4
Little Glen Lake,Total Phosphorus,1992-05-06,5.5
Little Glen Lake,Total Phosphorus,1992-06-24,7.6
Little Glen Lake,Total Phosphorus,1992-07-24,6.5
Little Glen Lake,Total Phosphorus,1992-08-06,7.6
Little Glen Lake,Total Phosphorus,1992-08-27,7.1
Little Glen Lake,Total Phosphorus,1992-09-23,6.2
Little Glen Lake,Total Phosphorus,1992-10-21,7.1
Little Glen Lake,Total Phosphorus,1993-01-27,5.0
Little Glen Lake,Total Phosphorus,1993-03-25,3.7
Little Glen Lake,Total Phosphorus,1993-04-27,7.3
Little Glen Lake,Total Phosphorus,1993-06-10,8.7
Little Glen Lake,Total Phosphorus,1993-07-21,7.0
Little Glen Lake,Total Phosphorus,1993-09-15,8.0
Little Glen Lake,Total Phosphorus,1993-11-09,6.6
Little Glen Lake,Total Phosphorus,1994-03-02,5.6
Little Glen Lake,Total Phosphorus,1994-04-30,8.0
Little Glen Lake,Total Phosphorus,1994-06-21,7.8
Little Glen Lake,Total Phosphorus,1994-07-21,5.2
Little Glen Lake,Total Phosphorus,1994-08-17,6.2
Little Glen Lake,Total Phosphorus,1994-09-30,6.8
Little Glen Lake,Total Phosphorus,1994-11-07,7.4
Little Glen Lake,Total Phosphorus,1995-04-20,6.4
Little Glen Lake,Total Phosphorus,1995-06-19,7.3
Little Glen Lake,Total Phosphorus,1995-07-11,6.9
Little Glen Lake,Total Phosphorus,1995-10-03,5.7
Little Glen Lake,Total Phosphorus,1996-03-19,5.1
Little Glen Lake,Total Phosphorus,1996-05-28,6.6
Little Glen Lake,Total Phosphorus,1996-07-17,9.3
Little Glen Lake,Total Phosphorus,1996-08-17,7.4
Little Glen Lake,Total Phosphorus,1996-09-19,5.1
Little Glen Lake,Total Phosphorus,1996-11-21,3.0
Little Glen Lake,Total Phosphorus,1997-04-24,5.0
Little Glen Lake,Total Phosphorus,1997-06-29,2.5
Little Glen Lake,Total Phosphorus,1997-07-23,6.7
Little Glen Lake,Total Phosphorus,1997-08-13,6.8
Little Glen Lake,Total Phosphorus,1997-09-08,7.6
Little Glen Lake,Total Phosphorus,1998-08-12,3.7
Little Glen Lake,Total Phosphorus,1998-11-07,7.8
Little Glen Lake,Total Phosphorus,1999-04-14,2.7
Little Glen Lake,Total Phosphorus,1999-06-17,3.7
Little Glen Lake,Total Phosphorus,1999-09-21,5.6
Little Glen Lake,Total Phosphorus,2000-04-26,4.2
Little Glen Lake,Total Phosphorus,2000-06-23,8.4
Little Glen Lake,Total Phosphorus,2000-07-26,6.4
Little Glen Lake,Total Phosphorus,2000-08-14,1.1
Little Glen Lake,Total Phosphorus,2000-09-25,7.5
Little Glen Lake,Total Phosphorus,2000-10-19,5.1
Little Glen Lake,Total Phosphorus,2001-05-31,6.2
Little Glen Lake,Total Phosphorus,2001-07-09,3.7
Little Glen Lake,Total Phosphorus,2001-08-07,5.4
Little Glen Lake,Total Phosphorus,2001-08-29,4.4
Little Glen Lake,Total Phosphorus,2001-09-27,7.3
Little Glen Lake,Total Phosphorus,2001-11-01,8.9
Little Glen Lake,Total Phosphorus,2002-04-23,5.5
Little Glen Lake,Total Phosphorus,2002-05-21,6.3
Little Glen Lake,Total Phosphorus,2002-06-18,8.3
Little Glen Lake,Total Phosphorus,2002-07-15,8.0
Little Glen Lake,Total Phosphorus,2002-08-21,9.7
Little Glen Lake,Total Phosphorus,2002-09-17,4.9
Little Glen Lake,Total Phosphorus,2002-10-16,8.6
Little Glen Lake,Total Phosphorus,2003-04-23,9.7
Little Glen Lake,Total Phosphorus,2003-05-14,5.9
Little Glen Lake,Total Phosphorus,2003-06-16,9.1
Little Glen Lake,Total Phosphorus,2003-09-11,6.1
Little Glen Lake,Total Phosphorus,2004-06-23,6.0
Little Glen Lake,Total Phosphorus,2004-07-20,5.3
Little Glen Lake,Total Phosphorus,2004-08-16,6.6
Little Glen Lake,Total Phosphorus,2004-09-02,6.9
Little Glen Lake,Total Phosphorus,2004-09-21,9.0
Little Glen Lake,Total Phosphorus,2004-10-07,8.3
Little Glen Lake,Total Phosphorus,2005-04-29,4.3
Little Glen Lake,Total Phosphorus,2005-05-31,5.9
Little Glen Lake,Total Phosphorus,2005-07-06,5.8
Little Glen Lake,Total Phosphorus,2005-08-11,8.4
Little Glen Lake,Total Phosphorus,2005-09-08,5.0
Little Glen Lake,Total Phosphorus,2006-06-27,5.5
Little Glen Lake,Total Phosphorus,2006-08-17,5.2
Little Glen Lake,Total Phosphorus,2007-06-01,3.9
Little Glen Lake,Total Phosphorus,2007-07-29,4.8
Little Glen Lake,Total Phosphorus,2007-08-23,5.0
Little Glen Lake,Total Phosphorus,2007-10-23,9.6
Little Glen Lake,Total Phosphorus,2008-07-11,6.9
Little Glen Lake,Total Phosphorus,2008-08-04,6.0
Little Glen Lake,Total Phosphorus,2008-09-09,7.4
Little Glen Lake,Total Phosphorus,2009-06-26,9.4
Little Glen Lake,Total Phosphorus,2009-07-29,7.6
Little Glen Lake,Total Phosphorus,2009-09-09,3.7
Little Glen Lake,Total Phosphorus,2010-05-20,4.4
Little Glen Lake,Total Phosphorus,2010-06-21,5.9
Little Glen Lake,Total Phosphorus,2010-08-12,5.2
Little Glen Lake,Total Phosphorus,2011-06-15,9.4
Little Glen Lake,Total Phosphorus,2011-07-08,6.5
Little Glen Lake,Total Phosphorus,2011-08-09,5.8
Little Glen Lake,Total Phosphorus,2011-09-07,7.6
Little Glen Lake,Total Phosphorus,2011-09-07,7.7
Little Glen Lake,Total Phosphorus,2011-10-14,2.9
Little Glen Lake,Total Phosphorus,2012-05-15,4.0
Little Glen Lake,Total Phosphorus,2012-05-15,4.3
Little Glen Lake,Total Phosphorus,2012-07-25,2.2
Little Glen Lake,Total Phosphorus,2012-09-15,4.4
Little Glen Lake,Total Phosphorus,2014-07-10,5.1
Little Glen Lake,Total Phosphorus,2014-08-11,6.5
Little Glen Lake,Total Phosphorus,2014-09-17,7.2
Little Glen Lake,Total Phosphorus,2015-05-14,5.4
Little Glen Lake,Total Phosphorus,2015-07-06,7.2
Little Glen Lake,Total Phosphorus,2015-08-14,4.7
Little Glen Lake,Total Phosphorus,2015-09-19,3.7
Little Glen Lake,Total Phosphorus,2015-10-21,5.2
Little Glen Lake,Total Phosphorus,2016-04-20,4.2
Little Glen Lake,Total Phosphorus,2016-06-14,5.3
Little Glen Lake,Total Phosphorus,2016-07-13,8.7
Little Glen Lake,Total Phosphorus,2016-09-07,3.8
Little Glen Lake,Total Phosphorus,2016-10-17,1.9
Little Glen Lake,Total Phosphorus,2017-05-03,6.3
Little Glen Lake,Total Phosphorus,2017-06-15,4.1
Little Glen Lake,Total Phosphorus,2017-07-12,4.2
Little Glen Lake,Total Phosphorus,2017-08-08,5.9
Little Glen Lake,Total Phosphorus,2017-09-12,4.4
Little Glen Lake,Total Phosphorus,2017-11-06,4.5
Little Glen Lake,Total Phosphorus,2018-05-14,4.0
Little Glen Lake,Total Phosphorus,2018-06-19,5.8
Little Glen Lake,Total Phosphorus,2018-07-18,5.9
Little Glen Lake,Total Phosphorus,2018-08-18,5.8
Little Glen Lake,Total Phosphorus,2018-09-23,4.1
Little Glen Lake,Total Phosphorus,2018-10-29,4.6
Little Glen Lake,Total Phosphorus,2019-04-21,4.5
Little Glen Lake,Total Phosphorus,2019-06-17,2.3
Little Glen Lake,Total Phosphorus,2019-07-18,9.4
Little Glen Lake,Total Phosphorus,2019-08-21,2.8
Little Glen Lake,Total Phosphorus,2019-09-18,5.8
Little Glen Lake,Total Phosphorus,2019-10-18,4.3
Little Glen Lake,Total Phosphorus,2020-05-13,3.8
Little Glen Lake,Total Phosphorus,2020-08-17,13.7
Little Glen Lake,Total Phosphorus,2020-09-21,10.2
Little Glen Lake,Total Phosphorus,2020-11-05,13.1
Little Glen Lake,Total Phosphorus,2021-05-12,7.3
Little Glen Lake,Total Phosphorus,2021-09-22,18.7
Little Glen Lake,Total Phosphorus,2022-05-23,8.9
Little Glen Lake,Total Phosphorus,2022-06-23,10.4
Little Glen Lake,Total Phosphorus,2022-08-04,5.0
Little Glen Lake,Total Phosphorus,2022-09-29,4.2
Little Glen Lake,Total Phosphorus,2022-10-31,4.7
Little Glen Lake,Total Phosphorus,2023-05-10,10.5
Little Glen Lake,Total Phosphorus,2023-06-07,7.0
Little Glen Lake,Total Phosphorus,2023-07-14,6.6
Little Glen Lake,Total Phosphorus,2023-08-08,9.9
Little Glen Lake,Total Phosphorus,2023-09-13,20.8
Little Glen Lake,Total Phosphorus,2023-10-06,6.8
Little Glen Lake,Total Phosphorus,2024-05-02,7.9
Little Glen Lake,Total Phosphorus,2024-06-11,4.6
Little Glen Lake,Total Phosphorus,2024-08-01,4.9
Little Glen Lake,Total Phosphorus,2024-09-10,8.8
Little Glen Lake,Total Phosphorus,2024-10-03,7.1
Little Glen Lake,Total Phosphorus,2025-05-09,8.2
Little Glen Lake,Total Phosphorus,2025-05-09,25.4
Little Glen Lake,Total Phosphorus,2025-06-05,9.9
Little Glen Lake,Total Phosphorus,2025-07-02,7.8
Little Glen Lake,Total Phosphorus,2025-08-07,4.9
Little Glen Lake,Total Phosphorus,2025-09-10,7.0
Little Glen Lake,Total Phosphorus,2025-10-02,6.5
Little Traverse Lake,Chlorophyll-a,1993-04-27,2.9
Little Traverse Lake,Chlorophyll-a,1993-06-10,3.3
Little Traverse Lake,Chlorophyll-a,1993-07-21,2.2
Little Traverse Lake,Chlorophyll-a,1993-08-25,2.4
Little Traverse Lake,Chlorophyll-a,1993-09-15,5.0
Little Traverse Lake,Chlorophyll-a,1993-11-09,2.8
Little Traverse Lake,Chlorophyll-a,1994-03-01,1.4
Little Traverse Lake,Chlorophyll-a,1994-04-29,4.5
Little Traverse Lake,Chlorophyll-a,1994-06-21,3.0
Little Traverse Lake,Chlorophyll-a,1994-07-19,3.5
Little Traverse Lake,Chlorophyll-a,1994-08-17,4.6
Little Traverse Lake,Chlorophyll-a,1994-09-29,3.4
Little Traverse Lake,Chlorophyll-a,1995-04-20,2.5
Little Traverse Lake,Chlorophyll-a,1995-05-24,2.7
Little Traverse Lake,Chlorophyll-a,1995-06-09,2.5
Little Traverse Lake,Chlorophyll-a,1995-06-19,2.6
Little Traverse Lake,Chlorophyll-a,1995-07-10,1.8
Little Traverse Lake,Chlorophyll-a,1995-07-25,2.5
Little Traverse Lake,Chlorophyll-a,1995-08-11,3.0
Little Traverse Lake,Chlorophyll-a,1995-08-29,2.4
Little Traverse Lake,Chlorophyll-a,1995-09-08,5.8
Little Traverse Lake,Chlorophyll-a,1995-09-28,6.8
Little Traverse Lake,Chlorophyll-a,1995-10-12,4.7
Little Traverse Lake,Chlorophyll-a,1996-05-28,1.7
Little Traverse Lake,Chlorophyll-a,1996-07-16,2.0
Little Traverse Lake,Chlorophyll-a,1996-09-19,3.8
Little Traverse Lake,Chlorophyll-a,1996-11-21,2.4
Little Traverse Lake,Chlorophyll-a,1997-04-24,1.8
Little Traverse Lake,Chlorophyll-a,1997-06-29,2.3
Little Traverse Lake,Chlorophyll-a,1997-07-23,2.4
Little Traverse Lake,Chlorophyll-a,1997-08-12,1.6
Little Traverse Lake,Chlorophyll-a,1998-04-29,3.4
Little Traverse Lake,Chlorophyll-a,1998-05-14,2.0
Little Traverse Lake,Chlorophyll-a,1998-06-06,1.2
Little Traverse Lake,Chlorophyll-a,1998-06-20,2.3
Little Traverse Lake,Chlorophyll-a,1998-07-16,1.9
Little Traverse Lake,Chlorophyll-a,1998-08-17,3.2
Little Traverse Lake,Chlorophyll-a,1998-09-04,2.9
Little Traverse Lake,Chlorophyll-a,1998-09-23,4.4
Little Traverse Lake,Chlorophyll-a,1998-10-11,4.0
Little Traverse Lake,Chlorophyll-a,1998-11-09,2.9
Little Traverse Lake,Chlorophyll-a,1999-04-14,2.3
Little Traverse Lake,Chlorophyll-a,1999-04-25,2.6
Little Traverse Lake,Chlorophyll-a,1999-05-01,1.4
Little Traverse Lake,Chlorophyll-a,1999-05-09,1.2
Little Traverse Lake,Chlorophyll-a,1999-05-14,1.0
Little Traverse Lake,Chlorophyll-a,1999-05-23,2.4
Little Traverse Lake,Chlorophyll-a,1999-06-01,2.8
Little Traverse Lake,Chlorophyll-a,1999-06-09,2.4
Little Traverse Lake,Chlorophyll-a,1999-06-16,2.0
Little Traverse Lake,Chlorophyll-a,1999-06-23,1.7
Little Traverse Lake,Chlorophyll-a,1999-06-28,1.7
Little Traverse Lake,Chlorophyll-a,1999-07-06,1.3
Little Traverse Lake,Chlorophyll-a,1999-07-08,1.6
Little Traverse Lake,Chlorophyll-a,1999-07-12,2.2
Little Traverse Lake,Chlorophyll-a,1999-07-15,2.0
Little Traverse Lake,Chlorophyll-a,1999-07-19,2.1
Little Traverse Lake,Chlorophyll-a,1999-07-22,1.9
Little Traverse Lake,Chlorophyll-a,1999-07-27,2.1
Little Traverse Lake,Chlorophyll-a,1999-07-30,1.7
Little Traverse Lake,Chlorophyll-a,1999-08-04,2.2
Little Traverse Lake,Chlorophyll-a,1999-08-11,2.2
Little Traverse Lake,Chlorophyll-a,1999-08-15,2.0
Little Traverse Lake,Chlorophyll-a,1999-08-23,1.7
Little Traverse Lake,Chlorophyll-a,1999-09-12,3.3
Little Traverse Lake,Chlorophyll-a,1999-09-13,3.7
Little Traverse Lake,Chlorophyll-a,1999-09-15,2.8
Little Traverse Lake,Chlorophyll-a,1999-10-03,4.2
Little Traverse Lake,Chlorophyll-a,1999-10-24,1.7
Little Traverse Lake,Chlorophyll-a,2000-04-26,1.9
Little Traverse Lake,Chlorophyll-a,2000-06-21,2.6
Little Traverse Lake,Chlorophyll-a,2000-07-25,1.6
Little Traverse Lake,Chlorophyll-a,2000-08-14,1.6
Little Traverse Lake,Chlorophyll-a,2000-09-06,2.6
Little Traverse Lake,Chlorophyll-a,2000-10-31,0.9
Little Traverse Lake,Chlorophyll-a,2001-05-31,2.5
Little Traverse Lake,Chlorophyll-a,2001-07-09,2.3
Little Traverse Lake,Chlorophyll-a,2001-08-08,1.5
Little Traverse Lake,Chlorophyll-a,2001-08-28,2.6
Little Traverse Lake,Chlorophyll-a,2001-09-12,2.8
Little Traverse Lake,Chlorophyll-a,2001-11-01,2.7
Little Traverse Lake,Chlorophyll-a,2002-04-16,1.8
Little Traverse Lake,Chlorophyll-a,2002-05-21,1.2
Little Traverse Lake,Chlorophyll-a,2002-06-17,2.1
Little Traverse Lake,Chlorophyll-a,2002-07-16,2.2
Little Traverse Lake,Chlorophyll-a,2002-08-05,3.5
Little Traverse Lake,Chlorophyll-a,2002-08-30,2.9
Little Traverse Lake,Chlorophyll-a,2002-09-23,2.1
Little Traverse Lake,Chlorophyll-a,2002-10-15,1.5
Little Traverse Lake,Chlorophyll-a,2003-04-23,0.8
Little Traverse Lake,Chlorophyll-a,2003-05-13,0.5
Little Traverse Lake,Chlorophyll-a,2003-06-11,0.7
Little Traverse Lake,Chlorophyll-a,2003-07-08,1.7
Little Traverse Lake,Chlorophyll-a,2003-07-23,3.4
Little Traverse Lake,Chlorophyll-a,2003-08-12,3.3
Little Traverse Lake,Chlorophyll-a,2003-09-10,2.6
Little Traverse Lake,Chlorophyll-a,2003-09-29,3.4
Little Traverse Lake,Chlorophyll-a,2003-10-23,1.2
Little Traverse Lake,Chlorophyll-a,2004-05-06,0.5
Little Traverse Lake,Chlorophyll-a,2004-06-22,0.9
Little Traverse Lake,Chlorophyll-a,2004-07-05,1.3
Little Traverse Lake,Chlorophyll-a,2004-07-13,1.3
Little Traverse Lake,Chlorophyll-a,2004-07-19,1.3
Little Traverse Lake,Chlorophyll-a,2004-07-26,3.3
Little Traverse Lake,Chlorophyll-a,2004-08-03,1.8
Little Traverse Lake,Chlorophyll-a,2004-08-09,1.4
Little Traverse Lake,Chlorophyll-a,2004-08-16,1.8
Little Traverse Lake,Chlorophyll-a,2004-08-23,2.5
Little Traverse Lake,Chlorophyll-a,2004-08-30,2.9
Little Traverse Lake,Chlorophyll-a,2004-09-07,2.7
Little Traverse Lake,Chlorophyll-a,2004-09-13,1.8
Little Traverse Lake,Chlorophyll-a,2004-09-21,1.6
Little Traverse Lake,Chlorophyll-a,2004-09-28,1.0
Little Traverse Lake,Chlorophyll-a,2004-10-20,1.6
Little Traverse Lake,Chlorophyll-a,2005-04-21,1.17
Little Traverse Lake,Chlorophyll-a,2005-05-18,0.71
Little Traverse Lake,Chlorophyll-a,2005-06-07,0.97
Little Traverse Lake,Chlorophyll-a,2005-06-13,0.8
Little Traverse Lake,Chlorophyll-a,2005-06-20,3.05
Little Traverse Lake,Chlorophyll-a,2005-06-30,1.06
Little Traverse Lake,Chlorophyll-a,2005-07-06,1.56
Little Traverse Lake,Chlorophyll-a,2005-07-14,2.54
Little Traverse Lake,Chlorophyll-a,2005-07-21,4.18
Little Traverse Lake,Chlorophyll-a,2005-07-29,5.65
Little Traverse Lake,Chlorophyll-a,2005-08-02,4.3
Little Traverse Lake,Chlorophyll-a,2005-08-09,4.89
Little Traverse Lake,Chlorophyll-a,2005-08-16,3.89
Little Traverse Lake,Chlorophyll-a,2005-08-31,4.39
Little Traverse Lake,Chlorophyll-a,2005-09-08,4.52
Little Traverse Lake,Chlorophyll-a,2005-09-27,2.75
Little Traverse Lake,Chlorophyll-a,2006-04-28,0.68
Little Traverse Lake,Chlorophyll-a,2006-06-28,1.87
Little Traverse Lake,Chlorophyll-a,2006-07-13,2.29
Little Traverse Lake,Chlorophyll-a,2006-07-25,2.29
Little Traverse Lake,Chlorophyll-a,2006-08-10,4.3
Little Traverse Lake,Chlorophyll-a,2006-09-05,2.18
Little Traverse Lake,Chlorophyll-a,2006-10-10,1.47
Little Traverse Lake,Chlorophyll-a,2007-05-31,1.31
Little Traverse Lake,Chlorophyll-a,2007-07-26,1.5
Little Traverse Lake,Chlorophyll-a,2007-08-21,1.91
Little Traverse Lake,Chlorophyll-a,2007-10-08,1.14
Little Traverse Lake,Chlorophyll-a,2008-05-29,1.09
Little Traverse Lake,Chlorophyll-a,2008-07-08,1.65
Little Traverse Lake,Chlorophyll-a,2008-07-31,1.37
Little Traverse Lake,Chlorophyll-a,2008-09-02,2.54
Little Traverse Lake,Chlorophyll-a,2009-06-24,1.46
Little Traverse Lake,Chlorophyll-a,2009-07-20,1.3
Little Traverse Lake,Chlorophyll-a,2009-09-08,1.17
Little Traverse Lake,Chlorophyll-a,2010-05-26,1.37
Little Traverse Lake,Chlorophyll-a,2010-06-21,0.78
Little Traverse Lake,Chlorophyll-a,2010-08-12,1.52
Little Traverse Lake,Chlorophyll-a,2016-04-20,1.14
Little Traverse Lake,Chlorophyll-a,2016-06-14,0.89
Little Traverse Lake,Chlorophyll-a,2016-07-13,0.64
Little Traverse Lake,Chlorophyll-a,2016-09-13,2.03
Little Traverse Lake,Chlorophyll-a,2016-10-18,2.69
Little Traverse Lake,Chlorophyll-a,2019-04-21,1.28
Little Traverse Lake,Chlorophyll-a,2019-06-16,1.94
Little Traverse Lake,Chlorophyll-a,2019-07-18,0.92
Little Traverse Lake,Chlorophyll-a,2019-08-21,0.53
Little Traverse Lake,Chlorophyll-a,2019-09-17,1.31
Little Traverse Lake,Chlorophyll-a,2019-10-18,0.66
Little Traverse Lake,Chlorophyll-a,2020-05-12,0.46
Little Traverse Lake,Chlorophyll-a,2020-08-17,0.35
Little Traverse Lake,Chlorophyll-a,2020-09-21,3.89
Little Traverse Lake,Chlorophyll-a,2020-11-05,2.49
Little Traverse Lake,Chlorophyll-a,2021-05-13,1.5
Little Traverse Lake,Chlorophyll-a,2021-09-22,0.9
Little Traverse Lake,Chlorophyll-a,2022-05-23,1.21
Little Traverse Lake,Chlorophyll-a,2022-06-23,1.77
Little Traverse Lake,Chlorophyll-a,2022-08-04,2.55
Little Traverse Lake,Chlorophyll-a,2022-09-29,1.54
Little Traverse Lake,Chlorophyll-a,2022-10-31,2.85
Little Traverse Lake,Chlorophyll-a,2023-05-11,1.19
Little Traverse Lake,Chlorophyll-a,2023-06-07,1.79
Little Traverse Lake,Chlorophyll-a,2023-07-13,2.31
Little Traverse Lake,Chlorophyll-a,2023-08-08,2.01
Little Traverse Lake,Chlorophyll-a,2023-09-13,1.34
Little Traverse Lake,Chlorophyll-a,2023-10-05,2.46
Little Traverse Lake,Chlorophyll-a,2024-05-07,0.85
Little Traverse Lake,Chlorophyll-a,2024-06-11,0.6
Little Traverse Lake,Chlorophyll-a,2024-08-01,0.57
Little Traverse Lake,Chlorophyll-a,2024-09-10,0.99
Little Traverse Lake,Chlorophyll-a,2024-10-03,1.71
Little Traverse Lake,Chlorophyll-a,2025-05-09,1.05
Little Traverse Lake,Chlorophyll-a,2025-06-05,1.07
Little Traverse Lake,Chlorophyll-a,2025-07-02,0.82
Little Traverse Lake,Chlorophyll-a,2025-08-07,2.59
Little Traverse Lake,Chlorophyll-a,2025-09-10,3.78
Little Traverse Lake,Chlorophyll-a,2025-10-02,2.28
Little Traverse Lake,Nitrate,1991-08-20,70.0
Little Traverse Lake,Nitrate,1991-09-24,130.0
Little Traverse Lake,Nitrate,1992-02-28,190.0
Little Traverse Lake,Nitrate,1992-05-06,190.0
Little Traverse Lake,Nitrate,1992-06-24,97.0
Little Traverse Lake,Nitrate,1992-07-24,60.0
Little Traverse Lake,Nitrate,1992-08-06,100.0
Little Traverse Lake,Nitrate,1992-08-25,90.0
Little Traverse Lake,Nitrate,1992-09-23,60.0
Little Traverse Lake,Nitrate,1992-10-21,110.0
Little Traverse Lake,Nitrate,1993-01-26,137.0
Little Traverse Lake,Nitrate,1993-03-25,420.0
Little Traverse Lake,Nitrate,1993-04-27,310.0
Little Traverse Lake,Nitrate,1993-06-10,217.0
Little Traverse Lake,Nitrate,1993-07-21,317.0
Little Traverse Lake,Nitrate,1993-08-25,90.0
Little Traverse Lake,Nitrate,1993-09-15,43.0
Little Traverse Lake,Nitrate,1993-11-09,440.0
Little Traverse Lake,Nitrate,1994-03-01,600.0
Little Traverse Lake,Nitrate,1994-04-29,300.0
Little Traverse Lake,Nitrate,1994-06-21,170.0
Little Traverse Lake,Nitrate,1994-07-19,220.0
Little Traverse Lake,Nitrate,1994-08-17,110.0
Little Traverse Lake,Nitrate,1994-09-29,260.0
Little Traverse Lake,Nitrate,1994-11-07,110.0
Little Traverse Lake,Nitrate,1995-04-20,390.0
Little Traverse Lake,Nitrate,1995-05-24,160.0
Little Traverse Lake,Nitrate,1995-06-09,160.0
Little Traverse Lake,Nitrate,1995-06-19,130.0
Little Traverse Lake,Nitrate,1995-07-10,80.0
Little Traverse Lake,Nitrate,1995-07-25,70.0
Little Traverse Lake,Nitrate,1995-08-11,10.0
Little Traverse Lake,Nitrate,1995-08-29,40.0
Little Traverse Lake,Nitrate,1995-09-08,30.0
Little Traverse Lake,Nitrate,1995-09-28,10.0
Little Traverse Lake,Nitrate,1995-10-12,10.0
Little Traverse Lake,Nitrate,1996-03-19,190.0
Little Traverse Lake,Nitrate,1996-05-28,250.0
Little Traverse Lake,Nitrate,1996-07-16,153.0
Little Traverse Lake,Nitrate,1996-08-16,50.0
Little Traverse Lake,Nitrate,1996-09-19,60.0
Little Traverse Lake,Nitrate,1996-11-21,170.0
Little Traverse Lake,Nitrate,1997-04-24,240.0
Little Traverse Lake,Nitrate,1997-06-29,150.0
Little Traverse Lake,Nitrate,1997-07-23,160.0
Little Traverse Lake,Nitrate,1997-08-12,100.0
Little Traverse Lake,Nitrate,1997-09-04,50.0
Little Traverse Lake,Nitrate,1998-04-29,260.0
Little Traverse Lake,Nitrate,1998-05-14,210.0
Little Traverse Lake,Nitrate,1998-06-06,208.0
Little Traverse Lake,Nitrate,1998-06-20,130.0
Little Traverse Lake,Nitrate,1998-07-16,80.0
Little Traverse Lake,Nitrate,1998-08-02,50.0
Little Traverse Lake,Nitrate,1998-08-17,30.0
Little Traverse Lake,Nitrate,1998-09-04,30.0
Little Traverse Lake,Nitrate,1998-09-23,40.0
Little Traverse Lake,Nitrate,1998-10-11,43.0
Little Traverse Lake,Nitrate,1998-11-09,90.0
Little Traverse Lake,Nitrate,1999-04-14,262.0
Little Traverse Lake,Nitrate,1999-04-25,220.0
Little Traverse Lake,Nitrate,1999-06-16,140.0
Little Traverse Lake,Nitrate,1999-09-13,30.0
Little Traverse Lake,Nitrate,2000-04-26,280.0
Little Traverse Lake,Nitrate,2000-06-21,80.0
Little Traverse Lake,Nitrate,2000-07-25,100.0
Little Traverse Lake,Nitrate,2000-08-14,80.0
Little Traverse Lake,Nitrate,2000-09-06,60.0
Little Traverse Lake,Nitrate,2000-10-31,110.0
Little Traverse Lake,Nitrate,2001-05-31,240.0
Little Traverse Lake,Nitrate,2001-07-09,120.0
Little Traverse Lake,Nitrate,2001-08-08,40.0
Little Traverse Lake,Nitrate,2001-08-28,50.0
Little Traverse Lake,Nitrate,2001-09-12,40.0
Little Traverse Lake,Nitrate,2001-11-01,93.0
Little Traverse Lake,Nitrate,2002-04-16,270.0
Little Traverse Lake,Nitrate,2002-05-21,280.0
Little Traverse Lake,Nitrate,2002-06-17,240.0
Little Traverse Lake,Nitrate,2002-07-16,130.0
Little Traverse Lake,Nitrate,2002-08-05,80.0
Little Traverse Lake,Nitrate,2002-08-30,50.0
Little Traverse Lake,Nitrate,2002-09-23,90.0
Little Traverse Lake,Nitrate,2002-10-15,120.0
Little Traverse Lake,Nitrate,2003-04-23,240.0
Little Traverse Lake,Nitrate,2003-05-13,270.0
Little Traverse Lake,Nitrate,2003-06-11,270.0
Little Traverse Lake,Nitrate,2003-07-08,150.0
Little Traverse Lake,Nitrate,2003-07-23,180.0
Little Traverse Lake,Nitrate,2003-08-12,10.0
Little Traverse Lake,Nitrate,2003-08-26,30.0
Little Traverse Lake,Nitrate,2003-09-10,50.0
Little Traverse Lake,Nitrate,2003-09-29,80.0
Little Traverse Lake,Nitrate,2003-10-23,220.0
Little Traverse Lake,Nitrate,2004-05-06,590.0
Little Traverse Lake,Nitrate,2004-06-22,200.0
Little Traverse Lake,Nitrate,2004-07-05,141.0
Little Traverse Lake,Nitrate,2004-07-13,128.0
Little Traverse Lake,Nitrate,2004-07-19,108.0
Little Traverse Lake,Nitrate,2004-07-26,89.0
Little Traverse Lake,Nitrate,2004-08-03,64.0
Little Traverse Lake,Nitrate,2004-08-09,54.0
Little Traverse Lake,Nitrate,2004-08-16,42.0
Little Traverse Lake,Nitrate,2004-08-23,43.0
Little Traverse Lake,Nitrate,2004-08-30,46.0
Little Traverse Lake,Nitrate,2004-09-07,40.0
Little Traverse Lake,Nitrate,2004-09-13,47.0
Little Traverse Lake,Nitrate,2004-09-21,47.0
Little Traverse Lake,Nitrate,2004-09-28,45.0
Little Traverse Lake,Nitrate,2004-10-20,98.0
Little Traverse Lake,Nitrate,2005-04-21,279.7
Little Traverse Lake,Nitrate,2005-05-18,201.0
Little Traverse Lake,Nitrate,2005-06-07,171.0
Little Traverse Lake,Nitrate,2005-06-13,145.2
Little Traverse Lake,Nitrate,2005-06-20,115.6
Little Traverse Lake,Nitrate,2005-06-30,94.1
Little Traverse Lake,Nitrate,2005-07-06,61.5
Little Traverse Lake,Nitrate,2005-07-14,70.9
Little Traverse Lake,Nitrate,2005-07-21,64.0
Little Traverse Lake,Nitrate,2005-07-29,48.5
Little Traverse Lake,Nitrate,2005-08-02,48.3
Little Traverse Lake,Nitrate,2005-08-09,38.9
Little Traverse Lake,Nitrate,2005-08-16,35.6
Little Traverse Lake,Nitrate,2005-08-31,30.2
Little Traverse Lake,Nitrate,2005-09-08,41.3
Little Traverse Lake,Nitrate,2005-09-27,36.1
Little Traverse Lake,Nitrate,2006-04-28,253.2
Little Traverse Lake,Nitrate,2006-06-28,100.5
Little Traverse Lake,Nitrate,2006-07-13,48.6
Little Traverse Lake,Nitrate,2006-07-25,37.6
Little Traverse Lake,Nitrate,2006-08-10,4.0
Little Traverse Lake,Nitrate,2006-09-05,1.1
Little Traverse Lake,Nitrate,2006-09-05,9.9
Little Traverse Lake,Nitrate,2006-10-10,31.0
Little Traverse Lake,Nitrate,2007-07-26,21.6
Little Traverse Lake,Nitrate,2007-08-21,8.9
Little Traverse Lake,Nitrate,2007-10-08,22.6
Little Traverse Lake,Nitrate,2008-05-29,133.0
Little Traverse Lake,Nitrate,2008-07-08,45.7
Little Traverse Lake,Nitrate,2008-07-31,21.2
Little Traverse Lake,Nitrate,2008-09-02,3.3
Little Traverse Lake,Nitrate,2009-06-24,21.4
Little Traverse Lake,Nitrate,2009-07-20,1.2
Little Traverse Lake,Nitrate,2009-09-08,1.2
Little Traverse Lake,Nitrate,2010-05-26,75.6
Little Traverse Lake,Nitrate,2010-06-21,44.0
Little Traverse Lake,Nitrate,2011-06-15,163.0
Little Traverse Lake,Nitrate,2011-07-08,102.8
Little Traverse Lake,Nitrate,2011-08-09,41.0
Little Traverse Lake,Nitrate,2011-08-09,24.0
Little Traverse Lake,Nitrate,2011-09-07,7.0
Little Traverse Lake,Nitrate,2011-10-14,31.6
Little Traverse Lake,Nitrate,2012-05-15,268.0
Little Traverse Lake,Nitrate,2012-05-15,272.0
Little Traverse Lake,Nitrate,2012-07-25,14.9
Little Traverse Lake,Nitrate,2012-09-16,19.6
Little Traverse Lake,Nitrate,2014-05-21,180.0
Little Traverse Lake,Nitrate,2014-07-10,46.2
Little Traverse Lake,Nitrate,2014-08-11,23.4
Little Traverse Lake,Nitrate,2014-09-02,9.1
Little Traverse Lake,Nitrate,2014-11-05,36.7
Little Traverse Lake,Nitrate,2015-05-14,208.0
Little Traverse Lake,Nitrate,2015-07-06,37.3
Little Traverse Lake,Nitrate,2015-07-06,60.6
Little Traverse Lake,Nitrate,2015-07-06,73.8
Little Traverse Lake,Nitrate,2015-08-14,5.0
Little Traverse Lake,Nitrate,2015-09-18,6.8
Little Traverse Lake,Nitrate,2015-10-20,19.7
Little Traverse Lake,Nitrate,2016-04-20,233.0
Little Traverse Lake,Nitrate,2016-06-14,80.8
Little Traverse Lake,Nitrate,2016-07-13,13.5
Little Traverse Lake,Nitrate,2016-09-12,1.1
Little Traverse Lake,Nitrate,2016-10-14,1.1
Little Traverse Lake,Nitrate,2017-05-03,202.0
Little Traverse Lake,Nitrate,2017-06-14,67.7
Little Traverse Lake,Nitrate,2017-07-12,16.0
Little Traverse Lake,Nitrate,2017-08-08,5.0
Little Traverse Lake,Nitrate,2017-09-12,9.5
Little Traverse Lake,Nitrate,2017-11-06,50.8
Little Traverse Lake,Nitrate,2018-05-14,173.0
Little Traverse Lake,Nitrate,2018-06-19,188.0
Little Traverse Lake,Nitrate,2018-07-18,52.9
Little Traverse Lake,Nitrate,2018-08-18,32.0
Little Traverse Lake,Nitrate,2018-09-23,42.6
Little Traverse Lake,Nitrate,2018-10-30,53.7
Little Traverse Lake,Nitrate,2019-04-21,286.0
Little Traverse Lake,Nitrate,2019-06-16,229.0
Little Traverse Lake,Nitrate,2019-07-18,91.0
Little Traverse Lake,Nitrate,2019-08-21,13.0
Little Traverse Lake,Nitrate,2019-09-17,22.4
Little Traverse Lake,Nitrate,2019-10-18,36.6
Little Traverse Lake,Nitrate,2020-05-12,309.0
Little Traverse Lake,Nitrate,2020-08-17,19.6
Little Traverse Lake,Nitrate,2020-09-21,27.1
Little Traverse Lake,Nitrate,2020-11-05,79.9
Little Traverse Lake,Nitrate,2021-05-13,256.0
Little Traverse Lake,Nitrate,2021-09-22,32.1
Little Traverse Lake,Nitrate,2022-05-23,257.0
Little Traverse Lake,Nitrate,2022-06-23,149.0
Little Traverse Lake,Nitrate,2022-08-04,62.8
Little Traverse Lake,Nitrate,2022-09-29,30.2
Little Traverse Lake,Nitrate,2022-10-31,61.4
Little Traverse Lake,Nitrate,2023-05-11,254.0
Little Traverse Lake,Nitrate,2023-06-07,139.9
Little Traverse Lake,Nitrate,2023-07-13,58.3
Little Traverse Lake,Nitrate,2023-08-08,38.4
Little Traverse Lake,Nitrate,2023-09-13,44.5
Little Traverse Lake,Nitrate,2023-10-05,50.6
Little Traverse Lake,Nitrate,2024-05-07,329.0
Little Traverse Lake,Nitrate,2024-06-11,94.9
Little Traverse Lake,Nitrate,2024-08-01,96.9
Little Traverse Lake,Nitrate,2024-09-11,18.4
Little Traverse Lake,Nitrate,2024-10-03,27.0
Little Traverse Lake,Nitrate,2025-05-09,179.0
Little Traverse Lake,Nitrate,2025-06-05,137.7
Little Traverse Lake,Nitrate,2025-07-02,59.6
Little Traverse Lake,Nitrate,2025-08-07,15.5
Little Traverse Lake,Nitrate,2025-09-10,19.5
Little Traverse Lake,Nitrate,2025-10-02,34.4
Little Traverse Lake,Secchi Depth,1991-04-26,13
Little Traverse Lake,Secchi Depth,1991-05-15,11.5
Little Traverse Lake,Secchi Depth,1991-06-07,7.5
Little Traverse Lake,Secchi Depth,1991-06-25,12
Little Traverse Lake,Secchi Depth,1991-07-16,8
Little Traverse Lake,Secchi Depth,1991-08-02,9.5
Little Traverse Lake,Secchi Depth,1991-08-20,8
Little Traverse Lake,Secchi Depth,1991-09-11,9.5
Little Traverse Lake,Secchi Depth,1991-09-24,11.5
Little Traverse Lake,Secchi Depth,1992-06-24,8
Little Traverse Lake,Secchi Depth,1992-07-24,7.5
Little Traverse Lake,Secchi Depth,1992-08-06,6.5
Little Traverse Lake,Secchi Depth,1992-08-25,8.5
Little Traverse Lake,Secchi Depth,1992-09-23,10
Little Traverse Lake,Secchi Depth,1992-10-21,12.5
Little Traverse Lake,Secchi Depth,1993-04-27,11.5
Little Traverse Lake,Secchi Depth,1993-06-10,8.5
Little Traverse Lake,Secchi Depth,1993-07-21,15
Little Traverse Lake,Secchi Depth,1993-08-25,11
Little Traverse Lake,Secchi Depth,1993-09-15,9
Little Traverse Lake,Secchi Depth,1993-11-09,9.5
Little Traverse Lake,Secchi Depth,1994-04-29,9
Little Traverse Lake,Secchi Depth,1994-06-21,7
Little Traverse Lake,Secchi Depth,1994-07-19,6.5
Little Traverse Lake,Secchi Depth,1994-08-17,9
Little Traverse Lake,Secchi Depth,1994-09-29,10
Little Traverse Lake,Secchi Depth,1994-11-07,12
Little Traverse Lake,Secchi Depth,1995-04-20,11
Little Traverse Lake,Secchi Depth,1995-05-24,10
Little Traverse Lake,Secchi Depth,1995-06-09,7.5
Little Traverse Lake,Secchi Depth,1995-06-19,6.5
Little Traverse Lake,Secchi Depth,1995-07-10,10
Little Traverse Lake,Secchi Depth,1995-07-25,6.5
Little Traverse Lake,Secchi Depth,1995-08-11,8
Little Traverse Lake,Secchi Depth,1995-08-29,10.5
Little Traverse Lake,Secchi Depth,1995-09-08,8.5
Little Traverse Lake,Secchi Depth,1995-09-28,8
Little Traverse Lake,Secchi Depth,1996-05-28,10
Little Traverse Lake,Secchi Depth,1996-07-16,9
Little Traverse Lake,Secchi Depth,1996-08-16,12
Little Traverse Lake,Secchi Depth,1996-09-19,9.5
Little Traverse Lake,Secchi Depth,1996-11-21,13
Little Traverse Lake,Secchi Depth,1997-04-24,15
Little Traverse Lake,Secchi Depth,1997-06-29,12
Little Traverse Lake,Secchi Depth,1997-07-23,10
Little Traverse Lake,Secchi Depth,1997-08-12,9
Little Traverse Lake,Secchi Depth,1997-09-04,8
Little Traverse Lake,Secchi Depth,1998-04-15,10
Little Traverse Lake,Secchi Depth,1998-04-29,10.5
Little Traverse Lake,Secchi Depth,1998-05-14,10.5
Little Traverse Lake,Secchi Depth,1998-06-06,9
Little Traverse Lake,Secchi Depth,1998-06-20,6.5
Little Traverse Lake,Secchi Depth,1998-07-16,8
Little Traverse Lake,Secchi Depth,1998-08-02,6
Little Traverse Lake,Secchi Depth,1998-08-17,9
Little Traverse Lake,Secchi Depth,1998-09-04,8
Little Traverse Lake,Secchi Depth,1998-09-23,8
Little Traverse Lake,Secchi Depth,1998-10-11,10.5
Little Traverse Lake,Secchi Depth,1998-11-09,9.5
Little Traverse Lake,Secchi Depth,1999-04-14,12
Little Traverse Lake,Secchi Depth,1999-04-25,11.5
Little Traverse Lake,Secchi Depth,1999-05-01,14
Little Traverse Lake,Secchi Depth,1999-05-09,11
Little Traverse Lake,Secchi Depth,1999-05-14,12
Little Traverse Lake,Secchi Depth,1999-05-23,8
Little Traverse Lake,Secchi Depth,1999-06-01,8
Little Traverse Lake,Secchi Depth,1999-06-09,8.5
Little Traverse Lake,Secchi Depth,1999-06-16,6.5
Little Traverse Lake,Secchi Depth,1999-06-23,6
Little Traverse Lake,Secchi Depth,1999-06-28,8
Little Traverse Lake,Secchi Depth,1999-07-06,8
Little Traverse Lake,Secchi Depth,1999-07-08,9
Little Traverse Lake,Secchi Depth,1999-07-12,12.5
Little Traverse Lake,Secchi Depth,1999-07-15,12.5
Little Traverse Lake,Secchi Depth,1999-07-19,12
Little Traverse Lake,Secchi Depth,1999-07-22,13.5
Little Traverse Lake,Secchi Depth,1999-07-27,10
Little Traverse Lake,Secchi Depth,1999-07-30,7.5
Little Traverse Lake,Secchi Depth,1999-08-04,8
Little Traverse Lake,Secchi Depth,1999-08-11,8
Little Traverse Lake,Secchi Depth,1999-08-15,9.5
Little Traverse Lake,Secchi Depth,1999-08-23,10
Little Traverse Lake,Secchi Depth,1999-09-06,9
Little Traverse Lake,Secchi Depth,1999-09-12,8.8
Little Traverse Lake,Secchi Depth,1999-09-13,9
Little Traverse Lake,Secchi Depth,1999-09-15,10
Little Traverse Lake,Secchi Depth,1999-10-03,8.5
Little Traverse Lake,Secchi Depth,1999-10-24,6.5
Little Traverse Lake,Secchi Depth,2000-04-26,15.5
Little Traverse Lake,Secchi Depth,2000-06-21,7.3
Little Traverse Lake,Secchi Depth,2000-07-25,9.5
Little Traverse Lake,Secchi Depth,2000-08-14,8.5
Little Traverse Lake,Secchi Depth,2000-09-06,11
Little Traverse Lake,Secchi Depth,2000-10-31,12
Little Traverse Lake,Secchi Depth,2001-05-31,9.5
Little Traverse Lake,Secchi Depth,2001-07-09,10.5
Little Traverse Lake,Secchi Depth,2001-08-08,9
Little Traverse Lake,Secchi Depth,2001-08-28,11
Little Traverse Lake,Secchi Depth,2001-09-12,9
Little Traverse Lake,Secchi Depth,2001-11-01,10.5
Little Traverse Lake,Secchi Depth,2002-04-16,20
Little Traverse Lake,Secchi Depth,2002-05-21,15
Little Traverse Lake,Secchi Depth,2002-06-17,15
Little Traverse Lake,Secchi Depth,2002-07-16,17
Little Traverse Lake,Secchi Depth,2002-08-05,10.5
Little Traverse Lake,Secchi Depth,2002-08-08,9.5
Little Traverse Lake,Secchi Depth,2002-08-30,11
Little Traverse Lake,Secchi Depth,2002-09-23,12.5
Little Traverse Lake,Secchi Depth,2002-10-15,15.5
Little Traverse Lake,Secchi Depth,2003-04-23,21
Little Traverse Lake,Secchi Depth,2003-05-13,26.5
Little Traverse Lake,Secchi Depth,2003-06-11,24
Little Traverse Lake,Secchi Depth,2003-07-08,25
Little Traverse Lake,Secchi Depth,2003-07-23,8
Little Traverse Lake,Secchi Depth,2003-08-12,6
Little Traverse Lake,Secchi Depth,2003-08-26,9
Little Traverse Lake,Secchi Depth,2003-09-10,15
Little Traverse Lake,Secchi Depth,2003-09-29,15.5
Little Traverse Lake,Secchi Depth,2003-10-23,21
Little Traverse Lake,Secchi Depth,2004-05-06,32
Little Traverse Lake,Secchi Depth,2004-06-22,24
Little Traverse Lake,Secchi Depth,2004-07-05,20
Little Traverse Lake,Secchi Depth,2004-07-13,20.5
Little Traverse Lake,Secchi Depth,2004-07-19,17
Little Traverse Lake,Secchi Depth,2004-07-26,12.5
Little Traverse Lake,Secchi Depth,2004-08-03,10.5
Little Traverse Lake,Secchi Depth,2004-08-09,8.5
Little Traverse Lake,Secchi Depth,2004-08-16,11
Little Traverse Lake,Secchi Depth,2004-08-23,8.5
Little Traverse Lake,Secchi Depth,2004-08-30,12
Little Traverse Lake,Secchi Depth,2004-09-07,11.5
Little Traverse Lake,Secchi Depth,2004-09-13,11.5
Little Traverse Lake,Secchi Depth,2004-09-21,11.5
Little Traverse Lake,Secchi Depth,2004-09-28,10
Little Traverse Lake,Secchi Depth,2004-10-20,15.5
Little Traverse Lake,Secchi Depth,2005-04-21,32
Little Traverse Lake,Secchi Depth,2005-05-18,31
Little Traverse Lake,Secchi Depth,2005-06-07,24.5
Little Traverse Lake,Secchi Depth,2005-06-13,25.5
Little Traverse Lake,Secchi Depth,2005-06-20,24.5
Little Traverse Lake,Secchi Depth,2005-06-30,15.5
Little Traverse Lake,Secchi Depth,2005-07-06,14.5
Little Traverse Lake,Secchi Depth,2005-07-14,20.5
Little Traverse Lake,Secchi Depth,2005-07-21,10
Little Traverse Lake,Secchi Depth,2005-07-29,6
Little Traverse Lake,Secchi Depth,2005-08-02,6
Little Traverse Lake,Secchi Depth,2005-08-09,6.5
Little Traverse Lake,Secchi Depth,2005-08-16,8
Little Traverse Lake,Secchi Depth,2005-08-23,9
Little Traverse Lake,Secchi Depth,2005-08-31,9
Little Traverse Lake,Secchi Depth,2005-09-08,9.5
Little Traverse Lake,Secchi Depth,2005-09-27,9.5
Little Traverse Lake,Secchi Depth,2006-04-28,27
Little Traverse Lake,Secchi Depth,2006-06-28,8
Little Traverse Lake,Secchi Depth,2006-07-13,4.5
Little Traverse Lake,Secchi Depth,2006-07-25,11.5
Little Traverse Lake,Secchi Depth,2006-08-10,5.5
Little Traverse Lake,Secchi Depth,2006-09-05,12
Little Traverse Lake,Secchi Depth,2006-10-10,15.5
Little Traverse Lake,Secchi Depth,2007-05-31,21
Little Traverse Lake,Secchi Depth,2007-07-26,8
Little Traverse Lake,Secchi Depth,2007-08-21,7
Little Traverse Lake,Secchi Depth,2007-10-08,23.5
Little Traverse Lake,Secchi Depth,2008-05-29,23
Little Traverse Lake,Secchi Depth,2008-07-08,19
Little Traverse Lake,Secchi Depth,2008-07-31,11.5
Little Traverse Lake,Secchi Depth,2008-09-02,7.5
Little Traverse Lake,Secchi Depth,2009-06-24,11
Little Traverse Lake,Secchi Depth,2009-07-20,16
Little Traverse Lake,Secchi Depth,2009-09-08,15
Little Traverse Lake,Secchi Depth,2010-05-26,27
Little Traverse Lake,Secchi Depth,2010-06-21,20
Little Traverse Lake,Secchi Depth,2010-08-12,6
Little Traverse Lake,Secchi Depth,2011-06-13,23
Little Traverse Lake,Secchi Depth,2011-07-05,14
Little Traverse Lake,Secchi Depth,2011-08-08,13
Little Traverse Lake,Secchi Depth,2011-08-31,11
Little Traverse Lake,Secchi Depth,2011-10-10,18
Little Traverse Lake,Secchi Depth,2012-05-01,25
Little Traverse Lake,Secchi Depth,2012-07-11,15
Little Traverse Lake,Secchi Depth,2012-09-16,15
Little Traverse Lake,Secchi Depth,2014-05-21,21.5
Little Traverse Lake,Secchi Depth,2014-07-10,20
Little Traverse Lake,Secchi Depth,2014-08-11,12
Little Traverse Lake,Secchi Depth,2014-09-03,11
Little Traverse Lake,Secchi Depth,2014-11-05,14.5
Little Traverse Lake,Secchi Depth,2015-05-11,22
Little Traverse Lake,Secchi Depth,2015-07-09,16
Little Traverse Lake,Secchi Depth,2015-08-14,17.5
Little Traverse Lake,Secchi Depth,2015-09-18,13.5
Little Traverse Lake,Secchi Depth,2015-10-20,13.5
Little Traverse Lake,Secchi Depth,2016-04-20,16.5
Little Traverse Lake,Secchi Depth,2016-07-13,19
Little Traverse Lake,Secchi Depth,2016-08-25,10.5
Little Traverse Lake,Secchi Depth,2016-09-28,9.5
Little Traverse Lake,Secchi Depth,2016-11-01,15.5
Little Traverse Lake,Secchi Depth,2017-05-03,15
Little Traverse Lake,Secchi Depth,2017-06-15,12.5
Little Traverse Lake,Secchi Depth,2017-07-12,14.5
Little Traverse Lake,Secchi Depth,2017-08-08,14
Little Traverse Lake,Secchi Depth,2017-09-12,12
Little Traverse Lake,Secchi Depth,2017-11-06,19.5
Little Traverse Lake,Secchi Depth,2018-05-14,15
Little Traverse Lake,Secchi Depth,2018-06-19,18
Little Traverse Lake,Secchi Depth,2018-07-18,10.5
Little Traverse Lake,Secchi Depth,2018-08-18,7.5
Little Traverse Lake,Secchi Depth,2018-09-23,11.5
Little Traverse Lake,Secchi Depth,2018-10-30,18.5
Little Traverse Lake,Secchi Depth,2019-04-21,17.5
Little Traverse Lake,Secchi Depth,2019-06-16,13
Little Traverse Lake,Secchi Depth,2019-07-18,14
Little Traverse Lake,Secchi Depth,2019-08-21,10
Little Traverse Lake,Secchi Depth,2019-09-17,11.5
Little Traverse Lake,Secchi Depth,2019-10-18,13
Little Traverse Lake,Secchi Depth,2020-05-12,19
Little Traverse Lake,Secchi Depth,2020-09-21,12.5
Little Traverse Lake,Secchi Depth,2020-11-05,10
Little Traverse Lake,Secchi Depth,2021-05-13,14.5
Little Traverse Lake,Secchi Depth,2021-06-29,22.5
Little Traverse Lake,Secchi Depth,2021-07-29,13
Little Traverse Lake,Secchi Depth,2021-08-24,10.5
Little Traverse Lake,Secchi Depth,2021-09-22,10
Little Traverse Lake,Secchi Depth,2021-10-26,11.5
Little Traverse Lake,Secchi Depth,2022-05-23,17
Little Traverse Lake,Secchi Depth,2022-06-23,24
Little Traverse Lake,Secchi Depth,2022-08-04,10
Little Traverse Lake,Secchi Depth,2022-09-29,14
Little Traverse Lake,Secchi Depth,2022-10-31,15
Little Traverse Lake,Secchi Depth,2023-05-11,15
Little Traverse Lake,Secchi Depth,2023-06-07,20
Little Traverse Lake,Secchi Depth,2023-07-13,13.5
Little Traverse Lake,Secchi Depth,2023-08-08,7.5
Little Traverse Lake,Secchi Depth,2023-09-13,10.5
Little Traverse Lake,Secchi Depth,2023-10-05,11.5
Little Traverse Lake,Secchi Depth,2024-05-07,16
Little Traverse Lake,Secchi Depth,2024-06-11,23
Little Traverse Lake,Secchi Depth,2024-08-01,7
Little Traverse Lake,Secchi Depth,2024-09-10,10.5
Little Traverse Lake,Secchi Depth,2024-10-03,12
Little Traverse Lake,Secchi Depth,2025-05-09,16.5
Little Traverse Lake,Secchi Depth,2025-06-05,21
Little Traverse Lake,Secchi Depth,2025-07-02,12
Little Traverse Lake,Secchi Depth,2025-08-07,7
Little Traverse Lake,Secchi Depth,2025-09-10,10.5
Little Traverse Lake,Secchi Depth,2025-10-02,14
Little Traverse Lake,Total Phosphorus,1990-11-08,5.0
Little Traverse Lake,Total Phosphorus,1991-02-21,4.0
Little Traverse Lake,Total Phosphorus,1991-04-26,4.9
Little Traverse Lake,Total Phosphorus,1991-05-15,3.7
Little Traverse Lake,Total Phosphorus,1991-06-07,3.9
Little Traverse Lake,Total Phosphorus,1991-06-25,3.0
Little Traverse Lake,Total Phosphorus,1991-07-16,3.9
Little Traverse Lake,Total Phosphorus,1991-08-02,3.8
Little Traverse Lake,Total Phosphorus,1991-08-20,4.4
Little Traverse Lake,Total Phosphorus,1991-09-11,5.7
Little Traverse Lake,Total Phosphorus,1991-09-24,6.8
Little Traverse Lake,Total Phosphorus,1991-11-08,4.6
Little Traverse Lake,Total Phosphorus,1992-02-28,5.6
Little Traverse Lake,Total Phosphorus,1992-03-18,4.4
Little Traverse Lake,Total Phosphorus,1992-05-06,3.1
Little Traverse Lake,Total Phosphorus,1992-06-24,4.5
Little Traverse Lake,Total Phosphorus,1992-07-24,6.0
Little Traverse Lake,Total Phosphorus,1992-08-06,7.6
Little Traverse Lake,Total Phosphorus,1992-08-25,5.4
Little Traverse Lake,Total Phosphorus,1992-09-23,6.2
Little Traverse Lake,Total Phosphorus,1992-10-21,3.4
Little Traverse Lake,Total Phosphorus,1993-01-26,3.6
Little Traverse Lake,Total Phosphorus,1993-03-25,2.8
Little Traverse Lake,Total Phosphorus,1993-04-27,5.3
Little Traverse Lake,Total Phosphorus,1993-06-10,4.7
Little Traverse Lake,Total Phosphorus,1993-07-21,4.4
Little Traverse Lake,Total Phosphorus,1993-08-25,5.7
Little Traverse Lake,Total Phosphorus,1993-09-15,6.1
Little Traverse Lake,Total Phosphorus,1993-11-09,5.1
Little Traverse Lake,Total Phosphorus,1994-03-01,3.7
Little Traverse Lake,Total Phosphorus,1994-04-29,3.8
Little Traverse Lake,Total Phosphorus,1994-06-21,5.7
Little Traverse Lake,Total Phosphorus,1994-07-19,3.0
Little Traverse Lake,Total Phosphorus,1994-08-17,6.4
Little Traverse Lake,Total Phosphorus,1994-09-29,6.4
Little Traverse Lake,Total Phosphorus,1994-11-07,6.3
Little Traverse Lake,Total Phosphorus,1995-04-20,5.2
Little Traverse Lake,Total Phosphorus,1995-05-24,4.7
Little Traverse Lake,Total Phosphorus,1995-06-09,4.0
Little Traverse Lake,Total Phosphorus,1995-06-19,8.8
Little Traverse Lake,Total Phosphorus,1995-07-10,4.2
Little Traverse Lake,Total Phosphorus,1995-07-25,3.5
Little Traverse Lake,Total Phosphorus,1995-08-11,5.0
Little Traverse Lake,Total Phosphorus,1995-08-29,4.6
Little Traverse Lake,Total Phosphorus,1995-09-08,6.2
Little Traverse Lake,Total Phosphorus,1995-09-28,5.8
Little Traverse Lake,Total Phosphorus,1995-10-12,5.9
Little Traverse Lake,Total Phosphorus,1996-03-19,3.0
Little Traverse Lake,Total Phosphorus,1996-05-28,3.8
Little Traverse Lake,Total Phosphorus,1996-07-16,5.4
Little Traverse Lake,Total Phosphorus,1996-08-16,5.6
Little Traverse Lake,Total Phosphorus,1996-09-19,4.3
Little Traverse Lake,Total Phosphorus,1996-11-21,3.0
Little Traverse Lake,Total Phosphorus,1997-04-24,3.3
Little Traverse Lake,Total Phosphorus,1997-06-29,7.5
Little Traverse Lake,Total Phosphorus,1997-07-23,3.7
Little Traverse Lake,Total Phosphorus,1997-08-12,4.8
Little Traverse Lake,Total Phosphorus,1997-09-04,4.8
Little Traverse Lake,Total Phosphorus,1998-04-29,1.8
Little Traverse Lake,Total Phosphorus,1998-05-14,5.0
Little Traverse Lake,Total Phosphorus,1998-06-06,3.0
Little Traverse Lake,Total Phosphorus,1998-06-20,4.2
Little Traverse Lake,Total Phosphorus,1998-07-16,3.8
Little Traverse Lake,Total Phosphorus,1998-08-02,4.7
Little Traverse Lake,Total Phosphorus,1998-08-17,4.1
Little Traverse Lake,Total Phosphorus,1998-09-04,3.9
Little Traverse Lake,Total Phosphorus,1998-09-23,4.9
Little Traverse Lake,Total Phosphorus,1998-10-11,4.3
Little Traverse Lake,Total Phosphorus,1998-11-09,4.3
Little Traverse Lake,Total Phosphorus,1999-04-14,3.3
Little Traverse Lake,Total Phosphorus,1999-04-25,3.9
Little Traverse Lake,Total Phosphorus,1999-06-16,2.5
Little Traverse Lake,Total Phosphorus,1999-09-13,4.4
Little Traverse Lake,Total Phosphorus,2000-04-26,2.8
Little Traverse Lake,Total Phosphorus,2000-06-21,3.6
Little Traverse Lake,Total Phosphorus,2000-07-25,1.5
Little Traverse Lake,Total Phosphorus,2000-08-14,1.0
Little Traverse Lake,Total Phosphorus,2000-09-06,8.1
Little Traverse Lake,Total Phosphorus,2000-10-31,4.9
Little Traverse Lake,Total Phosphorus,2001-05-31,4.7
Little Traverse Lake,Total Phosphorus,2001-07-09,2.9
Little Traverse Lake,Total Phosphorus,2001-08-08,2.4
Little Traverse Lake,Total Phosphorus,2001-08-28,3.8
Little Traverse Lake,Total Phosphorus,2001-09-12,4.1
Little Traverse Lake,Total Phosphorus,2001-11-01,4.6
Little Traverse Lake,Total Phosphorus,2002-04-16,2.1
Little Traverse Lake,Total Phosphorus,2002-05-21,3.3
Little Traverse Lake,Total Phosphorus,2002-06-17,3.1
Little Traverse Lake,Total Phosphorus,2002-07-16,3.4
Little Traverse Lake,Total Phosphorus,2002-08-05,1.0
Little Traverse Lake,Total Phosphorus,2002-08-30,1.0
Little Traverse Lake,Total Phosphorus,2002-09-23,1.2
Little Traverse Lake,Total Phosphorus,2002-10-15,4.5
Little Traverse Lake,Total Phosphorus,2003-04-23,3.2
Little Traverse Lake,Total Phosphorus,2003-05-13,2.9
Little Traverse Lake,Total Phosphorus,2003-06-11,3.8
Little Traverse Lake,Total Phosphorus,2003-07-08,2.5
Little Traverse Lake,Total Phosphorus,2003-07-23,4.7
Little Traverse Lake,Total Phosphorus,2003-08-12,4.5
Little Traverse Lake,Total Phosphorus,2003-08-26,4.8
Little Traverse Lake,Total Phosphorus,2003-09-10,3.9
Little Traverse Lake,Total Phosphorus,2003-09-29,3.5
Little Traverse Lake,Total Phosphorus,2003-10-23,2.8
Little Traverse Lake,Total Phosphorus,2004-05-06,3.0
Little Traverse Lake,Total Phosphorus,2004-06-22,5.1
Little Traverse Lake,Total Phosphorus,2004-07-05,2.2
Little Traverse Lake,Total Phosphorus,2004-07-13,4.1
Little Traverse Lake,Total Phosphorus,2004-07-19,2.6
Little Traverse Lake,Total Phosphorus,2004-07-26,8.6
Little Traverse Lake,Total Phosphorus,2004-08-03,13.0
Little Traverse Lake,Total Phosphorus,2004-08-09,13.0
Little Traverse Lake,Total Phosphorus,2004-08-16,5.6
Little Traverse Lake,Total Phosphorus,2004-08-23,5.3
Little Traverse Lake,Total Phosphorus,2004-08-30,5.1
Little Traverse Lake,Total Phosphorus,2004-09-07,3.5
Little Traverse Lake,Total Phosphorus,2004-09-13,7.0
Little Traverse Lake,Total Phosphorus,2004-09-21,5.1
Little Traverse Lake,Total Phosphorus,2004-09-28,5.2
Little Traverse Lake,Total Phosphorus,2004-10-20,3.8
Little Traverse Lake,Total Phosphorus,2005-04-21,2.4
Little Traverse Lake,Total Phosphorus,2005-05-18,3.4
Little Traverse Lake,Total Phosphorus,2005-06-07,3.0
Little Traverse Lake,Total Phosphorus,2005-06-13,4.4
Little Traverse Lake,Total Phosphorus,2005-06-20,3.2
Little Traverse Lake,Total Phosphorus,2005-06-30,3.5
Little Traverse Lake,Total Phosphorus,2005-07-06,4.8
Little Traverse Lake,Total Phosphorus,2005-07-14,5.4
Little Traverse Lake,Total Phosphorus,2005-07-21,2.9
Little Traverse Lake,Total Phosphorus,2005-07-29,3.8
Little Traverse Lake,Total Phosphorus,2005-08-02,6.5
Little Traverse Lake,Total Phosphorus,2005-08-09,6.5
Little Traverse Lake,Total Phosphorus,2005-08-16,5.9
Little Traverse Lake,Total Phosphorus,2005-08-31,5.1
Little Traverse Lake,Total Phosphorus,2005-09-08,5.1
Little Traverse Lake,Total Phosphorus,2005-09-27,3.8
Little Traverse Lake,Total Phosphorus,2006-04-28,1.2
Little Traverse Lake,Total Phosphorus,2006-06-28,5.0
Little Traverse Lake,Total Phosphorus,2006-07-13,4.0
Little Traverse Lake,Total Phosphorus,2006-07-25,2.3
Little Traverse Lake,Total Phosphorus,2006-08-10,4.1
Little Traverse Lake,Total Phosphorus,2006-09-05,4.7
Little Traverse Lake,Total Phosphorus,2006-10-10,0.6
Little Traverse Lake,Total Phosphorus,2007-07-26,2.2
Little Traverse Lake,Total Phosphorus,2007-08-21,4.4
Little Traverse Lake,Total Phosphorus,2007-10-08,4.0
Little Traverse Lake,Total Phosphorus,2008-05-29,3.3
Little Traverse Lake,Total Phosphorus,2008-07-08,3.9
Little Traverse Lake,Total Phosphorus,2008-07-31,3.9
Little Traverse Lake,Total Phosphorus,2008-09-02,6.2
Little Traverse Lake,Total Phosphorus,2009-06-24,4.3
Little Traverse Lake,Total Phosphorus,2009-07-20,4.8
Little Traverse Lake,Total Phosphorus,2009-09-08,5.0
Little Traverse Lake,Total Phosphorus,2010-05-26,3.9
Little Traverse Lake,Total Phosphorus,2010-06-21,4.3
Little Traverse Lake,Total Phosphorus,2010-08-12,3.7
Little Traverse Lake,Total Phosphorus,2011-06-15,5.6
Little Traverse Lake,Total Phosphorus,2011-07-08,4.7
Little Traverse Lake,Total Phosphorus,2011-08-09,3.3
Little Traverse Lake,Total Phosphorus,2011-08-09,3.1
Little Traverse Lake,Total Phosphorus,2011-09-07,5.9
Little Traverse Lake,Total Phosphorus,2011-10-14,1.4
Little Traverse Lake,Total Phosphorus,2012-05-15,2.8
Little Traverse Lake,Total Phosphorus,2012-05-15,2.8
Little Traverse Lake,Total Phosphorus,2012-07-25,0.9
Little Traverse Lake,Total Phosphorus,2012-09-16,1.6
Little Traverse Lake,Total Phosphorus,2014-05-21,1.4
Little Traverse Lake,Total Phosphorus,2014-07-10,3.2
Little Traverse Lake,Total Phosphorus,2014-08-11,3.7
Little Traverse Lake,Total Phosphorus,2014-09-02,15.3
Little Traverse Lake,Total Phosphorus,2014-11-05,2.8
Little Traverse Lake,Total Phosphorus,2015-05-14,2.6
Little Traverse Lake,Total Phosphorus,2015-07-06,3.9
Little Traverse Lake,Total Phosphorus,2015-07-06,4.0
Little Traverse Lake,Total Phosphorus,2015-07-06,7.2
Little Traverse Lake,Total Phosphorus,2015-08-14,3.2
Little Traverse Lake,Total Phosphorus,2015-09-18,1.4
Little Traverse Lake,Total Phosphorus,2015-10-20,3.8
Little Traverse Lake,Total Phosphorus,2016-04-20,3.2
Little Traverse Lake,Total Phosphorus,2016-06-14,3.3
Little Traverse Lake,Total Phosphorus,2016-07-13,4.7
Little Traverse Lake,Total Phosphorus,2016-09-07,12.6
Little Traverse Lake,Total Phosphorus,2016-10-17,3.5
Little Traverse Lake,Total Phosphorus,2017-05-03,4.6
Little Traverse Lake,Total Phosphorus,2017-06-14,4.2
Little Traverse Lake,Total Phosphorus,2017-07-12,1.4
Little Traverse Lake,Total Phosphorus,2017-08-08,5.9
Little Traverse Lake,Total Phosphorus,2017-09-12,2.9
Little Traverse Lake,Total Phosphorus,2017-11-06,4.5
Little Traverse Lake,Total Phosphorus,2018-05-14,5.7
Little Traverse Lake,Total Phosphorus,2018-06-19,5.7
Little Traverse Lake,Total Phosphorus,2018-07-18,10.7
Little Traverse Lake,Total Phosphorus,2018-08-18,5.6
Little Traverse Lake,Total Phosphorus,2018-09-23,7.3
Little Traverse Lake,Total Phosphorus,2018-10-30,5.4
Little Traverse Lake,Total Phosphorus,2019-04-21,4.2
Little Traverse Lake,Total Phosphorus,2019-06-16,4.0
Little Traverse Lake,Total Phosphorus,2019-07-18,4.3
Little Traverse Lake,Total Phosphorus,2019-08-21,12.9
Little Traverse Lake,Total Phosphorus,2019-09-17,4.9
Little Traverse Lake,Total Phosphorus,2019-10-18,4.9
Little Traverse Lake,Total Phosphorus,2020-05-12,3.4
Little Traverse Lake,Total Phosphorus,2020-08-17,8.3
Little Traverse Lake,Total Phosphorus,2020-09-21,9.1
Little Traverse Lake,Total Phosphorus,2020-11-05,7.6
Little Traverse Lake,Total Phosphorus,2021-05-13,4.3
Little Traverse Lake,Total Phosphorus,2021-09-22,21.9
Little Traverse Lake,Total Phosphorus,2022-05-23,6.8
Little Traverse Lake,Total Phosphorus,2022-06-23,4.8
Little Traverse Lake,Total Phosphorus,2022-08-04,12.8
Little Traverse Lake,Total Phosphorus,2022-09-29,2.9
Little Traverse Lake,Total Phosphorus,2022-10-31,9.9
Little Traverse Lake,Total Phosphorus,2023-05-11,7.4
Little Traverse Lake,Total Phosphorus,2023-06-07,6.5
Little Traverse Lake,Total Phosphorus,2023-07-13,12.8
Little Traverse Lake,Total Phosphorus,2023-08-08,15.2
Little Traverse Lake,Total Phosphorus,2023-09-13,30.2
Little Traverse Lake,Total Phosphorus,2023-10-05,10.4
Little Traverse Lake,Total Phosphorus,2024-05-07,7.2
Little Traverse Lake,Total Phosphorus,2024-06-11,6.0
Little Traverse Lake,Total Phosphorus,2024-08-01,6.8
Little Traverse Lake,Total Phosphorus,2024-09-11,6.8
Little Traverse Lake,Total Phosphorus,2024-10-03,10.4
Little Traverse Lake,Total Phosphorus,2025-05-09,6.6
Little Traverse Lake,Total Phosphorus,2025-06-05,4.8
Little Traverse Lake,Total Phosphorus,2025-06-05,25.3
Little Traverse Lake,Total Phosphorus,2025-07-02,5.3
Little Traverse Lake,Total Phosphorus,2025-08-07,5.9
Little Traverse Lake,Total Phosphorus,2025-09-10,6.8
Little Traverse Lake,Total Phosphorus,2025-10-02,8.1
North Lake Leelanau,Chlorophyll-a,1993-04-27,2.5
North Lake Leelanau,Chlorophyll-a,1993-06-11,1.2
North Lake Leelanau,Chlorophyll-a,1993-07-22,1.8
North Lake Leelanau,Chlorophyll-a,1993-09-15,1.6
North Lake Leelanau,Chlorophyll-a,1993-11-10,2.0
North Lake Leelanau,Chlorophyll-a,1994-03-02,0.9
North Lake Leelanau,Chlorophyll-a,1994-04-28,1.8
North Lake Leelanau,Chlorophyll-a,1994-06-20,2.3
North Lake Leelanau,Chlorophyll-a,1994-07-21,2.1
North Lake Leelanau,Chlorophyll-a,1994-08-18,2.1
North Lake Leelanau,Chlorophyll-a,1994-09-27,2.1
North Lake Leelanau,Chlorophyll-a,1995-04-22,1.2
North Lake Leelanau,Chlorophyll-a,1995-06-20,1.2
North Lake Leelanau,Chlorophyll-a,1995-10-03,2.2
North Lake Leelanau,Chlorophyll-a,1996-05-30,1.4
North Lake Leelanau,Chlorophyll-a,1996-07-18,1.4
North Lake Leelanau,Chlorophyll-a,1996-09-20,2.3
North Lake Leelanau,Chlorophyll-a,1996-10-22,2.3
North Lake Leelanau,Chlorophyll-a,1996-11-25,1.7
North Lake Leelanau,Chlorophyll-a,1997-04-25,1.2
North Lake Leelanau,Chlorophyll-a,1997-06-30,1.1
North Lake Leelanau,Chlorophyll-a,1997-07-24,0.9
North Lake Leelanau,Chlorophyll-a,1997-08-14,1.1
North Lake Leelanau,Chlorophyll-a,1998-04-21,0.9
North Lake Leelanau,Chlorophyll-a,1998-08-13,1.2
North Lake Leelanau,Chlorophyll-a,1998-09-23,1.9
North Lake Leelanau,Chlorophyll-a,1999-04-13,2.0
North Lake Leelanau,Chlorophyll-a,1999-06-18,2.1
North Lake Leelanau,Chlorophyll-a,1999-09-24,2.8
North Lake Leelanau,Chlorophyll-a,2000-04-27,1.2
North Lake Leelanau,Chlorophyll-a,2000-06-28,1.2
North Lake Leelanau,Chlorophyll-a,2000-07-24,1.3
North Lake Leelanau,Chlorophyll-a,2000-08-14,1.2
North Lake Leelanau,Chlorophyll-a,2000-09-26,1.4
North Lake Leelanau,Chlorophyll-a,2000-10-27,0.5
North Lake Leelanau,Chlorophyll-a,2001-06-04,0.8
North Lake Leelanau,Chlorophyll-a,2001-07-10,1.5
North Lake Leelanau,Chlorophyll-a,2001-08-07,1.6
North Lake Leelanau,Chlorophyll-a,2001-08-29,1.6
North Lake Leelanau,Chlorophyll-a,2001-09-28,1.7
North Lake Leelanau,Chlorophyll-a,2001-10-22,1.4
North Lake Leelanau,Chlorophyll-a,2001-11-06,1.2
North Lake Leelanau,Chlorophyll-a,2002-04-16,0.3
North Lake Leelanau,Chlorophyll-a,2002-05-28,1.1
North Lake Leelanau,Chlorophyll-a,2002-06-17,1.0
North Lake Leelanau,Chlorophyll-a,2002-07-18,1.4
North Lake Leelanau,Chlorophyll-a,2002-08-05,3.0
North Lake Leelanau,Chlorophyll-a,2002-08-27,1.7
North Lake Leelanau,Chlorophyll-a,2002-09-13,1.6
North Lake Leelanau,Chlorophyll-a,2002-10-16,0.7
North Lake Leelanau,Chlorophyll-a,2003-04-24,0.0
North Lake Leelanau,Chlorophyll-a,2003-05-15,0.8
North Lake Leelanau,Chlorophyll-a,2003-06-16,0.3
North Lake Leelanau,Chlorophyll-a,2003-07-02,0.7
North Lake Leelanau,Chlorophyll-a,2003-07-09,0.7
North Lake Leelanau,Chlorophyll-a,2003-07-24,0.7
North Lake Leelanau,Chlorophyll-a,2003-08-10,2.8
North Lake Leelanau,Chlorophyll-a,2003-08-25,1.4
North Lake Leelanau,Chlorophyll-a,2003-09-08,1.7
North Lake Leelanau,Chlorophyll-a,2003-10-02,1.5
North Lake Leelanau,Chlorophyll-a,2003-10-20,1.2
North Lake Leelanau,Chlorophyll-a,2004-05-05,0.5
North Lake Leelanau,Chlorophyll-a,2004-06-22,1.2
North Lake Leelanau,Chlorophyll-a,2004-07-07,1.1
North Lake Leelanau,Chlorophyll-a,2004-07-12,0.8
North Lake Leelanau,Chlorophyll-a,2004-07-20,0.8
North Lake Leelanau,Chlorophyll-a,2004-07-27,1.2
North Lake Leelanau,Chlorophyll-a,2004-08-03,1.8
North Lake Leelanau,Chlorophyll-a,2004-08-12,2.0
North Lake Leelanau,Chlorophyll-a,2004-08-17,1.6
North Lake Leelanau,Chlorophyll-a,2004-08-25,1.6
North Lake Leelanau,Chlorophyll-a,2004-08-30,1.6
North Lake Leelanau,Chlorophyll-a,2004-09-08,1.6
North Lake Leelanau,Chlorophyll-a,2004-09-15,1.4
North Lake Leelanau,Chlorophyll-a,2004-09-26,0.8
North Lake Leelanau,Chlorophyll-a,2004-10-20,0.8
North Lake Leelanau,Chlorophyll-a,2004-11-03,0.6
North Lake Leelanau,Chlorophyll-a,2005-05-18,0.78
North Lake Leelanau,Chlorophyll-a,2005-06-08,0.57
North Lake Leelanau,Chlorophyll-a,2005-07-06,2.06
North Lake Leelanau,Chlorophyll-a,2005-08-10,2.0
North Lake Leelanau,Chlorophyll-a,2005-09-08,2.09
North Lake Leelanau,Chlorophyll-a,2006-05-02,1.22
North Lake Leelanau,Chlorophyll-a,2006-07-07,2.22
North Lake Leelanau,Chlorophyll-a,2006-07-27,2.52
North Lake Leelanau,Chlorophyll-a,2006-08-22,2.33
North Lake Leelanau,Chlorophyll-a,2007-05-31,0.55
North Lake Leelanau,Chlorophyll-a,2007-07-26,1.27
North Lake Leelanau,Chlorophyll-a,2007-08-23,1.08
North Lake Leelanau,Chlorophyll-a,2007-10-22,1.51
North Lake Leelanau,Chlorophyll-a,2008-06-11,1.39
North Lake Leelanau,Chlorophyll-a,2008-07-10,0.68
North Lake Leelanau,Chlorophyll-a,2008-08-04,0.78
North Lake Leelanau,Chlorophyll-a,2008-09-10,1.37
North Lake Leelanau,Chlorophyll-a,2009-06-25,1.46
North Lake Leelanau,Chlorophyll-a,2009-07-20,0.83
North Lake Leelanau,Chlorophyll-a,2009-08-27,1.28
North Lake Leelanau,Chlorophyll-a,2010-05-20,0.25
North Lake Leelanau,Chlorophyll-a,2010-06-29,0.56
North Lake Leelanau,Chlorophyll-a,2010-08-13,0.65
North Lake Leelanau,Chlorophyll-a,2016-04-19,0.51
North Lake Leelanau,Chlorophyll-a,2016-06-15,1.27
North Lake Leelanau,Chlorophyll-a,2016-07-15,0.77
North Lake Leelanau,Chlorophyll-a,2016-09-13,1.14
North Lake Leelanau,Chlorophyll-a,2016-10-18,1.84
North Lake Leelanau,Chlorophyll-a,2019-04-22,0.64
North Lake Leelanau,Chlorophyll-a,2019-06-17,1.04
North Lake Leelanau,Chlorophyll-a,2019-07-17,1.19
North Lake Leelanau,Chlorophyll-a,2019-08-20,0.66
North Lake Leelanau,Chlorophyll-a,2019-09-19,0.78
North Lake Leelanau,Chlorophyll-a,2019-10-20,0.53
North Lake Leelanau,Chlorophyll-a,2020-05-13,0.46
North Lake Leelanau,Chlorophyll-a,2020-08-21,0.7
North Lake Leelanau,Chlorophyll-a,2020-09-20,1.8
North Lake Leelanau,Chlorophyll-a,2020-11-06,1.04
North Lake Leelanau,Chlorophyll-a,2021-05-12,0.53
North Lake Leelanau,Chlorophyll-a,2022-05-24,1.21
North Lake Leelanau,Chlorophyll-a,2022-06-24,1.2
North Lake Leelanau,Chlorophyll-a,2022-08-04,1.99
North Lake Leelanau,Chlorophyll-a,2022-09-23,1.4
North Lake Leelanau,Chlorophyll-a,2022-10-28,0.93
North Lake Leelanau,Chlorophyll-a,2023-05-10,1.42
North Lake Leelanau,Chlorophyll-a,2023-06-08,1.12
North Lake Leelanau,Chlorophyll-a,2023-06-28,2.08
North Lake Leelanau,Chlorophyll-a,2023-07-13,1.94
North Lake Leelanau,Chlorophyll-a,2023-08-11,1.49
North Lake Leelanau,Chlorophyll-a,2023-09-14,1.27
North Lake Leelanau,Chlorophyll-a,2023-10-05,1.12
North Lake Leelanau,Chlorophyll-a,2024-05-07,0.57
North Lake Leelanau,Chlorophyll-a,2024-06-12,0.9
North Lake Leelanau,Chlorophyll-a,2024-08-01,0.85
North Lake Leelanau,Chlorophyll-a,2024-09-11,1.14
North Lake Leelanau,Chlorophyll-a,2024-10-03,1.14
North Lake Leelanau,Chlorophyll-a,2025-05-14,0.08
North Lake Leelanau,Chlorophyll-a,2025-06-06,0.59
North Lake Leelanau,Chlorophyll-a,2025-07-10,0.62
North Lake Leelanau,Chlorophyll-a,2025-08-08,1.55
North Lake Leelanau,Chlorophyll-a,2025-09-10,1.48
North Lake Leelanau,Chlorophyll-a,2025-10-03,1.22
North Lake Leelanau,Nitrate,1990-06-27,765.0
North Lake Leelanau,Nitrate,1990-06-27,686.0
North Lake Leelanau,Nitrate,1990-09-26,493.0
North Lake Leelanau,Nitrate,1990-09-26,546.0
North Lake Leelanau,Nitrate,1991-08-20,110.0
North Lake Leelanau,Nitrate,1991-08-20,50.0
North Lake Leelanau,Nitrate,1991-09-11,10.0
North Lake Leelanau,Nitrate,1991-09-11,10.0
North Lake Leelanau,Nitrate,1991-09-24,100.0
North Lake Leelanau,Nitrate,1991-09-24,290.0
North Lake Leelanau,Nitrate,1992-02-27,140.0
North Lake Leelanau,Nitrate,1992-05-04,210.0
North Lake Leelanau,Nitrate,1992-05-04,220.0
North Lake Leelanau,Nitrate,1992-06-25,219.0
North Lake Leelanau,Nitrate,1992-06-25,211.0
North Lake Leelanau,Nitrate,1992-07-23,230.0
North Lake Leelanau,Nitrate,1992-07-23,220.0
North Lake Leelanau,Nitrate,1992-08-07,380.0
North Lake Leelanau,Nitrate,1992-08-07,290.0
North Lake Leelanau,Nitrate,1992-08-28,280.0
North Lake Leelanau,Nitrate,1992-09-24,150.0
North Lake Leelanau,Nitrate,1992-09-24,150.0
North Lake Leelanau,Nitrate,1992-10-27,150.0
North Lake Leelanau,Nitrate,1992-10-27,340.0
North Lake Leelanau,Nitrate,1993-01-28,0.0
North Lake Leelanau,Nitrate,1993-03-26,490.0
North Lake Leelanau,Nitrate,1993-04-27,350.0
North Lake Leelanau,Nitrate,1993-04-29,330.0
North Lake Leelanau,Nitrate,1993-06-11,90.0
North Lake Leelanau,Nitrate,1993-06-11,313.0
North Lake Leelanau,Nitrate,1993-07-22,80.0
North Lake Leelanau,Nitrate,1993-07-22,40.0
North Lake Leelanau,Nitrate,1993-09-15,160.0
North Lake Leelanau,Nitrate,1993-09-15,140.0
North Lake Leelanau,Nitrate,1993-11-10,560.0
North Lake Leelanau,Nitrate,1993-11-10,550.0
North Lake Leelanau,Nitrate,1994-03-02,660.0
North Lake Leelanau,Nitrate,1994-04-28,310.0
North Lake Leelanau,Nitrate,1994-04-30,320.0
North Lake Leelanau,Nitrate,1994-06-20,270.0
North Lake Leelanau,Nitrate,1994-06-20,270.0
North Lake Leelanau,Nitrate,1994-07-18,250.0
North Lake Leelanau,Nitrate,1994-07-21,260.0
North Lake Leelanau,Nitrate,1994-08-16,200.0
North Lake Leelanau,Nitrate,1994-08-18,239.0
North Lake Leelanau,Nitrate,1994-09-27,400.0
North Lake Leelanau,Nitrate,1994-09-27,440.0
North Lake Leelanau,Nitrate,1994-11-11,200.0
North Lake Leelanau,Nitrate,1994-11-11,250.0
North Lake Leelanau,Nitrate,1995-04-22,350.0
North Lake Leelanau,Nitrate,1995-04-22,403.0
North Lake Leelanau,Nitrate,1995-06-20,190.0
North Lake Leelanau,Nitrate,1995-06-20,170.0
North Lake Leelanau,Nitrate,1995-07-13,170.0
North Lake Leelanau,Nitrate,1995-07-13,170.0
North Lake Leelanau,Nitrate,1995-10-03,140.0
North Lake Leelanau,Nitrate,1995-10-31,160.0
North Lake Leelanau,Nitrate,1996-03-23,250.0
North Lake Leelanau,Nitrate,1996-05-30,240.0
North Lake Leelanau,Nitrate,1996-05-30,210.0
North Lake Leelanau,Nitrate,1996-07-15,210.0
North Lake Leelanau,Nitrate,1996-07-18,200.0
North Lake Leelanau,Nitrate,1996-08-20,140.0
North Lake Leelanau,Nitrate,1996-08-20,120.0
North Lake Leelanau,Nitrate,1996-09-20,160.0
North Lake Leelanau,Nitrate,1996-09-20,140.0
North Lake Leelanau,Nitrate,1996-10-22,170.0
North Lake Leelanau,Nitrate,1996-11-25,180.0
North Lake Leelanau,Nitrate,1996-11-25,180.0
North Lake Leelanau,Nitrate,1997-04-25,240.0
North Lake Leelanau,Nitrate,1997-04-25,240.0
North Lake Leelanau,Nitrate,1997-06-30,220.0
North Lake Leelanau,Nitrate,1997-06-30,210.0
North Lake Leelanau,Nitrate,1997-07-24,190.0
North Lake Leelanau,Nitrate,1997-08-14,220.0
North Lake Leelanau,Nitrate,1997-08-14,200.0
North Lake Leelanau,Nitrate,1997-09-08,160.0
North Lake Leelanau,Nitrate,1997-09-08,160.0
North Lake Leelanau,Nitrate,1998-08-13,110.0
North Lake Leelanau,Nitrate,1998-08-13,120.0
North Lake Leelanau,Nitrate,1998-09-23,80.0
North Lake Leelanau,Nitrate,1998-09-23,140.0
North Lake Leelanau,Nitrate,1999-04-13,230.0
North Lake Leelanau,Nitrate,1999-04-13,240.0
North Lake Leelanau,Nitrate,1999-06-18,160.0
North Lake Leelanau,Nitrate,1999-06-18,20.0
North Lake Leelanau,Nitrate,1999-09-24,110.0
North Lake Leelanau,Nitrate,1999-09-24,110.0
North Lake Leelanau,Nitrate,2000-04-27,250.0
North Lake Leelanau,Nitrate,2000-04-27,250.0
North Lake Leelanau,Nitrate,2000-06-28,190.0
North Lake Leelanau,Nitrate,2000-06-28,190.0
North Lake Leelanau,Nitrate,2000-07-24,210.0
North Lake Leelanau,Nitrate,2000-07-24,190.0
North Lake Leelanau,Nitrate,2000-08-14,160.0
North Lake Leelanau,Nitrate,2000-08-14,140.0
North Lake Leelanau,Nitrate,2000-09-26,140.0
North Lake Leelanau,Nitrate,2000-09-26,130.0
North Lake Leelanau,Nitrate,2000-10-27,160.0
North Lake Leelanau,Nitrate,2000-10-27,150.0
North Lake Leelanau,Nitrate,2001-06-04,250.0
North Lake Leelanau,Nitrate,2001-06-04,230.0
North Lake Leelanau,Nitrate,2001-07-10,200.0
North Lake Leelanau,Nitrate,2001-08-07,140.0
North Lake Leelanau,Nitrate,2001-08-29,160.0
North Lake Leelanau,Nitrate,2001-09-28,160.0
North Lake Leelanau,Nitrate,2001-10-22,210.0
North Lake Leelanau,Nitrate,2001-11-06,200.0
North Lake Leelanau,Nitrate,2002-04-16,250.0
North Lake Leelanau,Nitrate,2002-05-28,300.0
North Lake Leelanau,Nitrate,2002-06-17,300.0
North Lake Leelanau,Nitrate,2002-07-18,200.0
North Lake Leelanau,Nitrate,2002-08-05,180.0
North Lake Leelanau,Nitrate,2002-08-27,180.0
North Lake Leelanau,Nitrate,2002-09-13,290.0
North Lake Leelanau,Nitrate,2002-10-16,290.0
North Lake Leelanau,Nitrate,2003-04-24,260.0
North Lake Leelanau,Nitrate,2003-05-15,280.0
North Lake Leelanau,Nitrate,2003-06-16,400.0
North Lake Leelanau,Nitrate,2003-07-02,270.0
North Lake Leelanau,Nitrate,2003-07-09,250.0
North Lake Leelanau,Nitrate,2003-07-24,400.0
North Lake Leelanau,Nitrate,2003-08-10,190.0
North Lake Leelanau,Nitrate,2003-08-25,150.0
North Lake Leelanau,Nitrate,2003-09-08,170.0
North Lake Leelanau,Nitrate,2003-10-02,180.0
North Lake Leelanau,Nitrate,2003-10-20,420.0
North Lake Leelanau,Nitrate,2004-05-05,350.0
North Lake Leelanau,Nitrate,2004-06-22,249.0
North Lake Leelanau,Nitrate,2004-07-07,229.0
North Lake Leelanau,Nitrate,2004-07-12,222.0
North Lake Leelanau,Nitrate,2004-07-20,204.0
North Lake Leelanau,Nitrate,2004-07-27,210.0
North Lake Leelanau,Nitrate,2004-08-03,182.0
North Lake Leelanau,Nitrate,2004-08-12,174.0
North Lake Leelanau,Nitrate,2004-08-17,145.0
North Lake Leelanau,Nitrate,2004-08-25,193.0
North Lake Leelanau,Nitrate,2004-08-30,164.0
North Lake Leelanau,Nitrate,2004-09-08,156.0
North Lake Leelanau,Nitrate,2004-09-15,157.0
North Lake Leelanau,Nitrate,2004-09-26,185.0
North Lake Leelanau,Nitrate,2004-10-20,246.0
North Lake Leelanau,Nitrate,2004-11-03,240.0
North Lake Leelanau,Nitrate,2005-05-18,273.0
North Lake Leelanau,Nitrate,2005-06-08,242.8
North Lake Leelanau,Nitrate,2005-07-06,173.4
North Lake Leelanau,Nitrate,2005-08-10,104.8
North Lake Leelanau,Nitrate,2005-09-08,91.9
North Lake Leelanau,Nitrate,2006-05-02,232.2
North Lake Leelanau,Nitrate,2006-07-07,154.1
North Lake Leelanau,Nitrate,2006-07-27,117.8
North Lake Leelanau,Nitrate,2006-08-22,77.4
North Lake Leelanau,Nitrate,2007-05-31,146.8
North Lake Leelanau,Nitrate,2007-07-26,85.9
North Lake Leelanau,Nitrate,2007-08-23,50.9
North Lake Leelanau,Nitrate,2007-10-22,84.9
North Lake Leelanau,Nitrate,2008-06-11,162.7
North Lake Leelanau,Nitrate,2008-07-10,129.9
North Lake Leelanau,Nitrate,2008-08-04,104.6
North Lake Leelanau,Nitrate,2008-09-10,76.7
North Lake Leelanau,Nitrate,2009-06-25,134.1
North Lake Leelanau,Nitrate,2009-07-20,129.8
North Lake Leelanau,Nitrate,2009-08-27,83.8
North Lake Leelanau,Nitrate,2010-05-20,163.0
North Lake Leelanau,Nitrate,2010-06-29,108.5
North Lake Leelanau,Nitrate,2010-08-13,51.8
North Lake Leelanau,Nitrate,2011-06-15,237.0
North Lake Leelanau,Nitrate,2011-07-08,151.7
North Lake Leelanau,Nitrate,2011-08-09,107.4
North Lake Leelanau,Nitrate,2011-09-07,70.4
North Lake Leelanau,Nitrate,2011-09-07,66.4
North Lake Leelanau,Nitrate,2011-10-14,97.0
North Lake Leelanau,Nitrate,2012-05-15,344.0
North Lake Leelanau,Nitrate,2012-07-25,101.0
North Lake Leelanau,Nitrate,2012-09-16,72.3
North Lake Leelanau,Nitrate,2014-05-23,243.0
North Lake Leelanau,Nitrate,2014-07-14,112.2
North Lake Leelanau,Nitrate,2014-08-15,140.0
North Lake Leelanau,Nitrate,2014-09-08,84.0
North Lake Leelanau,Nitrate,2015-05-16,286.0
North Lake Leelanau,Nitrate,2015-07-07,184.0
North Lake Leelanau,Nitrate,2015-08-15,91.6
North Lake Leelanau,Nitrate,2015-08-15,152.0
North Lake Leelanau,Nitrate,2015-09-18,101.7
North Lake Leelanau,Nitrate,2015-10-20,109.9
North Lake Leelanau,Nitrate,2016-04-19,237.0
North Lake Leelanau,Nitrate,2016-06-15,245.0
North Lake Leelanau,Nitrate,2016-07-15,111.5
North Lake Leelanau,Nitrate,2016-09-12,67.9
North Lake Leelanau,Nitrate,2016-10-14,86.2
North Lake Leelanau,Nitrate,2017-05-04,256.0
North Lake Leelanau,Nitrate,2017-06-14,149.7
North Lake Leelanau,Nitrate,2017-07-13,124.5
North Lake Leelanau,Nitrate,2017-08-09,95.1
North Lake Leelanau,Nitrate,2017-09-13,81.7
North Lake Leelanau,Nitrate,2017-11-07,116.0
North Lake Leelanau,Nitrate,2018-05-15,203.0
North Lake Leelanau,Nitrate,2018-06-20,159.0
North Lake Leelanau,Nitrate,2018-07-18,111.4
North Lake Leelanau,Nitrate,2018-08-19,63.8
North Lake Leelanau,Nitrate,2018-09-24,62.9
North Lake Leelanau,Nitrate,2018-10-30,93.6
North Lake Leelanau,Nitrate,2019-06-17,256.0
North Lake Leelanau,Nitrate,2019-07-17,204.0
North Lake Leelanau,Nitrate,2019-08-20,98.1
North Lake Leelanau,Nitrate,2019-09-19,100.6
North Lake Leelanau,Nitrate,2019-10-20,132.7
North Lake Leelanau,Nitrate,2020-05-13,83.0
North Lake Leelanau,Nitrate,2020-08-21,98.3
North Lake Leelanau,Nitrate,2020-09-20,101.2
North Lake Leelanau,Nitrate,2020-11-06,144.2
North Lake Leelanau,Nitrate,2021-05-12,255.0
North Lake Leelanau,Nitrate,2021-07-30,129.7
North Lake Leelanau,Nitrate,2022-05-24,248.0
North Lake Leelanau,Nitrate,2022-06-24,206.0
North Lake Leelanau,Nitrate,2022-08-04,133.4
North Lake Leelanau,Nitrate,2022-09-23,70.6
North Lake Leelanau,Nitrate,2022-10-28,99.4
North Lake Leelanau,Nitrate,2023-05-10,206.0
North Lake Leelanau,Nitrate,2023-06-08,179.0
North Lake Leelanau,Nitrate,2023-06-28,123.7
North Lake Leelanau,Nitrate,2023-07-13,119.0
North Lake Leelanau,Nitrate,2023-08-11,69.2
North Lake Leelanau,Nitrate,2023-09-14,69.3
North Lake Leelanau,Nitrate,2023-10-05,63.5
North Lake Leelanau,Nitrate,2024-05-07,232.0
North Lake Leelanau,Nitrate,2024-06-12,136.0
North Lake Leelanau,Nitrate,2024-08-01,94.2
North Lake Leelanau,Nitrate,2024-09-11,83.4
North Lake Leelanau,Nitrate,2024-10-03,72.2
North Lake Leelanau,Nitrate,2025-05-14,155.0
North Lake Leelanau,Nitrate,2025-06-06,148.0
North Lake Leelanau,Nitrate,2025-07-10,125.8
North Lake Leelanau,Nitrate,2025-08-08,84.7
North Lake Leelanau,Nitrate,2025-08-08,128.8
North Lake Leelanau,Nitrate,2025-09-10,71.7
North Lake Leelanau,Nitrate,2025-10-03,66.1
North Lake Leelanau,Secchi Depth,1990-06-06,14.5
North Lake Leelanau,Secchi Depth,1990-06-07,15.2
North Lake Leelanau,Secchi Depth,1990-06-27,16
North Lake Leelanau,Secchi Depth,1990-06-27,13.5
North Lake Leelanau,Secchi Depth,1990-07-13,14.5
North Lake Leelanau,Secchi Depth,1990-07-13,11.5
North Lake Leelanau,Secchi Depth,1990-08-02,12
North Lake Leelanau,Secchi Depth,1990-08-02,12.5
North Lake Leelanau,Secchi Depth,1990-08-22,14
North Lake Leelanau,Secchi Depth,1990-08-22,12.5
North Lake Leelanau,Secchi Depth,1990-09-26,13.5
North Lake Leelanau,Secchi Depth,1990-09-26,12.5
North Lake Leelanau,Secchi Depth,1990-10-26,11
North Lake Leelanau,Secchi Depth,1990-10-26,13
North Lake Leelanau,Secchi Depth,1990-11-08,13
North Lake Leelanau,Secchi Depth,1991-04-26,18.5
North Lake Leelanau,Secchi Depth,1991-04-26,19.5
North Lake Leelanau,Secchi Depth,1991-05-20,17.5
North Lake Leelanau,Secchi Depth,1991-05-20,16.5
North Lake Leelanau,Secchi Depth,1991-06-06,16
North Lake Leelanau,Secchi Depth,1991-06-06,14.5
North Lake Leelanau,Secchi Depth,1991-07-03,9.5
North Lake Leelanau,Secchi Depth,1991-07-03,9.5
North Lake Leelanau,Secchi Depth,1991-07-18,10.5
North Lake Leelanau,Secchi Depth,1991-07-18,11
North Lake Leelanau,Secchi Depth,1991-08-02,13.5
North Lake Leelanau,Secchi Depth,1991-08-02,13.5
North Lake Leelanau,Secchi Depth,1991-08-20,9
North Lake Leelanau,Secchi Depth,1991-08-20,8
North Lake Leelanau,Secchi Depth,1991-09-11,10
North Lake Leelanau,Secchi Depth,1991-09-11,10
North Lake Leelanau,Secchi Depth,1991-09-24,13.5
North Lake Leelanau,Secchi Depth,1991-09-24,14
North Lake Leelanau,Secchi Depth,1991-11-07,12
North Lake Leelanau,Secchi Depth,1991-11-07,11.5
North Lake Leelanau,Secchi Depth,1992-05-04,18
North Lake Leelanau,Secchi Depth,1992-06-25,18
North Lake Leelanau,Secchi Depth,1992-06-25,15
North Lake Leelanau,Secchi Depth,1992-07-23,15
North Lake Leelanau,Secchi Depth,1992-07-23,15.5
North Lake Leelanau,Secchi Depth,1992-08-07,10.5
North Lake Leelanau,Secchi Depth,1992-08-07,12
North Lake Leelanau,Secchi Depth,1992-08-28,11
North Lake Leelanau,Secchi Depth,1992-09-24,14.5
North Lake Leelanau,Secchi Depth,1992-09-24,14
North Lake Leelanau,Secchi Depth,1992-10-27,14.5
North Lake Leelanau,Secchi Depth,1992-10-27,16.5
North Lake Leelanau,Secchi Depth,1993-04-27,17
North Lake Leelanau,Secchi Depth,1993-04-29,18
North Lake Leelanau,Secchi Depth,1993-06-11,18.5
North Lake Leelanau,Secchi Depth,1993-06-11,16
North Lake Leelanau,Secchi Depth,1993-07-22,12
North Lake Leelanau,Secchi Depth,1993-07-22,12
North Lake Leelanau,Secchi Depth,1993-08-26,15
North Lake Leelanau,Secchi Depth,1993-09-15,17.5
North Lake Leelanau,Secchi Depth,1993-09-15,16.5
North Lake Leelanau,Secchi Depth,1993-11-10,18
North Lake Leelanau,Secchi Depth,1993-11-10,19
North Lake Leelanau,Secchi Depth,1994-04-28,17.5
North Lake Leelanau,Secchi Depth,1994-04-30,16
North Lake Leelanau,Secchi Depth,1994-06-20,10
North Lake Leelanau,Secchi Depth,1994-06-20,10
North Lake Leelanau,Secchi Depth,1994-07-18,13
North Lake Leelanau,Secchi Depth,1994-07-21,14.5
North Lake Leelanau,Secchi Depth,1994-08-16,11.5
North Lake Leelanau,Secchi Depth,1994-08-18,11
North Lake Leelanau,Secchi Depth,1994-09-27,14
North Lake Leelanau,Secchi Depth,1994-09-27,15
North Lake Leelanau,Secchi Depth,1994-11-11,14
North Lake Leelanau,Secchi Depth,1995-04-22,18
North Lake Leelanau,Secchi Depth,1995-04-22,18
North Lake Leelanau,Secchi Depth,1995-06-20,9
North Lake Leelanau,Secchi Depth,1995-06-20,7
North Lake Leelanau,Secchi Depth,1995-07-13,14
North Lake Leelanau,Secchi Depth,1995-07-13,10.5
North Lake Leelanau,Secchi Depth,1995-10-03,12
North Lake Leelanau,Secchi Depth,1996-05-30,14.9
North Lake Leelanau,Secchi Depth,1996-07-15,11
North Lake Leelanau,Secchi Depth,1996-07-18,12
North Lake Leelanau,Secchi Depth,1996-08-20,12
North Lake Leelanau,Secchi Depth,1996-08-20,11
North Lake Leelanau,Secchi Depth,1996-09-20,14.5
North Lake Leelanau,Secchi Depth,1996-09-20,12
North Lake Leelanau,Secchi Depth,1996-10-22,15.5
North Lake Leelanau,Secchi Depth,1996-11-25,14
North Lake Leelanau,Secchi Depth,1996-11-25,13.5
North Lake Leelanau,Secchi Depth,1997-04-25,17.5
North Lake Leelanau,Secchi Depth,1997-04-25,17
North Lake Leelanau,Secchi Depth,1997-06-30,10
North Lake Leelanau,Secchi Depth,1997-06-30,10.5
North Lake Leelanau,Secchi Depth,1997-07-24,9.5
North Lake Leelanau,Secchi Depth,1997-07-24,9.5
North Lake Leelanau,Secchi Depth,1997-08-14,14
North Lake Leelanau,Secchi Depth,1997-08-14,13
North Lake Leelanau,Secchi Depth,1997-09-08,15
North Lake Leelanau,Secchi Depth,1997-09-08,15.5
North Lake Leelanau,Secchi Depth,1998-04-21,17
North Lake Leelanau,Secchi Depth,1998-04-21,17.5
North Lake Leelanau,Secchi Depth,1998-08-13,12
North Lake Leelanau,Secchi Depth,1998-08-13,12
North Lake Leelanau,Secchi Depth,1998-09-23,10.5
North Lake Leelanau,Secchi Depth,1998-09-23,10.5
North Lake Leelanau,Secchi Depth,1999-04-13,24
North Lake Leelanau,Secchi Depth,1999-04-13,24
North Lake Leelanau,Secchi Depth,1999-06-18,10.5
North Lake Leelanau,Secchi Depth,1999-06-18,9
North Lake Leelanau,Secchi Depth,1999-09-24,14
North Lake Leelanau,Secchi Depth,1999-09-24,14
North Lake Leelanau,Secchi Depth,2000-04-27,21
North Lake Leelanau,Secchi Depth,2000-04-27,21
North Lake Leelanau,Secchi Depth,2000-06-28,17
North Lake Leelanau,Secchi Depth,2000-06-28,16
North Lake Leelanau,Secchi Depth,2000-07-24,15
North Lake Leelanau,Secchi Depth,2000-07-24,15
North Lake Leelanau,Secchi Depth,2000-08-14,15
North Lake Leelanau,Secchi Depth,2000-08-14,13.5
North Lake Leelanau,Secchi Depth,2000-09-26,15
North Lake Leelanau,Secchi Depth,2000-09-26,15
North Lake Leelanau,Secchi Depth,2000-10-27,20
North Lake Leelanau,Secchi Depth,2000-10-27,20.5
North Lake Leelanau,Secchi Depth,2001-06-04,21.5
North Lake Leelanau,Secchi Depth,2001-06-04,15
North Lake Leelanau,Secchi Depth,2001-07-10,14
North Lake Leelanau,Secchi Depth,2001-08-07,9.5
North Lake Leelanau,Secchi Depth,2001-08-29,11
North Lake Leelanau,Secchi Depth,2001-09-28,15.5
North Lake Leelanau,Secchi Depth,2001-10-22,21.5
North Lake Leelanau,Secchi Depth,2001-11-06,19.5
North Lake Leelanau,Secchi Depth,2002-04-16,25
North Lake Leelanau,Secchi Depth,2002-05-28,21
North Lake Leelanau,Secchi Depth,2002-06-17,24.5
North Lake Leelanau,Secchi Depth,2002-07-18,19
North Lake Leelanau,Secchi Depth,2002-08-05,8.5
North Lake Leelanau,Secchi Depth,2002-08-08,10.5
North Lake Leelanau,Secchi Depth,2002-08-27,10
North Lake Leelanau,Secchi Depth,2002-09-13,10
North Lake Leelanau,Secchi Depth,2002-10-16,15.5
North Lake Leelanau,Secchi Depth,2003-04-24,33
North Lake Leelanau,Secchi Depth,2003-05-15,25.5
North Lake Leelanau,Secchi Depth,2003-06-16,24.5
North Lake Leelanau,Secchi Depth,2003-07-02,26
North Lake Leelanau,Secchi Depth,2003-07-09,20.5
North Lake Leelanau,Secchi Depth,2003-07-24,15.5
North Lake Leelanau,Secchi Depth,2003-08-10,10
North Lake Leelanau,Secchi Depth,2003-08-25,9.5
North Lake Leelanau,Secchi Depth,2003-09-08,13
North Lake Leelanau,Secchi Depth,2003-10-02,15.5
North Lake Leelanau,Secchi Depth,2003-10-20,19.5
North Lake Leelanau,Secchi Depth,2004-05-05,30
North Lake Leelanau,Secchi Depth,2004-06-22,26
North Lake Leelanau,Secchi Depth,2004-07-07,21
North Lake Leelanau,Secchi Depth,2004-07-12,19.5
North Lake Leelanau,Secchi Depth,2004-07-20,19
North Lake Leelanau,Secchi Depth,2004-07-27,17.5
North Lake Leelanau,Secchi Depth,2004-08-03,14.5
North Lake Leelanau,Secchi Depth,2004-08-12,11
North Lake Leelanau,Secchi Depth,2004-08-17,10.5
North Lake Leelanau,Secchi Depth,2004-08-25,10.5
North Lake Leelanau,Secchi Depth,2004-08-30,13.5
North Lake Leelanau,Secchi Depth,2004-09-08,13.5
North Lake Leelanau,Secchi Depth,2004-09-15,12
North Lake Leelanau,Secchi Depth,2004-09-26,16
North Lake Leelanau,Secchi Depth,2004-10-20,18.5
North Lake Leelanau,Secchi Depth,2004-11-03,27
North Lake Leelanau,Secchi Depth,2005-04-25,28
North Lake Leelanau,Secchi Depth,2005-05-18,29
North Lake Leelanau,Secchi Depth,2005-06-08,30
North Lake Leelanau,Secchi Depth,2005-06-14,26
North Lake Leelanau,Secchi Depth,2005-07-06,21
North Lake Leelanau,Secchi Depth,2005-08-10,9.5
North Lake Leelanau,Secchi Depth,2005-09-08,12.5
North Lake Leelanau,Secchi Depth,2006-05-02,24
North Lake Leelanau,Secchi Depth,2006-07-07,14.5
North Lake Leelanau,Secchi Depth,2006-07-27,10
North Lake Leelanau,Secchi Depth,2006-08-22,10
North Lake Leelanau,Secchi Depth,2007-05-31,22.5
North Lake Leelanau,Secchi Depth,2007-07-26,15
North Lake Leelanau,Secchi Depth,2007-08-23,12.5
North Lake Leelanau,Secchi Depth,2007-10-22,14
North Lake Leelanau,Secchi Depth,2008-06-11,21
North Lake Leelanau,Secchi Depth,2008-07-10,17.5
North Lake Leelanau,Secchi Depth,2008-08-04,12.5
North Lake Leelanau,Secchi Depth,2008-09-10,11.5
North Lake Leelanau,Secchi Depth,2009-06-25,26
North Lake Leelanau,Secchi Depth,2009-07-20,14.5
North Lake Leelanau,Secchi Depth,2009-08-27,13
North Lake Leelanau,Secchi Depth,2010-05-20,35
North Lake Leelanau,Secchi Depth,2010-06-29,23.5
North Lake Leelanau,Secchi Depth,2010-08-13,7
North Lake Leelanau,Secchi Depth,2011-06-07,27
North Lake Leelanau,Secchi Depth,2011-07-06,0
North Lake Leelanau,Secchi Depth,2011-08-04,13
North Lake Leelanau,Secchi Depth,2011-09-01,14
North Lake Leelanau,Secchi Depth,2011-10-06,26
North Lake Leelanau,Secchi Depth,2012-05-10,29
North Lake Leelanau,Secchi Depth,2012-07-11,26
North Lake Leelanau,Secchi Depth,2012-09-16,16
North Lake Leelanau,Secchi Depth,2014-05-23,23.5
North Lake Leelanau,Secchi Depth,2014-07-14,24.5
North Lake Leelanau,Secchi Depth,2014-08-15,15.5
North Lake Leelanau,Secchi Depth,2014-09-08,14
North Lake Leelanau,Secchi Depth,2015-05-16,23.5
North Lake Leelanau,Secchi Depth,2015-07-07,22
North Lake Leelanau,Secchi Depth,2015-08-15,11
North Lake Leelanau,Secchi Depth,2015-09-18,13
North Lake Leelanau,Secchi Depth,2015-10-20,17
North Lake Leelanau,Secchi Depth,2016-04-18,23
North Lake Leelanau,Secchi Depth,2016-06-15,21.5
North Lake Leelanau,Secchi Depth,2016-07-15,16
North Lake Leelanau,Secchi Depth,2016-08-26,10.5
North Lake Leelanau,Secchi Depth,2016-09-29,13.5
North Lake Leelanau,Secchi Depth,2016-11-02,20.5
North Lake Leelanau,Secchi Depth,2017-05-04,27.5
North Lake Leelanau,Secchi Depth,2017-06-14,13.5
North Lake Leelanau,Secchi Depth,2017-07-13,13
North Lake Leelanau,Secchi Depth,2017-08-09,12.5
North Lake Leelanau,Secchi Depth,2017-09-13,16.5
North Lake Leelanau,Secchi Depth,2017-11-07,17
North Lake Leelanau,Secchi Depth,2018-05-15,22.5
North Lake Leelanau,Secchi Depth,2018-06-20,22
North Lake Leelanau,Secchi Depth,2018-07-18,18.5
North Lake Leelanau,Secchi Depth,2018-08-19,10
North Lake Leelanau,Secchi Depth,2018-09-24,14
North Lake Leelanau,Secchi Depth,2018-10-30,18
North Lake Leelanau,Secchi Depth,2019-04-22,31.5
North Lake Leelanau,Secchi Depth,2019-06-17,17
North Lake Leelanau,Secchi Depth,2019-07-17,26
North Lake Leelanau,Secchi Depth,2019-08-20,10
North Lake Leelanau,Secchi Depth,2019-09-19,18
North Lake Leelanau,Secchi Depth,2019-10-20,22.5
North Lake Leelanau,Secchi Depth,2020-05-13,36.5
North Lake Leelanau,Secchi Depth,2020-09-20,18
North Lake Leelanau,Secchi Depth,2020-11-06,21.5
North Lake Leelanau,Secchi Depth,2021-05-12,41
North Lake Leelanau,Secchi Depth,2021-07-06,10.5
North Lake Leelanau,Secchi Depth,2021-07-30,12
North Lake Leelanau,Secchi Depth,2021-08-24,10.5
North Lake Leelanau,Secchi Depth,2021-10-28,13.5
North Lake Leelanau,Secchi Depth,2022-05-24,23
North Lake Leelanau,Secchi Depth,2022-06-24,15
North Lake Leelanau,Secchi Depth,2022-08-04,9
North Lake Leelanau,Secchi Depth,2022-09-23,11
North Lake Leelanau,Secchi Depth,2022-10-28,16
North Lake Leelanau,Secchi Depth,2023-05-10,26
North Lake Leelanau,Secchi Depth,2023-06-08,28.5
North Lake Leelanau,Secchi Depth,2023-07-13,18
North Lake Leelanau,Secchi Depth,2023-08-11,11
North Lake Leelanau,Secchi Depth,2023-09-14,13.5
North Lake Leelanau,Secchi Depth,2023-10-05,16
North Lake Leelanau,Secchi Depth,2024-05-07,32
North Lake Leelanau,Secchi Depth,2024-06-12,24
North Lake Leelanau,Secchi Depth,2024-08-01,8
North Lake Leelanau,Secchi Depth,2024-09-11,10
North Lake Leelanau,Secchi Depth,2024-10-03,12.5
North Lake Leelanau,Secchi Depth,2025-05-14,26
North Lake Leelanau,Secchi Depth,2025-06-06,27
North Lake Leelanau,Secchi Depth,2025-07-10,21
North Lake Leelanau,Secchi Depth,2025-08-08,7.5
North Lake Leelanau,Secchi Depth,2025-09-10,16.5
North Lake Leelanau,Secchi Depth,2025-10-03,11
North Lake Leelanau,Total Phosphorus,1990-06-06,5.4
North Lake Leelanau,Total Phosphorus,1990-06-07,4.0
North Lake Leelanau,Total Phosphorus,1990-06-27,8.8
North Lake Leelanau,Total Phosphorus,1990-06-27,4.6
North Lake Leelanau,Total Phosphorus,1990-07-13,3.6
North Lake Leelanau,Total Phosphorus,1990-07-13,6.0
North Lake Leelanau,Total Phosphorus,1990-08-02,3.5
North Lake Leelanau,Total Phosphorus,1990-08-02,5.3
North Lake Leelanau,Total Phosphorus,1990-08-22,3.6
North Lake Leelanau,Total Phosphorus,1990-08-22,4.5
North Lake Leelanau,Total Phosphorus,1990-09-26,5.4
North Lake Leelanau,Total Phosphorus,1990-09-26,4.1
North Lake Leelanau,Total Phosphorus,1990-10-26,4.6
North Lake Leelanau,Total Phosphorus,1990-10-26,5.6
North Lake Leelanau,Total Phosphorus,1990-11-08,4.5
North Lake Leelanau,Total Phosphorus,1990-11-08,5.0
North Lake Leelanau,Total Phosphorus,1991-02-21,4.7
North Lake Leelanau,Total Phosphorus,1991-02-21,3.7
North Lake Leelanau,Total Phosphorus,1991-03-14,4.5
North Lake Leelanau,Total Phosphorus,1991-04-26,4.9
North Lake Leelanau,Total Phosphorus,1991-04-26,6.7
North Lake Leelanau,Total Phosphorus,1991-05-20,4.2
North Lake Leelanau,Total Phosphorus,1991-05-20,4.2
North Lake Leelanau,Total Phosphorus,1991-06-06,3.3
North Lake Leelanau,Total Phosphorus,1991-06-06,3.3
North Lake Leelanau,Total Phosphorus,1991-07-03,3.0
North Lake Leelanau,Total Phosphorus,1991-07-03,3.0
North Lake Leelanau,Total Phosphorus,1991-07-18,3.1
North Lake Leelanau,Total Phosphorus,1991-07-18,2.7
North Lake Leelanau,Total Phosphorus,1991-08-02,3.1
North Lake Leelanau,Total Phosphorus,1991-08-02,3.1
North Lake Leelanau,Total Phosphorus,1991-08-20,3.6
North Lake Leelanau,Total Phosphorus,1991-08-20,3.2
North Lake Leelanau,Total Phosphorus,1991-09-11,4.3
North Lake Leelanau,Total Phosphorus,1991-09-11,4.8
North Lake Leelanau,Total Phosphorus,1991-09-24,3.7
North Lake Leelanau,Total Phosphorus,1991-09-24,5.8
North Lake Leelanau,Total Phosphorus,1991-11-07,4.1
North Lake Leelanau,Total Phosphorus,1991-11-07,5.0
North Lake Leelanau,Total Phosphorus,1992-02-27,7.3
North Lake Leelanau,Total Phosphorus,1992-03-20,6.7
North Lake Leelanau,Total Phosphorus,1992-05-04,3.6
North Lake Leelanau,Total Phosphorus,1992-05-04,3.6
North Lake Leelanau,Total Phosphorus,1992-06-25,3.6
North Lake Leelanau,Total Phosphorus,1992-06-25,3.6
North Lake Leelanau,Total Phosphorus,1992-07-23,4.3
North Lake Leelanau,Total Phosphorus,1992-07-23,4.3
North Lake Leelanau,Total Phosphorus,1992-08-07,3.9
North Lake Leelanau,Total Phosphorus,1992-08-07,4.4
North Lake Leelanau,Total Phosphorus,1992-08-28,4.1
North Lake Leelanau,Total Phosphorus,1992-09-24,4.1
North Lake Leelanau,Total Phosphorus,1992-09-24,4.1
North Lake Leelanau,Total Phosphorus,1992-10-27,4.6
North Lake Leelanau,Total Phosphorus,1992-10-27,4.2
North Lake Leelanau,Total Phosphorus,1993-01-28,18.8
North Lake Leelanau,Total Phosphorus,1993-03-26,3.2
North Lake Leelanau,Total Phosphorus,1993-04-27,4.9
North Lake Leelanau,Total Phosphorus,1993-04-29,4.2
North Lake Leelanau,Total Phosphorus,1993-06-11,3.6
North Lake Leelanau,Total Phosphorus,1993-06-11,4.5
North Lake Leelanau,Total Phosphorus,1993-07-22,3.2
North Lake Leelanau,Total Phosphorus,1993-07-22,3.3
North Lake Leelanau,Total Phosphorus,1993-09-15,3.7
North Lake Leelanau,Total Phosphorus,1993-09-15,4.2
North Lake Leelanau,Total Phosphorus,1993-11-10,4.1
North Lake Leelanau,Total Phosphorus,1993-11-10,5.0
North Lake Leelanau,Total Phosphorus,1994-03-02,3.6
North Lake Leelanau,Total Phosphorus,1994-04-28,6.1
North Lake Leelanau,Total Phosphorus,1994-04-30,4.2
North Lake Leelanau,Total Phosphorus,1994-06-20,3.7
North Lake Leelanau,Total Phosphorus,1994-06-20,4.2
North Lake Leelanau,Total Phosphorus,1994-07-18,1.8
North Lake Leelanau,Total Phosphorus,1994-07-21,1.4
North Lake Leelanau,Total Phosphorus,1994-08-16,3.4
North Lake Leelanau,Total Phosphorus,1994-08-18,3.7
North Lake Leelanau,Total Phosphorus,1994-09-27,3.7
North Lake Leelanau,Total Phosphorus,1994-09-27,3.0
North Lake Leelanau,Total Phosphorus,1994-11-11,5.8
North Lake Leelanau,Total Phosphorus,1994-11-11,5.1
North Lake Leelanau,Total Phosphorus,1995-04-22,4.6
North Lake Leelanau,Total Phosphorus,1995-04-22,5.3
North Lake Leelanau,Total Phosphorus,1995-06-20,5.3
North Lake Leelanau,Total Phosphorus,1995-06-20,10.8
North Lake Leelanau,Total Phosphorus,1995-07-13,2.1
North Lake Leelanau,Total Phosphorus,1995-07-13,2.2
North Lake Leelanau,Total Phosphorus,1995-10-03,3.9
North Lake Leelanau,Total Phosphorus,1995-10-31,6.6
North Lake Leelanau,Total Phosphorus,1996-03-23,3.2
North Lake Leelanau,Total Phosphorus,1996-05-30,4.7
North Lake Leelanau,Total Phosphorus,1996-05-30,4.8
North Lake Leelanau,Total Phosphorus,1996-07-15,4.5
North Lake Leelanau,Total Phosphorus,1996-07-18,4.4
North Lake Leelanau,Total Phosphorus,1996-08-20,3.1
North Lake Leelanau,Total Phosphorus,1996-08-20,3.6
North Lake Leelanau,Total Phosphorus,1996-09-20,2.4
North Lake Leelanau,Total Phosphorus,1996-09-20,2.6
North Lake Leelanau,Total Phosphorus,1996-10-22,3.2
North Lake Leelanau,Total Phosphorus,1996-11-25,3.3
North Lake Leelanau,Total Phosphorus,1996-11-25,3.0
North Lake Leelanau,Total Phosphorus,1997-04-25,4.3
North Lake Leelanau,Total Phosphorus,1997-04-25,4.1
North Lake Leelanau,Total Phosphorus,1997-06-30,3.5
North Lake Leelanau,Total Phosphorus,1997-06-30,3.1
North Lake Leelanau,Total Phosphorus,1997-07-24,3.1
North Lake Leelanau,Total Phosphorus,1997-08-14,4.1
North Lake Leelanau,Total Phosphorus,1997-08-14,3.8
North Lake Leelanau,Total Phosphorus,1997-09-08,3.8
North Lake Leelanau,Total Phosphorus,1997-09-08,4.3
North Lake Leelanau,Total Phosphorus,1998-08-13,3.3
North Lake Leelanau,Total Phosphorus,1998-08-13,2.2
North Lake Leelanau,Total Phosphorus,1998-09-23,4.3
North Lake Leelanau,Total Phosphorus,1998-09-23,4.9
North Lake Leelanau,Total Phosphorus,1999-04-13,3.5
North Lake Leelanau,Total Phosphorus,1999-04-13,3.1
North Lake Leelanau,Total Phosphorus,1999-06-18,2.4
North Lake Leelanau,Total Phosphorus,1999-06-18,2.6
North Lake Leelanau,Total Phosphorus,1999-09-24,3.9
North Lake Leelanau,Total Phosphorus,1999-09-24,4.0
North Lake Leelanau,Total Phosphorus,2000-04-27,4.2
North Lake Leelanau,Total Phosphorus,2000-04-27,3.5
North Lake Leelanau,Total Phosphorus,2000-06-28,3.3
North Lake Leelanau,Total Phosphorus,2000-06-28,2.6
North Lake Leelanau,Total Phosphorus,2000-07-24,2.4
North Lake Leelanau,Total Phosphorus,2000-07-24,1.0
North Lake Leelanau,Total Phosphorus,2000-08-14,1.0
North Lake Leelanau,Total Phosphorus,2000-08-14,1.0
North Lake Leelanau,Total Phosphorus,2000-09-26,1.0
North Lake Leelanau,Total Phosphorus,2000-09-26,1.6
North Lake Leelanau,Total Phosphorus,2000-10-27,2.1
North Lake Leelanau,Total Phosphorus,2000-10-27,2.4
North Lake Leelanau,Total Phosphorus,2001-06-04,3.0
North Lake Leelanau,Total Phosphorus,2001-06-04,2.7
North Lake Leelanau,Total Phosphorus,2001-07-10,4.1
North Lake Leelanau,Total Phosphorus,2001-08-07,2.1
North Lake Leelanau,Total Phosphorus,2001-08-29,2.6
North Lake Leelanau,Total Phosphorus,2001-09-28,3.2
North Lake Leelanau,Total Phosphorus,2001-10-22,3.4
North Lake Leelanau,Total Phosphorus,2001-11-06,2.4
North Lake Leelanau,Total Phosphorus,2002-04-16,32.1
North Lake Leelanau,Total Phosphorus,2002-05-28,3.9
North Lake Leelanau,Total Phosphorus,2002-06-17,1.7
North Lake Leelanau,Total Phosphorus,2002-07-18,2.3
North Lake Leelanau,Total Phosphorus,2002-08-05,1.7
North Lake Leelanau,Total Phosphorus,2002-08-27,1.8
North Lake Leelanau,Total Phosphorus,2002-09-13,2.0
North Lake Leelanau,Total Phosphorus,2002-10-16,8.6
North Lake Leelanau,Total Phosphorus,2003-04-24,1.4
North Lake Leelanau,Total Phosphorus,2003-05-15,3.9
North Lake Leelanau,Total Phosphorus,2003-06-16,3.6
North Lake Leelanau,Total Phosphorus,2003-07-02,1.8
North Lake Leelanau,Total Phosphorus,2003-07-09,2.0
North Lake Leelanau,Total Phosphorus,2003-07-24,2.0
North Lake Leelanau,Total Phosphorus,2003-08-10,2.5
North Lake Leelanau,Total Phosphorus,2003-08-25,1.8
North Lake Leelanau,Total Phosphorus,2003-09-08,2.8
North Lake Leelanau,Total Phosphorus,2003-10-02,1.7
North Lake Leelanau,Total Phosphorus,2003-10-20,2.3
North Lake Leelanau,Total Phosphorus,2004-05-05,7.0
North Lake Leelanau,Total Phosphorus,2004-06-22,4.0
North Lake Leelanau,Total Phosphorus,2004-07-07,3.0
North Lake Leelanau,Total Phosphorus,2004-07-12,3.0
North Lake Leelanau,Total Phosphorus,2004-07-20,3.0
North Lake Leelanau,Total Phosphorus,2004-07-27,4.8
North Lake Leelanau,Total Phosphorus,2004-08-03,13.4
North Lake Leelanau,Total Phosphorus,2004-08-12,3.8
North Lake Leelanau,Total Phosphorus,2004-08-17,2.8
North Lake Leelanau,Total Phosphorus,2004-08-25,3.3
North Lake Leelanau,Total Phosphorus,2004-08-30,3.9
North Lake Leelanau,Total Phosphorus,2004-09-08,4.0
North Lake Leelanau,Total Phosphorus,2004-09-15,3.0
North Lake Leelanau,Total Phosphorus,2004-09-26,3.8
North Lake Leelanau,Total Phosphorus,2004-10-20,3.3
North Lake Leelanau,Total Phosphorus,2004-11-03,3.6
North Lake Leelanau,Total Phosphorus,2005-05-18,2.7
North Lake Leelanau,Total Phosphorus,2005-06-08,1.7
North Lake Leelanau,Total Phosphorus,2005-07-06,1.8
North Lake Leelanau,Total Phosphorus,2005-08-10,4.3
North Lake Leelanau,Total Phosphorus,2005-09-08,3.1
North Lake Leelanau,Total Phosphorus,2006-05-02,0.6
North Lake Leelanau,Total Phosphorus,2006-07-07,4.2
North Lake Leelanau,Total Phosphorus,2006-07-27,1.1
North Lake Leelanau,Total Phosphorus,2006-08-22,2.6
North Lake Leelanau,Total Phosphorus,2007-05-31,2.4
North Lake Leelanau,Total Phosphorus,2007-07-26,2.2
North Lake Leelanau,Total Phosphorus,2007-08-23,3.2
North Lake Leelanau,Total Phosphorus,2007-10-22,4.5
North Lake Leelanau,Total Phosphorus,2008-06-11,3.9
North Lake Leelanau,Total Phosphorus,2008-07-10,3.5
North Lake Leelanau,Total Phosphorus,2008-08-04,2.8
North Lake Leelanau,Total Phosphorus,2008-09-10,5.4
North Lake Leelanau,Total Phosphorus,2009-06-25,3.9
North Lake Leelanau,Total Phosphorus,2009-07-20,4.2
North Lake Leelanau,Total Phosphorus,2009-08-27,3.2
North Lake Leelanau,Total Phosphorus,2010-05-20,3.2
North Lake Leelanau,Total Phosphorus,2010-06-29,3.6
North Lake Leelanau,Total Phosphorus,2010-08-13,4.2
North Lake Leelanau,Total Phosphorus,2011-06-15,4.1
North Lake Leelanau,Total Phosphorus,2011-07-08,4.4
North Lake Leelanau,Total Phosphorus,2011-08-09,2.3
North Lake Leelanau,Total Phosphorus,2011-09-07,4.0
North Lake Leelanau,Total Phosphorus,2011-09-07,3.9
North Lake Leelanau,Total Phosphorus,2011-10-14,1.3
North Lake Leelanau,Total Phosphorus,2012-05-15,2.2
North Lake Leelanau,Total Phosphorus,2012-07-25,0.8
North Lake Leelanau,Total Phosphorus,2012-09-16,2.7
North Lake Leelanau,Total Phosphorus,2014-05-23,2.1
North Lake Leelanau,Total Phosphorus,2014-07-14,3.6
North Lake Leelanau,Total Phosphorus,2014-08-15,3.6
North Lake Leelanau,Total Phosphorus,2014-09-08,6.2
North Lake Leelanau,Total Phosphorus,2015-05-16,1.4
North Lake Leelanau,Total Phosphorus,2015-07-07,6.1
North Lake Leelanau,Total Phosphorus,2015-08-15,1.1
North Lake Leelanau,Total Phosphorus,2015-09-18,2.0
North Lake Leelanau,Total Phosphorus,2015-10-20,3.2
North Lake Leelanau,Total Phosphorus,2016-04-19,6.2
North Lake Leelanau,Total Phosphorus,2016-06-15,3.5
North Lake Leelanau,Total Phosphorus,2016-07-15,2.7
North Lake Leelanau,Total Phosphorus,2016-09-07,1.6
North Lake Leelanau,Total Phosphorus,2016-10-17,1.4
North Lake Leelanau,Total Phosphorus,2017-05-04,3.9
North Lake Leelanau,Total Phosphorus,2017-06-14,3.7
North Lake Leelanau,Total Phosphorus,2017-07-13,2.9
North Lake Leelanau,Total Phosphorus,2017-08-09,4.8
North Lake Leelanau,Total Phosphorus,2017-09-13,1.8
North Lake Leelanau,Total Phosphorus,2017-11-07,5.6
North Lake Leelanau,Total Phosphorus,2018-05-15,4.0
North Lake Leelanau,Total Phosphorus,2018-06-20,5.1
North Lake Leelanau,Total Phosphorus,2018-07-18,3.9
North Lake Leelanau,Total Phosphorus,2018-08-19,3.3
North Lake Leelanau,Total Phosphorus,2018-09-24,4.7
North Lake Leelanau,Total Phosphorus,2018-10-30,4.4
North Lake Leelanau,Total Phosphorus,2019-06-17,2.3
North Lake Leelanau,Total Phosphorus,2019-07-17,5.8
North Lake Leelanau,Total Phosphorus,2019-08-20,3.7
North Lake Leelanau,Total Phosphorus,2019-09-19,4.8
North Lake Leelanau,Total Phosphorus,2019-10-20,4.4
North Lake Leelanau,Total Phosphorus,2020-05-13,5.0
North Lake Leelanau,Total Phosphorus,2020-08-21,6.3
North Lake Leelanau,Total Phosphorus,2020-09-20,11.3
North Lake Leelanau,Total Phosphorus,2020-11-06,5.9
North Lake Leelanau,Total Phosphorus,2021-05-12,8.6
North Lake Leelanau,Total Phosphorus,2021-07-30,3.8
North Lake Leelanau,Total Phosphorus,2022-05-24,9.8
North Lake Leelanau,Total Phosphorus,2022-06-24,4.3
North Lake Leelanau,Total Phosphorus,2022-08-04,7.4
North Lake Leelanau,Total Phosphorus,2022-09-23,5.2
North Lake Leelanau,Total Phosphorus,2022-10-28,3.9
North Lake Leelanau,Total Phosphorus,2023-05-10,10.2
North Lake Leelanau,Total Phosphorus,2023-06-08,14.8
North Lake Leelanau,Total Phosphorus,2023-06-28,8.1
North Lake Leelanau,Total Phosphorus,2023-07-13,17.6
North Lake Leelanau,Total Phosphorus,2023-08-11,6.8
North Lake Leelanau,Total Phosphorus,2023-09-14,8.9
North Lake Leelanau,Total Phosphorus,2023-10-05,5.9
North Lake Leelanau,Total Phosphorus,2024-05-07,5.9
North Lake Leelanau,Total Phosphorus,2024-06-12,5.2
North Lake Leelanau,Total Phosphorus,2024-08-01,5.4
North Lake Leelanau,Total Phosphorus,2024-09-11,5.0
North Lake Leelanau,Total Phosphorus,2024-10-03,5.9
North Lake Leelanau,Total Phosphorus,2025-05-14,6.2
North Lake Leelanau,Total Phosphorus,2025-06-06,4.9
North Lake Leelanau,Total Phosphorus,2025-07-10,3.6
North Lake Leelanau,Total Phosphorus,2025-08-08,4.3
North Lake Leelanau,Total Phosphorus,2025-09-10,5.5
North Lake Leelanau,Total Phosphorus,2025-10-03,5.4
South Lake Leelanau,Chlorophyll-a,1993-04-29,2.0
South Lake Leelanau,Chlorophyll-a,1993-04-29,3.0
South Lake Leelanau,Chlorophyll-a,1993-06-11,1.3
South Lake Leelanau,Chlorophyll-a,1993-06-11,1.6
South Lake Leelanau,Chlorophyll-a,1993-07-22,2.8
South Lake Leelanau,Chlorophyll-a,1993-07-22,4.2
South Lake Leelanau,Chlorophyll-a,1993-08-26,3.9
South Lake Leelanau,Chlorophyll-a,1993-09-15,1.6
South Lake Leelanau,Chlorophyll-a,1993-09-15,2.5
South Lake Leelanau,Chlorophyll-a,1993-11-10,1.4
South Lake Leelanau,Chlorophyll-a,1993-11-10,3.0
South Lake Leelanau,Chlorophyll-a,1994-03-03,0.3
South Lake Leelanau,Chlorophyll-a,1994-04-30,2.6
South Lake Leelanau,Chlorophyll-a,1994-06-20,2.7
South Lake Leelanau,Chlorophyll-a,1994-06-20,2.2
South Lake Leelanau,Chlorophyll-a,1994-07-18,3.5
South Lake Leelanau,Chlorophyll-a,1994-07-18,3.2
South Lake Leelanau,Chlorophyll-a,1994-08-16,2.4
South Lake Leelanau,Chlorophyll-a,1994-08-19,1.6
South Lake Leelanau,Chlorophyll-a,1994-09-27,1.0
South Lake Leelanau,Chlorophyll-a,1994-09-27,2.6
South Lake Leelanau,Chlorophyll-a,1995-04-22,1.8
South Lake Leelanau,Chlorophyll-a,1995-04-22,1.7
South Lake Leelanau,Chlorophyll-a,1995-06-20,1.2
South Lake Leelanau,Chlorophyll-a,1995-06-20,1.5
South Lake Leelanau,Chlorophyll-a,1995-07-13,3.1
South Lake Leelanau,Chlorophyll-a,1995-09-08,3.5
South Lake Leelanau,Chlorophyll-a,1996-05-29,1.4
South Lake Leelanau,Chlorophyll-a,1996-05-30,1.1
South Lake Leelanau,Chlorophyll-a,1996-07-18,1.1
South Lake Leelanau,Chlorophyll-a,1996-07-18,1.8
South Lake Leelanau,Chlorophyll-a,1996-09-20,2.3
South Lake Leelanau,Chlorophyll-a,1996-09-20,5.7
South Lake Leelanau,Chlorophyll-a,1997-04-25,1.9
South Lake Leelanau,Chlorophyll-a,1997-04-25,1.6
South Lake Leelanau,Chlorophyll-a,1997-06-30,0.6
South Lake Leelanau,Chlorophyll-a,1997-06-30,1.2
South Lake Leelanau,Chlorophyll-a,1997-07-24,1.4
South Lake Leelanau,Chlorophyll-a,1997-07-24,1.5
South Lake Leelanau,Chlorophyll-a,1997-08-14,1.5
South Lake Leelanau,Chlorophyll-a,1997-08-14,1.4
South Lake Leelanau,Chlorophyll-a,1998-04-22,1.3
South Lake Leelanau,Chlorophyll-a,1998-04-22,1.5
South Lake Leelanau,Chlorophyll-a,1998-08-13,2.4
South Lake Leelanau,Chlorophyll-a,1998-08-18,3.0
South Lake Leelanau,Chlorophyll-a,1998-11-09,1.7
South Lake Leelanau,Chlorophyll-a,1999-04-13,0.8
South Lake Leelanau,Chlorophyll-a,1999-04-13,0.7
South Lake Leelanau,Chlorophyll-a,1999-06-17,2.5
South Lake Leelanau,Chlorophyll-a,1999-06-17,2.1
South Lake Leelanau,Chlorophyll-a,1999-09-24,1.7
South Lake Leelanau,Chlorophyll-a,1999-09-24,2.1
South Lake Leelanau,Chlorophyll-a,2000-04-27,0.5
South Lake Leelanau,Chlorophyll-a,2000-04-27,0.6
South Lake Leelanau,Chlorophyll-a,2000-06-29,1.0
South Lake Leelanau,Chlorophyll-a,2000-06-29,1.6
South Lake Leelanau,Chlorophyll-a,2000-07-24,1.0
South Lake Leelanau,Chlorophyll-a,2000-07-24,0.8
South Lake Leelanau,Chlorophyll-a,2000-08-14,1.6
South Lake Leelanau,Chlorophyll-a,2000-08-16,1.7
South Lake Leelanau,Chlorophyll-a,2000-09-08,2.2
South Lake Leelanau,Chlorophyll-a,2000-09-08,2.6
South Lake Leelanau,Chlorophyll-a,2000-10-30,0.5
South Lake Leelanau,Chlorophyll-a,2000-10-30,0.4
South Lake Leelanau,Chlorophyll-a,2001-06-04,0.7
South Lake Leelanau,Chlorophyll-a,2001-06-04,0.8
South Lake Leelanau,Chlorophyll-a,2001-07-10,1.1
South Lake Leelanau,Chlorophyll-a,2001-07-10,1.2
South Lake Leelanau,Chlorophyll-a,2001-08-07,2.9
South Lake Leelanau,Chlorophyll-a,2001-08-08,2.8
South Lake Leelanau,Chlorophyll-a,2001-08-27,3.5
South Lake Leelanau,Chlorophyll-a,2001-08-29,2.3
South Lake Leelanau,Chlorophyll-a,2001-09-28,1.2
South Lake Leelanau,Chlorophyll-a,2001-09-30,1.7
South Lake Leelanau,Chlorophyll-a,2001-11-01,0.7
South Lake Leelanau,Chlorophyll-a,2001-11-06,1.4
South Lake Leelanau,Chlorophyll-a,2002-04-18,0.4
South Lake Leelanau,Chlorophyll-a,2002-04-18,0.6
South Lake Leelanau,Chlorophyll-a,2002-05-24,0.5
South Lake Leelanau,Chlorophyll-a,2002-05-30,0.4
South Lake Leelanau,Chlorophyll-a,2002-06-17,0.4
South Lake Leelanau,Chlorophyll-a,2002-06-17,0.6
South Lake Leelanau,Chlorophyll-a,2002-07-17,1.2
South Lake Leelanau,Chlorophyll-a,2002-07-17,2.0
South Lake Leelanau,Chlorophyll-a,2002-08-05,3.5
South Lake Leelanau,Chlorophyll-a,2002-08-05,2.7
South Lake Leelanau,Chlorophyll-a,2002-08-27,2.9
South Lake Leelanau,Chlorophyll-a,2002-08-27,2.2
South Lake Leelanau,Chlorophyll-a,2002-09-13,3.0
South Lake Leelanau,Chlorophyll-a,2002-09-13,4.1
South Lake Leelanau,Chlorophyll-a,2002-10-15,0.7
South Lake Leelanau,Chlorophyll-a,2002-10-15,0.7
South Lake Leelanau,Chlorophyll-a,2003-04-24,0.8
South Lake Leelanau,Chlorophyll-a,2003-04-24,0.5
South Lake Leelanau,Chlorophyll-a,2003-05-14,0.5
South Lake Leelanau,Chlorophyll-a,2003-05-14,0.3
South Lake Leelanau,Chlorophyll-a,2003-06-12,0.3
South Lake Leelanau,Chlorophyll-a,2003-06-12,0.3
South Lake Leelanau,Chlorophyll-a,2003-07-02,1.0
South Lake Leelanau,Chlorophyll-a,2003-07-02,1.0
South Lake Leelanau,Chlorophyll-a,2003-07-09,1.3
South Lake Leelanau,Chlorophyll-a,2003-07-24,1.7
South Lake Leelanau,Chlorophyll-a,2003-07-24,0.7
South Lake Leelanau,Chlorophyll-a,2003-08-08,1.4
South Lake Leelanau,Chlorophyll-a,2003-08-25,2.2
South Lake Leelanau,Chlorophyll-a,2003-08-25,1.1
South Lake Leelanau,Chlorophyll-a,2003-09-08,2.6
South Lake Leelanau,Chlorophyll-a,2003-10-02,1.9
South Lake Leelanau,Chlorophyll-a,2003-10-20,0.8
South Lake Leelanau,Chlorophyll-a,2004-05-05,0.5
South Lake Leelanau,Chlorophyll-a,2004-06-22,0.5
South Lake Leelanau,Chlorophyll-a,2004-06-22,0.9
South Lake Leelanau,Chlorophyll-a,2004-07-07,0.8
South Lake Leelanau,Chlorophyll-a,2004-07-07,1.7
South Lake Leelanau,Chlorophyll-a,2004-07-12,1.5
South Lake Leelanau,Chlorophyll-a,2004-07-13,1.3
South Lake Leelanau,Chlorophyll-a,2004-07-19,0.8
South Lake Leelanau,Chlorophyll-a,2004-07-20,1.7
South Lake Leelanau,Chlorophyll-a,2004-07-26,0.8
South Lake Leelanau,Chlorophyll-a,2004-07-27,1.2
South Lake Leelanau,Chlorophyll-a,2004-08-02,1.0
South Lake Leelanau,Chlorophyll-a,2004-08-03,1.0
South Lake Leelanau,Chlorophyll-a,2004-08-10,1.6
South Lake Leelanau,Chlorophyll-a,2004-08-12,1.0
South Lake Leelanau,Chlorophyll-a,2004-08-17,1.4
South Lake Leelanau,Chlorophyll-a,2004-08-17,1.6
South Lake Leelanau,Chlorophyll-a,2004-08-24,1.6
South Lake Leelanau,Chlorophyll-a,2004-08-25,1.8
South Lake Leelanau,Chlorophyll-a,2004-08-30,1.3
South Lake Leelanau,Chlorophyll-a,2004-09-01,1.8
South Lake Leelanau,Chlorophyll-a,2004-09-08,1.1
South Lake Leelanau,Chlorophyll-a,2004-09-08,1.6
South Lake Leelanau,Chlorophyll-a,2004-09-15,1.6
South Lake Leelanau,Chlorophyll-a,2004-09-20,1.6
South Lake Leelanau,Chlorophyll-a,2004-09-26,1.6
South Lake Leelanau,Chlorophyll-a,2004-10-20,1.4
South Lake Leelanau,Chlorophyll-a,2004-10-20,0.6
South Lake Leelanau,Chlorophyll-a,2004-11-03,0.8
South Lake Leelanau,Chlorophyll-a,2005-04-29,1.17
South Lake Leelanau,Chlorophyll-a,2005-05-24,0.78
South Lake Leelanau,Chlorophyll-a,2005-07-06,0.99
South Lake Leelanau,Chlorophyll-a,2005-09-08,2.88
South Lake Leelanau,Chlorophyll-a,2006-05-02,1.08
South Lake Leelanau,Chlorophyll-a,2006-07-07,2.45
South Lake Leelanau,Chlorophyll-a,2006-07-27,2.98
South Lake Leelanau,Chlorophyll-a,2006-08-28,2.7
South Lake Leelanau,Chlorophyll-a,2007-05-31,0.44
South Lake Leelanau,Chlorophyll-a,2007-07-26,1.85
South Lake Leelanau,Chlorophyll-a,2007-08-22,2.15
South Lake Leelanau,Chlorophyll-a,2007-10-17,1.01
South Lake Leelanau,Chlorophyll-a,2008-06-11,0.99
South Lake Leelanau,Chlorophyll-a,2008-07-11,1.75
South Lake Leelanau,Chlorophyll-a,2008-08-08,1.66
South Lake Leelanau,Chlorophyll-a,2008-09-02,1.95
South Lake Leelanau,Chlorophyll-a,2009-06-25,1.09
South Lake Leelanau,Chlorophyll-a,2009-07-24,1.3
South Lake Leelanau,Chlorophyll-a,2009-08-27,1.63
South Lake Leelanau,Chlorophyll-a,2010-05-20,0.5
South Lake Leelanau,Chlorophyll-a,2010-06-29,0.9
South Lake Leelanau,Chlorophyll-a,2010-08-13,0.98
South Lake Leelanau,Chlorophyll-a,2016-04-19,0.63
South Lake Leelanau,Chlorophyll-a,2016-06-14,1.27
South Lake Leelanau,Chlorophyll-a,2016-07-15,2.05
South Lake Leelanau,Chlorophyll-a,2016-09-13,2.03
South Lake Leelanau,Chlorophyll-a,2016-10-18,1.71
South Lake Leelanau,Chlorophyll-a,2019-04-22,0.9
South Lake Leelanau,Chlorophyll-a,2019-06-17,0.65
South Lake Leelanau,Chlorophyll-a,2019-07-17,1.32
South Lake Leelanau,Chlorophyll-a,2019-08-20,0.8
South Lake Leelanau,Chlorophyll-a,2019-09-19,1.44
South Lake Leelanau,Chlorophyll-a,2019-10-20,0.66
South Lake Leelanau,Chlorophyll-a,2020-05-13,1.45
South Lake Leelanau,Chlorophyll-a,2020-08-21,1.6
South Lake Leelanau,Chlorophyll-a,2020-09-20,2.85
South Lake Leelanau,Chlorophyll-a,2020-11-06,1.66
South Lake Leelanau,Chlorophyll-a,2021-05-12,1.28
South Lake Leelanau,Chlorophyll-a,2022-05-24,1.49
South Lake Leelanau,Chlorophyll-a,2022-06-24,1.84
South Lake Leelanau,Chlorophyll-a,2022-08-04,2.48
South Lake Leelanau,Chlorophyll-a,2022-09-23,1.82
South Lake Leelanau,Chlorophyll-a,2022-10-28,0.64
South Lake Leelanau,Chlorophyll-a,2023-05-10,1.57
South Lake Leelanau,Chlorophyll-a,2023-06-08,1.64
South Lake Leelanau,Chlorophyll-a,2023-07-13,1.56
South Lake Leelanau,Chlorophyll-a,2023-08-11,2.16
South Lake Leelanau,Chlorophyll-a,2023-09-14,1.93
South Lake Leelanau,Chlorophyll-a,2023-10-05,0.9
South Lake Leelanau,Chlorophyll-a,2024-05-07,1.14
South Lake Leelanau,Chlorophyll-a,2024-06-12,0.75
South Lake Leelanau,Chlorophyll-a,2024-08-01,0.71
South Lake Leelanau,Chlorophyll-a,2024-09-11,0.71
South Lake Leelanau,Chlorophyll-a,2024-10-04,2.42
South Lake Leelanau,Chlorophyll-a,2025-05-14,1.08
South Lake Leelanau,Chlorophyll-a,2025-06-06,1.01
South Lake Leelanau,Chlorophyll-a,2025-07-10,0.51
South Lake Leelanau,Chlorophyll-a,2025-08-08,2.72
South Lake Leelanau,Chlorophyll-a,2025-09-10,1.84
South Lake Leelanau,Chlorophyll-a,2025-10-03,3.83
South Lake Leelanau,Nitrate,1990-08-20,579.0
South Lake Leelanau,Nitrate,1990-09-26,226.0
South Lake Leelanau,Nitrate,1990-09-26,454.0
South Lake Leelanau,Nitrate,1990-09-26,270.0
South Lake Leelanau,Nitrate,1991-08-20,60.0
South Lake Leelanau,Nitrate,1991-08-20,60.0
South Lake Leelanau,Nitrate,1991-08-20,50.0
South Lake Leelanau,Nitrate,1991-09-11,10.0
South Lake Leelanau,Nitrate,1991-09-11,20.0
South Lake Leelanau,Nitrate,1991-09-11,0.0
South Lake Leelanau,Nitrate,1991-09-24,170.0
South Lake Leelanau,Nitrate,1991-09-24,160.0
South Lake Leelanau,Nitrate,1991-09-24,50.0
South Lake Leelanau,Nitrate,1992-02-27,100.0
South Lake Leelanau,Nitrate,1992-02-27,140.0
South Lake Leelanau,Nitrate,1992-05-04,230.0
South Lake Leelanau,Nitrate,1992-05-04,220.0
South Lake Leelanau,Nitrate,1992-05-04,250.0
South Lake Leelanau,Nitrate,1992-06-25,235.0
South Lake Leelanau,Nitrate,1992-06-25,190.0
South Lake Leelanau,Nitrate,1992-06-25,211.0
South Lake Leelanau,Nitrate,1992-07-23,210.0
South Lake Leelanau,Nitrate,1992-07-23,160.0
South Lake Leelanau,Nitrate,1992-07-23,200.0
South Lake Leelanau,Nitrate,1992-08-07,250.0
South Lake Leelanau,Nitrate,1992-08-07,250.0
South Lake Leelanau,Nitrate,1992-08-07,310.0
South Lake Leelanau,Nitrate,1992-09-25,107.0
South Lake Leelanau,Nitrate,1992-10-27,200.0
South Lake Leelanau,Nitrate,1992-10-27,140.0
South Lake Leelanau,Nitrate,1993-01-28,360.0
South Lake Leelanau,Nitrate,1993-01-28,200.0
South Lake Leelanau,Nitrate,1993-03-25,340.0
South Lake Leelanau,Nitrate,1993-03-26,310.0
South Lake Leelanau,Nitrate,1993-04-29,320.0
South Lake Leelanau,Nitrate,1993-04-29,280.0
South Lake Leelanau,Nitrate,1993-04-29,320.0
South Lake Leelanau,Nitrate,1993-06-11,280.0
South Lake Leelanau,Nitrate,1993-06-11,260.0
South Lake Leelanau,Nitrate,1993-06-11,270.0
South Lake Leelanau,Nitrate,1993-07-22,367.0
South Lake Leelanau,Nitrate,1993-07-22,340.0
South Lake Leelanau,Nitrate,1993-07-22,470.0
South Lake Leelanau,Nitrate,1993-09-15,80.0
South Lake Leelanau,Nitrate,1993-09-15,110.0
South Lake Leelanau,Nitrate,1993-09-15,90.0
South Lake Leelanau,Nitrate,1993-11-10,440.0
South Lake Leelanau,Nitrate,1993-11-10,480.0
South Lake Leelanau,Nitrate,1993-11-10,440.0
South Lake Leelanau,Nitrate,1994-03-03,920.0
South Lake Leelanau,Nitrate,1994-04-30,50.0
South Lake Leelanau,Nitrate,1994-04-30,270.0
South Lake Leelanau,Nitrate,1994-04-30,290.0
South Lake Leelanau,Nitrate,1994-06-20,240.0
South Lake Leelanau,Nitrate,1994-06-20,220.0
South Lake Leelanau,Nitrate,1994-06-20,240.0
South Lake Leelanau,Nitrate,1994-07-18,170.0
South Lake Leelanau,Nitrate,1994-07-18,150.0
South Lake Leelanau,Nitrate,1994-07-18,190.0
South Lake Leelanau,Nitrate,1994-08-16,93.0
South Lake Leelanau,Nitrate,1994-08-16,140.0
South Lake Leelanau,Nitrate,1994-08-19,140.0
South Lake Leelanau,Nitrate,1994-09-27,290.0
South Lake Leelanau,Nitrate,1994-09-27,230.0
South Lake Leelanau,Nitrate,1994-09-27,240.0
South Lake Leelanau,Nitrate,1994-11-11,120.0
South Lake Leelanau,Nitrate,1994-11-11,160.0
South Lake Leelanau,Nitrate,1994-11-11,120.0
South Lake Leelanau,Nitrate,1995-04-22,330.0
South Lake Leelanau,Nitrate,1995-04-22,300.0
South Lake Leelanau,Nitrate,1995-04-22,280.0
South Lake Leelanau,Nitrate,1995-06-20,170.0
South Lake Leelanau,Nitrate,1995-06-20,150.0
South Lake Leelanau,Nitrate,1995-06-20,147.0
South Lake Leelanau,Nitrate,1995-07-13,110.0
South Lake Leelanau,Nitrate,1995-07-13,110.0
South Lake Leelanau,Nitrate,1995-07-13,110.0
South Lake Leelanau,Nitrate,1995-09-08,60.0
South Lake Leelanau,Nitrate,1995-09-08,50.0
South Lake Leelanau,Nitrate,1995-09-27,240.0
South Lake Leelanau,Nitrate,1995-11-11,120.0
South Lake Leelanau,Nitrate,1996-03-26,210.0
South Lake Leelanau,Nitrate,1996-05-29,270.0
South Lake Leelanau,Nitrate,1996-05-30,200.0
South Lake Leelanau,Nitrate,1996-05-30,200.0
South Lake Leelanau,Nitrate,1996-07-18,200.0
South Lake Leelanau,Nitrate,1996-07-18,170.0
South Lake Leelanau,Nitrate,1996-07-18,190.0
South Lake Leelanau,Nitrate,1996-08-20,120.0
South Lake Leelanau,Nitrate,1996-08-20,90.0
South Lake Leelanau,Nitrate,1996-08-20,110.0
South Lake Leelanau,Nitrate,1996-09-20,140.0
South Lake Leelanau,Nitrate,1996-09-20,100.0
South Lake Leelanau,Nitrate,1996-09-20,120.0
South Lake Leelanau,Nitrate,1997-04-25,220.0
South Lake Leelanau,Nitrate,1997-04-25,190.0
South Lake Leelanau,Nitrate,1997-04-25,210.0
South Lake Leelanau,Nitrate,1997-06-30,210.0
South Lake Leelanau,Nitrate,1997-06-30,210.0
South Lake Leelanau,Nitrate,1997-07-24,210.0
South Lake Leelanau,Nitrate,1997-07-24,100.0
South Lake Leelanau,Nitrate,1997-07-24,210.0
South Lake Leelanau,Nitrate,1997-08-14,140.0
South Lake Leelanau,Nitrate,1997-08-14,110.0
South Lake Leelanau,Nitrate,1997-08-14,140.0
South Lake Leelanau,Nitrate,1997-09-05,90.0
South Lake Leelanau,Nitrate,1997-09-05,100.0
South Lake Leelanau,Nitrate,1997-09-08,110.0
South Lake Leelanau,Nitrate,1998-04-22,220.0
South Lake Leelanau,Nitrate,1998-08-13,50.0
South Lake Leelanau,Nitrate,1998-08-18,40.0
South Lake Leelanau,Nitrate,1998-08-18,40.0
South Lake Leelanau,Nitrate,1998-11-09,80.0
South Lake Leelanau,Nitrate,1999-04-13,210.0
South Lake Leelanau,Nitrate,1999-04-13,200.0
South Lake Leelanau,Nitrate,1999-04-13,210.0
South Lake Leelanau,Nitrate,1999-06-17,140.0
South Lake Leelanau,Nitrate,1999-06-17,140.0
South Lake Leelanau,Nitrate,1999-06-17,150.0
South Lake Leelanau,Nitrate,1999-09-24,50.0
South Lake Leelanau,Nitrate,1999-09-24,60.0
South Lake Leelanau,Nitrate,1999-09-24,50.0
South Lake Leelanau,Nitrate,2000-04-27,250.0
South Lake Leelanau,Nitrate,2000-04-27,230.0
South Lake Leelanau,Nitrate,2000-04-27,260.0
South Lake Leelanau,Nitrate,2000-06-29,170.0
South Lake Leelanau,Nitrate,2000-06-29,140.0
South Lake Leelanau,Nitrate,2000-06-29,200.0
South Lake Leelanau,Nitrate,2000-07-24,210.0
South Lake Leelanau,Nitrate,2000-07-24,180.0
South Lake Leelanau,Nitrate,2000-07-24,190.0
South Lake Leelanau,Nitrate,2000-08-14,110.0
South Lake Leelanau,Nitrate,2000-08-16,133.0
South Lake Leelanau,Nitrate,2000-08-16,130.0
South Lake Leelanau,Nitrate,2000-09-08,110.0
South Lake Leelanau,Nitrate,2000-09-08,90.0
South Lake Leelanau,Nitrate,2000-09-08,120.0
South Lake Leelanau,Nitrate,2000-10-30,130.0
South Lake Leelanau,Nitrate,2000-10-30,140.0
South Lake Leelanau,Nitrate,2000-10-30,130.0
South Lake Leelanau,Nitrate,2001-06-04,243.0
South Lake Leelanau,Nitrate,2001-06-04,240.0
South Lake Leelanau,Nitrate,2001-06-04,250.0
South Lake Leelanau,Nitrate,2001-07-10,180.0
South Lake Leelanau,Nitrate,2001-07-10,140.0
South Lake Leelanau,Nitrate,2001-08-07,60.0
South Lake Leelanau,Nitrate,2001-08-08,80.0
South Lake Leelanau,Nitrate,2001-08-27,80.0
South Lake Leelanau,Nitrate,2001-08-29,140.0
South Lake Leelanau,Nitrate,2001-09-28,80.0
South Lake Leelanau,Nitrate,2001-09-30,70.0
South Lake Leelanau,Nitrate,2001-11-01,120.0
South Lake Leelanau,Nitrate,2001-11-06,100.0
South Lake Leelanau,Nitrate,2002-04-18,240.0
South Lake Leelanau,Nitrate,2002-04-18,240.0
South Lake Leelanau,Nitrate,2002-05-24,270.0
South Lake Leelanau,Nitrate,2002-05-30,280.0
South Lake Leelanau,Nitrate,2002-06-17,270.0
South Lake Leelanau,Nitrate,2002-06-17,260.0
South Lake Leelanau,Nitrate,2002-07-17,170.0
South Lake Leelanau,Nitrate,2002-07-17,150.0
South Lake Leelanau,Nitrate,2002-08-05,130.0
South Lake Leelanau,Nitrate,2002-08-05,110.0
South Lake Leelanau,Nitrate,2002-08-27,120.0
South Lake Leelanau,Nitrate,2002-08-27,90.0
South Lake Leelanau,Nitrate,2002-09-13,170.0
South Lake Leelanau,Nitrate,2002-09-13,140.0
South Lake Leelanau,Nitrate,2002-10-15,130.0
South Lake Leelanau,Nitrate,2002-10-15,150.0
South Lake Leelanau,Nitrate,2003-04-24,240.0
South Lake Leelanau,Nitrate,2003-04-24,230.0
South Lake Leelanau,Nitrate,2003-05-14,300.0
South Lake Leelanau,Nitrate,2003-05-14,230.0
South Lake Leelanau,Nitrate,2003-06-12,340.0
South Lake Leelanau,Nitrate,2003-06-12,340.0
South Lake Leelanau,Nitrate,2003-07-02,240.0
South Lake Leelanau,Nitrate,2003-07-02,200.0
South Lake Leelanau,Nitrate,2003-07-09,220.0
South Lake Leelanau,Nitrate,2003-07-24,850.0
South Lake Leelanau,Nitrate,2003-07-24,280.0
South Lake Leelanau,Nitrate,2003-08-08,100.0
South Lake Leelanau,Nitrate,2003-08-25,70.0
South Lake Leelanau,Nitrate,2003-08-25,50.0
South Lake Leelanau,Nitrate,2003-09-08,100.0
South Lake Leelanau,Nitrate,2003-10-02,130.0
South Lake Leelanau,Nitrate,2003-10-20,210.0
South Lake Leelanau,Nitrate,2004-05-05,630.0
South Lake Leelanau,Nitrate,2004-06-22,219.0
South Lake Leelanau,Nitrate,2004-06-22,339.0
South Lake Leelanau,Nitrate,2004-07-07,197.0
South Lake Leelanau,Nitrate,2004-07-07,174.0
South Lake Leelanau,Nitrate,2004-07-12,190.0
South Lake Leelanau,Nitrate,2004-07-13,170.0
South Lake Leelanau,Nitrate,2004-07-19,161.0
South Lake Leelanau,Nitrate,2004-07-20,168.0
South Lake Leelanau,Nitrate,2004-07-26,165.0
South Lake Leelanau,Nitrate,2004-07-27,152.0
South Lake Leelanau,Nitrate,2004-08-02,127.0
South Lake Leelanau,Nitrate,2004-08-03,137.0
South Lake Leelanau,Nitrate,2004-08-10,124.0
South Lake Leelanau,Nitrate,2004-08-12,136.0
South Lake Leelanau,Nitrate,2004-08-17,150.0
South Lake Leelanau,Nitrate,2004-08-17,129.0
South Lake Leelanau,Nitrate,2004-08-24,128.0
South Lake Leelanau,Nitrate,2004-08-25,150.0
South Lake Leelanau,Nitrate,2004-08-30,132.0
South Lake Leelanau,Nitrate,2004-09-01,115.0
South Lake Leelanau,Nitrate,2004-09-08,125.0
South Lake Leelanau,Nitrate,2004-09-08,107.0
South Lake Leelanau,Nitrate,2004-09-15,115.0
South Lake Leelanau,Nitrate,2004-09-20,138.0
South Lake Leelanau,Nitrate,2004-09-26,141.0
South Lake Leelanau,Nitrate,2004-10-20,198.0
South Lake Leelanau,Nitrate,2004-10-20,206.0
South Lake Leelanau,Nitrate,2004-11-03,169.0
South Lake Leelanau,Nitrate,2005-04-29,279.7
South Lake Leelanau,Nitrate,2005-05-24,246.0
South Lake Leelanau,Nitrate,2005-07-06,143.2
South Lake Leelanau,Nitrate,2005-09-08,87.4
South Lake Leelanau,Nitrate,2006-05-02,220.0
South Lake Leelanau,Nitrate,2006-07-07,134.3
South Lake Leelanau,Nitrate,2006-07-07,192.4
South Lake Leelanau,Nitrate,2006-07-27,84.4
South Lake Leelanau,Nitrate,2006-08-28,43.9
South Lake Leelanau,Nitrate,2007-05-31,140.2
South Lake Leelanau,Nitrate,2007-07-26,63.0
South Lake Leelanau,Nitrate,2007-08-22,27.8
South Lake Leelanau,Nitrate,2007-10-17,43.4
South Lake Leelanau,Nitrate,2008-06-11,160.0
South Lake Leelanau,Nitrate,2008-07-11,120.9
South Lake Leelanau,Nitrate,2008-08-08,80.1
South Lake Leelanau,Nitrate,2008-09-02,51.0
South Lake Leelanau,Nitrate,2009-06-25,114.9
South Lake Leelanau,Nitrate,2009-07-24,94.0
South Lake Leelanau,Nitrate,2009-08-27,52.2
South Lake Leelanau,Nitrate,2010-05-20,159.0
South Lake Leelanau,Nitrate,2010-06-29,108.5
South Lake Leelanau,Nitrate,2010-08-13,8.0
South Lake Leelanau,Nitrate,2011-06-15,274.0
South Lake Leelanau,Nitrate,2011-06-15,259.0
South Lake Leelanau,Nitrate,2011-07-08,164.5
South Lake Leelanau,Nitrate,2011-08-09,32.2
South Lake Leelanau,Nitrate,2011-09-07,22.2
South Lake Leelanau,Nitrate,2011-09-07,22.4
South Lake Leelanau,Nitrate,2012-05-15,331.0
South Lake Leelanau,Nitrate,2012-07-25,27.6
South Lake Leelanau,Nitrate,2012-09-16,18.0
South Lake Leelanau,Nitrate,2014-05-21,333.0
South Lake Leelanau,Nitrate,2014-05-26,208.0
South Lake Leelanau,Nitrate,2014-07-14,95.6
South Lake Leelanau,Nitrate,2014-08-18,95.6
South Lake Leelanau,Nitrate,2015-05-16,290.0
South Lake Leelanau,Nitrate,2015-07-07,170.0
South Lake Leelanau,Nitrate,2015-08-15,48.4
South Lake Leelanau,Nitrate,2015-09-18,44.5
South Lake Leelanau,Nitrate,2015-10-20,44.6
South Lake Leelanau,Nitrate,2016-04-19,216.0
South Lake Leelanau,Nitrate,2016-06-14,186.0
South Lake Leelanau,Nitrate,2016-07-15,74.8
South Lake Leelanau,Nitrate,2016-09-12,28.8
South Lake Leelanau,Nitrate,2016-10-14,38.0
South Lake Leelanau,Nitrate,2017-05-04,219.0
South Lake Leelanau,Nitrate,2017-06-15,114.6
South Lake Leelanau,Nitrate,2017-07-13,62.3
South Lake Leelanau,Nitrate,2017-08-09,33.2
South Lake Leelanau,Nitrate,2017-09-13,23.9
South Lake Leelanau,Nitrate,2017-11-07,37.6
South Lake Leelanau,Nitrate,2018-05-15,175.0
South Lake Leelanau,Nitrate,2018-06-20,157.0
South Lake Leelanau,Nitrate,2018-07-19,62.5
South Lake Leelanau,Nitrate,2018-08-19,5.3
South Lake Leelanau,Nitrate,2018-09-24,10.6
South Lake Leelanau,Nitrate,2018-10-31,40.1
South Lake Leelanau,Nitrate,2019-04-22,289.0
South Lake Leelanau,Nitrate,2019-06-17,199.0
South Lake Leelanau,Nitrate,2019-07-17,122.6
South Lake Leelanau,Nitrate,2019-08-20,23.6
South Lake Leelanau,Nitrate,2019-09-19,36.4
South Lake Leelanau,Nitrate,2019-10-20,51.9
South Lake Leelanau,Nitrate,2020-05-13,263.0
South Lake Leelanau,Nitrate,2020-08-21,12.3
South Lake Leelanau,Nitrate,2020-09-20,6250.0
South Lake Leelanau,Nitrate,2020-11-06,70.1
South Lake Leelanau,Nitrate,2021-05-12,210.0
South Lake Leelanau,Nitrate,2021-07-30,54.8
South Lake Leelanau,Nitrate,2022-05-24,206.0
South Lake Leelanau,Nitrate,2022-06-24,159.0
South Lake Leelanau,Nitrate,2022-08-04,57.3
South Lake Leelanau,Nitrate,2022-09-23,24.8
South Lake Leelanau,Nitrate,2022-10-28,45.3
South Lake Leelanau,Nitrate,2023-05-10,197.0
South Lake Leelanau,Nitrate,2023-06-08,133.6
South Lake Leelanau,Nitrate,2023-07-13,57.1
South Lake Leelanau,Nitrate,2023-08-11,7.3
South Lake Leelanau,Nitrate,2023-09-14,24.4
South Lake Leelanau,Nitrate,2023-10-05,28.3
South Lake Leelanau,Nitrate,2024-05-07,233.0
South Lake Leelanau,Nitrate,2024-06-12,128.3
South Lake Leelanau,Nitrate,2024-08-01,3.8
South Lake Leelanau,Nitrate,2024-09-11,10.4
South Lake Leelanau,Nitrate,2024-10-04,6.9
South Lake Leelanau,Nitrate,2025-05-14,143.0
South Lake Leelanau,Nitrate,2025-06-06,38.6
South Lake Leelanau,Nitrate,2025-07-10,82.8
South Lake Leelanau,Nitrate,2025-08-08,23.2
South Lake Leelanau,Nitrate,2025-09-10,10.3
South Lake Leelanau,Nitrate,2025-10-03,5.2
South Lake Leelanau,Secchi Depth,1990-06-07,14.6
South Lake Leelanau,Secchi Depth,1990-06-07,8.2
South Lake Leelanau,Secchi Depth,1990-06-07,12.5
South Lake Leelanau,Secchi Depth,1990-06-27,12.5
South Lake Leelanau,Secchi Depth,1990-06-27,11.5
South Lake Leelanau,Secchi Depth,1990-06-27,13.6
South Lake Leelanau,Secchi Depth,1990-07-13,10
South Lake Leelanau,Secchi Depth,1990-07-13,10
South Lake Leelanau,Secchi Depth,1990-07-13,11.5
South Lake Leelanau,Secchi Depth,1990-08-02,11.4
South Lake Leelanau,Secchi Depth,1990-08-02,11
South Lake Leelanau,Secchi Depth,1990-08-20,10
South Lake Leelanau,Secchi Depth,1990-09-26,10
South Lake Leelanau,Secchi Depth,1990-09-26,8
South Lake Leelanau,Secchi Depth,1990-09-26,10
South Lake Leelanau,Secchi Depth,1990-10-26,11
South Lake Leelanau,Secchi Depth,1990-10-26,9
South Lake Leelanau,Secchi Depth,1990-10-26,8
South Lake Leelanau,Secchi Depth,1991-04-26,19.5
South Lake Leelanau,Secchi Depth,1991-04-26,19
South Lake Leelanau,Secchi Depth,1991-04-26,19
South Lake Leelanau,Secchi Depth,1991-05-20,27
South Lake Leelanau,Secchi Depth,1991-05-20,18
South Lake Leelanau,Secchi Depth,1991-05-20,17
South Lake Leelanau,Secchi Depth,1991-06-06,22
South Lake Leelanau,Secchi Depth,1991-06-06,22
South Lake Leelanau,Secchi Depth,1991-06-06,21.5
South Lake Leelanau,Secchi Depth,1991-07-03,16
South Lake Leelanau,Secchi Depth,1991-07-03,8
South Lake Leelanau,Secchi Depth,1991-07-03,11
South Lake Leelanau,Secchi Depth,1991-07-18,15.5
South Lake Leelanau,Secchi Depth,1991-07-18,11
South Lake Leelanau,Secchi Depth,1991-07-18,13.5
South Lake Leelanau,Secchi Depth,1991-08-02,12
South Lake Leelanau,Secchi Depth,1991-08-20,8.5
South Lake Leelanau,Secchi Depth,1991-08-20,7
South Lake Leelanau,Secchi Depth,1991-08-20,11
South Lake Leelanau,Secchi Depth,1991-09-11,9.5
South Lake Leelanau,Secchi Depth,1991-09-11,6
South Lake Leelanau,Secchi Depth,1991-09-11,10
South Lake Leelanau,Secchi Depth,1991-09-24,11
South Lake Leelanau,Secchi Depth,1991-09-24,6
South Lake Leelanau,Secchi Depth,1991-09-24,8.5
South Lake Leelanau,Secchi Depth,1991-11-07,10.5
South Lake Leelanau,Secchi Depth,1991-11-07,10.5
South Lake Leelanau,Secchi Depth,1992-05-04,15
South Lake Leelanau,Secchi Depth,1992-05-04,10
South Lake Leelanau,Secchi Depth,1992-05-04,14
South Lake Leelanau,Secchi Depth,1992-06-25,20.5
South Lake Leelanau,Secchi Depth,1992-06-25,16
South Lake Leelanau,Secchi Depth,1992-06-25,19
South Lake Leelanau,Secchi Depth,1992-07-23,21
South Lake Leelanau,Secchi Depth,1992-07-23,15.5
South Lake Leelanau,Secchi Depth,1992-07-23,15
South Lake Leelanau,Secchi Depth,1992-08-07,12.5
South Lake Leelanau,Secchi Depth,1992-08-07,9.5
South Lake Leelanau,Secchi Depth,1992-08-07,10.5
South Lake Leelanau,Secchi Depth,1992-08-28,7
South Lake Leelanau,Secchi Depth,1992-09-24,6.5
South Lake Leelanau,Secchi Depth,1992-09-25,15.5
South Lake Leelanau,Secchi Depth,1992-10-27,14.5
South Lake Leelanau,Secchi Depth,1992-10-27,10
South Lake Leelanau,Secchi Depth,1992-10-27,14.5
South Lake Leelanau,Secchi Depth,1993-04-29,12.5
South Lake Leelanau,Secchi Depth,1993-04-29,11.5
South Lake Leelanau,Secchi Depth,1993-04-29,14.5
South Lake Leelanau,Secchi Depth,1993-06-11,20
South Lake Leelanau,Secchi Depth,1993-06-11,10
South Lake Leelanau,Secchi Depth,1993-06-11,13
South Lake Leelanau,Secchi Depth,1993-07-22,15
South Lake Leelanau,Secchi Depth,1993-07-22,13
South Lake Leelanau,Secchi Depth,1993-07-22,14
South Lake Leelanau,Secchi Depth,1993-08-26,10
South Lake Leelanau,Secchi Depth,1993-08-26,18
South Lake Leelanau,Secchi Depth,1993-09-15,11.5
South Lake Leelanau,Secchi Depth,1993-09-15,7.5
South Lake Leelanau,Secchi Depth,1993-09-15,11
South Lake Leelanau,Secchi Depth,1993-11-10,12.5
South Lake Leelanau,Secchi Depth,1993-11-10,9
South Lake Leelanau,Secchi Depth,1993-11-10,13.5
South Lake Leelanau,Secchi Depth,1994-04-30,12.5
South Lake Leelanau,Secchi Depth,1994-04-30,8
South Lake Leelanau,Secchi Depth,1994-04-30,11
South Lake Leelanau,Secchi Depth,1994-06-20,15
South Lake Leelanau,Secchi Depth,1994-06-20,13.5
South Lake Leelanau,Secchi Depth,1994-06-20,14.5
South Lake Leelanau,Secchi Depth,1994-07-18,11.5
South Lake Leelanau,Secchi Depth,1994-07-18,10.5
South Lake Leelanau,Secchi Depth,1994-07-18,11
South Lake Leelanau,Secchi Depth,1994-08-16,7
South Lake Leelanau,Secchi Depth,1994-08-16,10
South Lake Leelanau,Secchi Depth,1994-08-19,14.5
South Lake Leelanau,Secchi Depth,1994-09-27,19
South Lake Leelanau,Secchi Depth,1994-09-27,6.5
South Lake Leelanau,Secchi Depth,1994-09-27,18
South Lake Leelanau,Secchi Depth,1994-11-11,14
South Lake Leelanau,Secchi Depth,1994-11-11,10
South Lake Leelanau,Secchi Depth,1994-11-11,12
South Lake Leelanau,Secchi Depth,1995-04-22,12.5
South Lake Leelanau,Secchi Depth,1995-04-22,11
South Lake Leelanau,Secchi Depth,1995-06-20,19.5
South Lake Leelanau,Secchi Depth,1995-06-20,8
South Lake Leelanau,Secchi Depth,1995-06-20,17.5
South Lake Leelanau,Secchi Depth,1995-07-13,6
South Lake Leelanau,Secchi Depth,1995-07-13,7
South Lake Leelanau,Secchi Depth,1995-07-13,7
South Lake Leelanau,Secchi Depth,1995-09-08,10
South Lake Leelanau,Secchi Depth,1995-09-08,10
South Lake Leelanau,Secchi Depth,1996-05-29,15.5
South Lake Leelanau,Secchi Depth,1996-05-30,14.5
South Lake Leelanau,Secchi Depth,1996-05-30,15
South Lake Leelanau,Secchi Depth,1996-07-18,14
South Lake Leelanau,Secchi Depth,1996-07-18,10
South Lake Leelanau,Secchi Depth,1996-07-18,14
South Lake Leelanau,Secchi Depth,1996-08-20,16
South Lake Leelanau,Secchi Depth,1996-08-20,7.5
South Lake Leelanau,Secchi Depth,1996-08-20,12
South Lake Leelanau,Secchi Depth,1996-09-20,12
South Lake Leelanau,Secchi Depth,1996-09-20,5
South Lake Leelanau,Secchi Depth,1996-09-20,13
South Lake Leelanau,Secchi Depth,1997-04-25,17.5
South Lake Leelanau,Secchi Depth,1997-04-25,14
South Lake Leelanau,Secchi Depth,1997-04-25,17
South Lake Leelanau,Secchi Depth,1997-06-30,19.5
South Lake Leelanau,Secchi Depth,1997-06-30,12.5
South Lake Leelanau,Secchi Depth,1997-06-30,19
South Lake Leelanau,Secchi Depth,1997-07-24,11
South Lake Leelanau,Secchi Depth,1997-07-24,11
South Lake Leelanau,Secchi Depth,1997-07-24,12
South Lake Leelanau,Secchi Depth,1997-08-14,8
South Lake Leelanau,Secchi Depth,1997-08-14,6
South Lake Leelanau,Secchi Depth,1997-08-14,8
South Lake Leelanau,Secchi Depth,1997-09-05,6
South Lake Leelanau,Secchi Depth,1997-09-05,9
South Lake Leelanau,Secchi Depth,1997-09-08,12
South Lake Leelanau,Secchi Depth,1998-04-22,15
South Lake Leelanau,Secchi Depth,1998-04-22,15
South Lake Leelanau,Secchi Depth,1998-04-22,15.5
South Lake Leelanau,Secchi Depth,1998-08-13,7.5
South Lake Leelanau,Secchi Depth,1998-08-18,8
South Lake Leelanau,Secchi Depth,1998-08-18,8
South Lake Leelanau,Secchi Depth,1998-11-09,16
South Lake Leelanau,Secchi Depth,1999-04-13,25
South Lake Leelanau,Secchi Depth,1999-04-13,22
South Lake Leelanau,Secchi Depth,1999-04-13,23
South Lake Leelanau,Secchi Depth,1999-06-17,18
South Lake Leelanau,Secchi Depth,1999-06-17,14
South Lake Leelanau,Secchi Depth,1999-06-17,19
South Lake Leelanau,Secchi Depth,1999-09-24,11
South Lake Leelanau,Secchi Depth,1999-09-24,6
South Lake Leelanau,Secchi Depth,1999-09-24,11
South Lake Leelanau,Secchi Depth,2000-04-27,15
South Lake Leelanau,Secchi Depth,2000-04-27,19
South Lake Leelanau,Secchi Depth,2000-04-27,14.5
South Lake Leelanau,Secchi Depth,2000-06-29,21
South Lake Leelanau,Secchi Depth,2000-06-29,10
South Lake Leelanau,Secchi Depth,2000-06-29,14
South Lake Leelanau,Secchi Depth,2000-07-24,18
South Lake Leelanau,Secchi Depth,2000-07-24,9.5
South Lake Leelanau,Secchi Depth,2000-07-24,14.5
South Lake Leelanau,Secchi Depth,2000-08-14,9
South Lake Leelanau,Secchi Depth,2000-08-16,12.5
South Lake Leelanau,Secchi Depth,2000-08-16,8.5
South Lake Leelanau,Secchi Depth,2000-09-08,11.5
South Lake Leelanau,Secchi Depth,2000-09-08,7
South Lake Leelanau,Secchi Depth,2000-09-08,11
South Lake Leelanau,Secchi Depth,2000-10-30,15
South Lake Leelanau,Secchi Depth,2000-10-30,14
South Lake Leelanau,Secchi Depth,2000-10-30,15.5
South Lake Leelanau,Secchi Depth,2001-06-04,16.5
South Lake Leelanau,Secchi Depth,2001-06-04,16.5
South Lake Leelanau,Secchi Depth,2001-06-04,15.5
South Lake Leelanau,Secchi Depth,2001-07-10,26.5
South Lake Leelanau,Secchi Depth,2001-07-10,17
South Lake Leelanau,Secchi Depth,2001-08-07,9
South Lake Leelanau,Secchi Depth,2001-08-08,7.5
South Lake Leelanau,Secchi Depth,2001-08-27,8.5
South Lake Leelanau,Secchi Depth,2001-08-29,7
South Lake Leelanau,Secchi Depth,2001-09-28,8
South Lake Leelanau,Secchi Depth,2001-09-30,15
South Lake Leelanau,Secchi Depth,2001-11-01,10
South Lake Leelanau,Secchi Depth,2001-11-06,20
South Lake Leelanau,Secchi Depth,2002-04-18,23
South Lake Leelanau,Secchi Depth,2002-04-18,12
South Lake Leelanau,Secchi Depth,2002-05-24,9
South Lake Leelanau,Secchi Depth,2002-05-30,27
South Lake Leelanau,Secchi Depth,2002-06-17,24.5
South Lake Leelanau,Secchi Depth,2002-06-17,13.5
South Lake Leelanau,Secchi Depth,2002-07-17,20
South Lake Leelanau,Secchi Depth,2002-07-17,7.5
South Lake Leelanau,Secchi Depth,2002-07-24,18
South Lake Leelanau,Secchi Depth,2002-08-05,9.5
South Lake Leelanau,Secchi Depth,2002-08-05,7
South Lake Leelanau,Secchi Depth,2002-08-08,10.5
South Lake Leelanau,Secchi Depth,2002-08-08,9.5
South Lake Leelanau,Secchi Depth,2002-08-27,10.5
South Lake Leelanau,Secchi Depth,2002-08-27,7.5
South Lake Leelanau,Secchi Depth,2002-09-13,9.5
South Lake Leelanau,Secchi Depth,2002-09-13,5
South Lake Leelanau,Secchi Depth,2002-10-15,16
South Lake Leelanau,Secchi Depth,2002-10-15,9.5
South Lake Leelanau,Secchi Depth,2003-04-24,21
South Lake Leelanau,Secchi Depth,2003-04-24,18
South Lake Leelanau,Secchi Depth,2003-05-14,19
South Lake Leelanau,Secchi Depth,2003-05-14,13
South Lake Leelanau,Secchi Depth,2003-06-12,27
South Lake Leelanau,Secchi Depth,2003-06-12,15.5
South Lake Leelanau,Secchi Depth,2003-07-02,25
South Lake Leelanau,Secchi Depth,2003-07-09,19.5
South Lake Leelanau,Secchi Depth,2003-07-24,14
South Lake Leelanau,Secchi Depth,2003-07-24,10.5
South Lake Leelanau,Secchi Depth,2003-08-08,7
South Lake Leelanau,Secchi Depth,2003-08-25,6.5
South Lake Leelanau,Secchi Depth,2003-08-25,7.5
South Lake Leelanau,Secchi Depth,2003-09-08,11
South Lake Leelanau,Secchi Depth,2003-10-02,15.5
South Lake Leelanau,Secchi Depth,2003-10-20,21
South Lake Leelanau,Secchi Depth,2004-05-05,21
South Lake Leelanau,Secchi Depth,2004-06-22,22.5
South Lake Leelanau,Secchi Depth,2004-06-22,11
South Lake Leelanau,Secchi Depth,2004-07-07,19
South Lake Leelanau,Secchi Depth,2004-07-07,11
South Lake Leelanau,Secchi Depth,2004-07-12,17
South Lake Leelanau,Secchi Depth,2004-07-13,9.5
South Lake Leelanau,Secchi Depth,2004-07-19,11.5
South Lake Leelanau,Secchi Depth,2004-07-20,13.5
South Lake Leelanau,Secchi Depth,2004-07-26,10.5
South Lake Leelanau,Secchi Depth,2004-07-27,13
South Lake Leelanau,Secchi Depth,2004-08-02,8
South Lake Leelanau,Secchi Depth,2004-08-03,13
South Lake Leelanau,Secchi Depth,2004-08-10,5.5
South Lake Leelanau,Secchi Depth,2004-08-12,11
South Lake Leelanau,Secchi Depth,2004-08-17,11
South Lake Leelanau,Secchi Depth,2004-08-17,9
South Lake Leelanau,Secchi Depth,2004-08-24,6.5
South Lake Leelanau,Secchi Depth,2004-08-30,13.5
South Lake Leelanau,Secchi Depth,2004-09-01,8.5
South Lake Leelanau,Secchi Depth,2004-09-08,13.5
South Lake Leelanau,Secchi Depth,2004-09-08,7.5
South Lake Leelanau,Secchi Depth,2004-09-15,12
South Lake Leelanau,Secchi Depth,2004-09-20,8
South Lake Leelanau,Secchi Depth,2004-09-26,15
South Lake Leelanau,Secchi Depth,2004-10-20,14.5
South Lake Leelanau,Secchi Depth,2004-10-20,11.5
South Lake Leelanau,Secchi Depth,2004-11-03,20
South Lake Leelanau,Secchi Depth,2005-04-29,16
South Lake Leelanau,Secchi Depth,2005-05-24,23.5
South Lake Leelanau,Secchi Depth,2005-07-06,19
South Lake Leelanau,Secchi Depth,2005-08-08,6.5
South Lake Leelanau,Secchi Depth,2005-09-08,9.5
South Lake Leelanau,Secchi Depth,2006-05-02,24
South Lake Leelanau,Secchi Depth,2006-07-07,16.5
South Lake Leelanau,Secchi Depth,2006-07-27,12
South Lake Leelanau,Secchi Depth,2006-08-28,10.5
South Lake Leelanau,Secchi Depth,2007-05-31,22.5
South Lake Leelanau,Secchi Depth,2007-07-26,7
South Lake Leelanau,Secchi Depth,2007-08-22,9
South Lake Leelanau,Secchi Depth,2007-10-17,17.5
South Lake Leelanau,Secchi Depth,2008-06-11,17
South Lake Leelanau,Secchi Depth,2008-07-11,19.5
South Lake Leelanau,Secchi Depth,2008-08-08,9
South Lake Leelanau,Secchi Depth,2008-09-02,10
South Lake Leelanau,Secchi Depth,2009-06-25,28.5
South Lake Leelanau,Secchi Depth,2009-07-24,11
South Lake Leelanau,Secchi Depth,2009-08-27,10
South Lake Leelanau,Secchi Depth,2010-05-20,23
South Lake Leelanau,Secchi Depth,2010-06-29,19
South Lake Leelanau,Secchi Depth,2010-08-13,7
South Lake Leelanau,Secchi Depth,2011-06-07,23
South Lake Leelanau,Secchi Depth,2011-07-07,18
South Lake Leelanau,Secchi Depth,2011-08-05,10
South Lake Leelanau,Secchi Depth,2011-09-01,17
South Lake Leelanau,Secchi Depth,2012-05-11,19
South Lake Leelanau,Secchi Depth,2012-07-16,11
South Lake Leelanau,Secchi Depth,2012-09-16,18
South Lake Leelanau,Secchi Depth,2014-05-26,15.5
South Lake Leelanau,Secchi Depth,2014-07-08,14
South Lake Leelanau,Secchi Depth,2014-07-14,15.5
South Lake Leelanau,Secchi Depth,2015-05-16,21
South Lake Leelanau,Secchi Depth,2015-07-07,21.5
South Lake Leelanau,Secchi Depth,2015-08-15,9
South Lake Leelanau,Secchi Depth,2015-09-18,10.5
South Lake Leelanau,Secchi Depth,2015-10-20,16.5
South Lake Leelanau,Secchi Depth,2016-04-19,18
South Lake Leelanau,Secchi Depth,2016-06-14,14.5
South Lake Leelanau,Secchi Depth,2016-07-15,9
South Lake Leelanau,Secchi Depth,2016-08-26,8.5
South Lake Leelanau,Secchi Depth,2016-09-29,14
South Lake Leelanau,Secchi Depth,2016-11-02,16.5
South Lake Leelanau,Secchi Depth,2017-06-15,15
South Lake Leelanau,Secchi Depth,2017-07-13,10.2
South Lake Leelanau,Secchi Depth,2017-08-09,11.3
South Lake Leelanau,Secchi Depth,2017-09-13,18.5
South Lake Leelanau,Secchi Depth,2017-11-07,15
South Lake Leelanau,Secchi Depth,2018-05-15,11
South Lake Leelanau,Secchi Depth,2018-06-20,20.5
South Lake Leelanau,Secchi Depth,2018-07-19,8.5
South Lake Leelanau,Secchi Depth,2018-08-19,6.5
South Lake Leelanau,Secchi Depth,2018-09-24,11.5
South Lake Leelanau,Secchi Depth,2018-10-31,16
South Lake Leelanau,Secchi Depth,2019-04-22,16
South Lake Leelanau,Secchi Depth,2019-06-17,15.5
South Lake Leelanau,Secchi Depth,2019-07-17,12
South Lake Leelanau,Secchi Depth,2019-08-20,9.5
South Lake Leelanau,Secchi Depth,2019-09-19,12.5
South Lake Leelanau,Secchi Depth,2019-10-20,15.5
South Lake Leelanau,Secchi Depth,2020-05-13,16
South Lake Leelanau,Secchi Depth,2020-08-21,8
South Lake Leelanau,Secchi Depth,2020-09-20,14.5
South Lake Leelanau,Secchi Depth,2020-11-06,11
South Lake Leelanau,Secchi Depth,2021-05-12,19
South Lake Leelanau,Secchi Depth,2021-07-06,16
South Lake Leelanau,Secchi Depth,2021-07-30,13.5
South Lake Leelanau,Secchi Depth,2021-08-24,12.5
South Lake Leelanau,Secchi Depth,2021-10-28,16
South Lake Leelanau,Secchi Depth,2022-05-24,18
South Lake Leelanau,Secchi Depth,2022-06-24,22
South Lake Leelanau,Secchi Depth,2022-08-04,9.5
South Lake Leelanau,Secchi Depth,2022-09-23,14
South Lake Leelanau,Secchi Depth,2022-10-28,20
South Lake Leelanau,Secchi Depth,2023-05-10,21
South Lake Leelanau,Secchi Depth,2023-06-08,18
South Lake Leelanau,Secchi Depth,2023-07-13,10.5
South Lake Leelanau,Secchi Depth,2023-08-11,6.5
South Lake Leelanau,Secchi Depth,2023-09-14,12
South Lake Leelanau,Secchi Depth,2023-10-05,14
South Lake Leelanau,Secchi Depth,2024-05-07,15.5
South Lake Leelanau,Secchi Depth,2024-06-12,16
South Lake Leelanau,Secchi Depth,2024-08-01,4.5
South Lake Leelanau,Secchi Depth,2024-09-11,8.5
South Lake Leelanau,Secchi Depth,2024-10-04,10
South Lake Leelanau,Secchi Depth,2025-05-14,29
South Lake Leelanau,Secchi Depth,2025-06-06,21
South Lake Leelanau,Secchi Depth,2025-07-10,21
South Lake Leelanau,Secchi Depth,2025-08-08,7
South Lake Leelanau,Secchi Depth,2025-09-10,10
South Lake Leelanau,Secchi Depth,2025-10-03,9.5
South Lake Leelanau,Total Phosphorus,1990-06-07,8.4
South Lake Leelanau,Total Phosphorus,1990-06-27,4.2
South Lake Leelanau,Total Phosphorus,1990-07-13,5.0
South Lake Leelanau,Total Phosphorus,1990-07-13,6.9
South Lake Leelanau,Total Phosphorus,1990-07-13,7.9
South Lake Leelanau,Total Phosphorus,1990-08-02,6.2
South Lake Leelanau,Total Phosphorus,1990-08-02,16.5
South Lake Leelanau,Total Phosphorus,1990-08-20,4.0
South Lake Leelanau,Total Phosphorus,1990-08-22,10.3
South Lake Leelanau,Total Phosphorus,1990-08-22,5.8
South Lake Leelanau,Total Phosphorus,1990-09-26,9.8
South Lake Leelanau,Total Phosphorus,1990-09-26,6.6
South Lake Leelanau,Total Phosphorus,1990-09-26,11.2
South Lake Leelanau,Total Phosphorus,1990-10-26,7.4
South Lake Leelanau,Total Phosphorus,1990-10-26,6.1
South Lake Leelanau,Total Phosphorus,1990-10-26,7.0
South Lake Leelanau,Total Phosphorus,1990-11-08,6.8
South Lake Leelanau,Total Phosphorus,1990-11-08,5.9
South Lake Leelanau,Total Phosphorus,1991-02-22,3.7
South Lake Leelanau,Total Phosphorus,1991-03-14,5.7
South Lake Leelanau,Total Phosphorus,1991-03-14,6.4
South Lake Leelanau,Total Phosphorus,1991-04-26,5.4
South Lake Leelanau,Total Phosphorus,1991-04-26,4.9
South Lake Leelanau,Total Phosphorus,1991-04-26,4.5
South Lake Leelanau,Total Phosphorus,1991-05-20,4.2
South Lake Leelanau,Total Phosphorus,1991-05-20,3.7
South Lake Leelanau,Total Phosphorus,1991-05-20,3.7
South Lake Leelanau,Total Phosphorus,1991-06-06,5.8
South Lake Leelanau,Total Phosphorus,1991-06-06,4.5
South Lake Leelanau,Total Phosphorus,1991-06-06,2.8
South Lake Leelanau,Total Phosphorus,1991-07-03,3.5
South Lake Leelanau,Total Phosphorus,1991-07-03,3.9
South Lake Leelanau,Total Phosphorus,1991-07-03,4.4
South Lake Leelanau,Total Phosphorus,1991-07-18,3.5
South Lake Leelanau,Total Phosphorus,1991-07-18,3.5
South Lake Leelanau,Total Phosphorus,1991-07-18,3.9
South Lake Leelanau,Total Phosphorus,1991-08-02,4.8
South Lake Leelanau,Total Phosphorus,1991-08-02,4.4
South Lake Leelanau,Total Phosphorus,1991-08-02,3.5
South Lake Leelanau,Total Phosphorus,1991-08-20,2.7
South Lake Leelanau,Total Phosphorus,1991-08-20,10.4
South Lake Leelanau,Total Phosphorus,1991-08-20,4.0
South Lake Leelanau,Total Phosphorus,1991-09-11,5.7
South Lake Leelanau,Total Phosphorus,1991-09-11,6.7
South Lake Leelanau,Total Phosphorus,1991-09-11,6.2
South Lake Leelanau,Total Phosphorus,1991-09-24,5.8
South Lake Leelanau,Total Phosphorus,1991-09-24,6.3
South Lake Leelanau,Total Phosphorus,1991-09-24,6.8
South Lake Leelanau,Total Phosphorus,1991-11-07,4.6
South Lake Leelanau,Total Phosphorus,1991-11-07,5.5
South Lake Leelanau,Total Phosphorus,1991-11-07,3.6
South Lake Leelanau,Total Phosphorus,1992-02-27,3.9
South Lake Leelanau,Total Phosphorus,1992-02-27,7.3
South Lake Leelanau,Total Phosphorus,1992-03-20,4.9
South Lake Leelanau,Total Phosphorus,1992-05-04,5.0
South Lake Leelanau,Total Phosphorus,1992-05-04,4.6
South Lake Leelanau,Total Phosphorus,1992-05-04,5.0
South Lake Leelanau,Total Phosphorus,1992-06-25,4.5
South Lake Leelanau,Total Phosphorus,1992-06-25,3.6
South Lake Leelanau,Total Phosphorus,1992-06-25,3.6
South Lake Leelanau,Total Phosphorus,1992-07-23,5.2
South Lake Leelanau,Total Phosphorus,1992-07-23,5.2
South Lake Leelanau,Total Phosphorus,1992-07-23,4.3
South Lake Leelanau,Total Phosphorus,1992-08-07,6.7
South Lake Leelanau,Total Phosphorus,1992-08-07,5.8
South Lake Leelanau,Total Phosphorus,1992-08-07,4.8
South Lake Leelanau,Total Phosphorus,1992-08-28,5.8
South Lake Leelanau,Total Phosphorus,1992-09-24,6.2
South Lake Leelanau,Total Phosphorus,1992-09-25,5.1
South Lake Leelanau,Total Phosphorus,1992-10-27,4.6
South Lake Leelanau,Total Phosphorus,1992-10-27,5.0
South Lake Leelanau,Total Phosphorus,1992-10-27,4.6
South Lake Leelanau,Total Phosphorus,1993-01-28,3.9
South Lake Leelanau,Total Phosphorus,1993-01-28,5.3
South Lake Leelanau,Total Phosphorus,1993-03-25,2.8
South Lake Leelanau,Total Phosphorus,1993-03-26,2.8
South Lake Leelanau,Total Phosphorus,1993-04-29,4.2
South Lake Leelanau,Total Phosphorus,1993-04-29,6.6
South Lake Leelanau,Total Phosphorus,1993-04-29,4.6
South Lake Leelanau,Total Phosphorus,1993-06-11,4.2
South Lake Leelanau,Total Phosphorus,1993-06-11,5.3
South Lake Leelanau,Total Phosphorus,1993-06-11,4.5
South Lake Leelanau,Total Phosphorus,1993-07-22,5.2
South Lake Leelanau,Total Phosphorus,1993-07-22,5.9
South Lake Leelanau,Total Phosphorus,1993-07-22,4.8
South Lake Leelanau,Total Phosphorus,1993-09-15,6.0
South Lake Leelanau,Total Phosphorus,1993-09-15,6.8
South Lake Leelanau,Total Phosphorus,1993-09-15,7.3
South Lake Leelanau,Total Phosphorus,1993-11-10,5.0
South Lake Leelanau,Total Phosphorus,1993-11-10,5.1
South Lake Leelanau,Total Phosphorus,1993-11-10,5.6
South Lake Leelanau,Total Phosphorus,1994-03-03,6.3
South Lake Leelanau,Total Phosphorus,1994-04-30,5.3
South Lake Leelanau,Total Phosphorus,1994-04-30,4.4
South Lake Leelanau,Total Phosphorus,1994-04-30,4.2
South Lake Leelanau,Total Phosphorus,1994-06-20,3.7
South Lake Leelanau,Total Phosphorus,1994-06-20,4.3
South Lake Leelanau,Total Phosphorus,1994-06-20,4.3
South Lake Leelanau,Total Phosphorus,1994-07-18,3.2
South Lake Leelanau,Total Phosphorus,1994-07-18,3.2
South Lake Leelanau,Total Phosphorus,1994-07-18,3.6
South Lake Leelanau,Total Phosphorus,1994-08-16,6.4
South Lake Leelanau,Total Phosphorus,1994-08-16,4.3
South Lake Leelanau,Total Phosphorus,1994-08-19,3.8
South Lake Leelanau,Total Phosphorus,1994-09-27,4.3
South Lake Leelanau,Total Phosphorus,1994-09-27,6.6
South Lake Leelanau,Total Phosphorus,1994-09-27,6.3
South Lake Leelanau,Total Phosphorus,1994-11-11,6.0
South Lake Leelanau,Total Phosphorus,1994-11-11,6.9
South Lake Leelanau,Total Phosphorus,1994-11-11,5.1
South Lake Leelanau,Total Phosphorus,1995-04-22,5.1
South Lake Leelanau,Total Phosphorus,1995-04-22,4.1
South Lake Leelanau,Total Phosphorus,1995-04-22,4.2
South Lake Leelanau,Total Phosphorus,1995-06-20,5.1
South Lake Leelanau,Total Phosphorus,1995-06-20,3.7
South Lake Leelanau,Total Phosphorus,1995-06-20,5.0
South Lake Leelanau,Total Phosphorus,1995-07-13,2.1
South Lake Leelanau,Total Phosphorus,1995-07-13,3.9
South Lake Leelanau,Total Phosphorus,1995-07-13,3.0
South Lake Leelanau,Total Phosphorus,1995-09-08,9.7
South Lake Leelanau,Total Phosphorus,1995-09-08,5.9
South Lake Leelanau,Total Phosphorus,1996-03-26,5.0
South Lake Leelanau,Total Phosphorus,1996-05-29,4.4
South Lake Leelanau,Total Phosphorus,1996-05-30,4.5
South Lake Leelanau,Total Phosphorus,1996-05-30,4.0
South Lake Leelanau,Total Phosphorus,1996-07-18,3.1
South Lake Leelanau,Total Phosphorus,1996-07-18,4.2
South Lake Leelanau,Total Phosphorus,1996-07-18,4.4
South Lake Leelanau,Total Phosphorus,1996-08-20,3.5
South Lake Leelanau,Total Phosphorus,1996-08-20,5.4
South Lake Leelanau,Total Phosphorus,1996-08-20,4.1
South Lake Leelanau,Total Phosphorus,1996-09-20,8.5
South Lake Leelanau,Total Phosphorus,1996-09-20,5.6
South Lake Leelanau,Total Phosphorus,1996-09-20,3.3
South Lake Leelanau,Total Phosphorus,1997-04-25,3.8
South Lake Leelanau,Total Phosphorus,1997-04-25,4.2
South Lake Leelanau,Total Phosphorus,1997-04-25,3.6
South Lake Leelanau,Total Phosphorus,1997-06-30,2.8
South Lake Leelanau,Total Phosphorus,1997-06-30,3.8
South Lake Leelanau,Total Phosphorus,1997-06-30,2.6
South Lake Leelanau,Total Phosphorus,1997-07-24,3.6
South Lake Leelanau,Total Phosphorus,1997-07-24,2.9
South Lake Leelanau,Total Phosphorus,1997-07-24,2.7
South Lake Leelanau,Total Phosphorus,1997-08-14,5.6
South Lake Leelanau,Total Phosphorus,1997-08-14,5.2
South Lake Leelanau,Total Phosphorus,1997-08-14,5.2
South Lake Leelanau,Total Phosphorus,1997-09-05,6.4
South Lake Leelanau,Total Phosphorus,1997-09-05,4.4
South Lake Leelanau,Total Phosphorus,1997-09-08,3.5
South Lake Leelanau,Total Phosphorus,1998-04-22,4.0
South Lake Leelanau,Total Phosphorus,1998-08-13,7.6
South Lake Leelanau,Total Phosphorus,1998-08-18,4.3
South Lake Leelanau,Total Phosphorus,1998-08-18,4.6
South Lake Leelanau,Total Phosphorus,1998-11-09,3.0
South Lake Leelanau,Total Phosphorus,1999-04-13,1.3
South Lake Leelanau,Total Phosphorus,1999-04-13,2.7
South Lake Leelanau,Total Phosphorus,1999-04-13,4.4
South Lake Leelanau,Total Phosphorus,1999-06-17,1.6
South Lake Leelanau,Total Phosphorus,1999-06-17,2.2
South Lake Leelanau,Total Phosphorus,1999-06-17,2.0
South Lake Leelanau,Total Phosphorus,1999-09-24,5.6
South Lake Leelanau,Total Phosphorus,1999-09-24,5.7
South Lake Leelanau,Total Phosphorus,1999-09-24,5.9
South Lake Leelanau,Total Phosphorus,2000-04-27,3.3
South Lake Leelanau,Total Phosphorus,2000-04-27,3.6
South Lake Leelanau,Total Phosphorus,2000-04-27,3.1
South Lake Leelanau,Total Phosphorus,2000-06-29,3.0
South Lake Leelanau,Total Phosphorus,2000-06-29,3.5
South Lake Leelanau,Total Phosphorus,2000-06-29,1.0
South Lake Leelanau,Total Phosphorus,2000-07-24,2.0
South Lake Leelanau,Total Phosphorus,2000-07-24,2.0
South Lake Leelanau,Total Phosphorus,2000-07-24,2.6
South Lake Leelanau,Total Phosphorus,2000-08-14,1.0
South Lake Leelanau,Total Phosphorus,2000-08-16,1.0
South Lake Leelanau,Total Phosphorus,2000-08-16,1.0
South Lake Leelanau,Total Phosphorus,2000-09-08,7.0
South Lake Leelanau,Total Phosphorus,2000-09-08,8.1
South Lake Leelanau,Total Phosphorus,2000-09-08,6.5
South Lake Leelanau,Total Phosphorus,2000-10-30,2.3
South Lake Leelanau,Total Phosphorus,2000-10-30,2.0
South Lake Leelanau,Total Phosphorus,2000-10-30,1.5
South Lake Leelanau,Total Phosphorus,2001-06-04,3.3
South Lake Leelanau,Total Phosphorus,2001-06-04,2.9
South Lake Leelanau,Total Phosphorus,2001-06-04,3.3
South Lake Leelanau,Total Phosphorus,2001-07-10,4.1
South Lake Leelanau,Total Phosphorus,2001-07-10,5.3
South Lake Leelanau,Total Phosphorus,2001-08-07,3.0
South Lake Leelanau,Total Phosphorus,2001-08-08,3.1
South Lake Leelanau,Total Phosphorus,2001-08-27,4.5
South Lake Leelanau,Total Phosphorus,2001-08-29,4.0
South Lake Leelanau,Total Phosphorus,2001-09-28,5.3
South Lake Leelanau,Total Phosphorus,2001-09-30,4.6
South Lake Leelanau,Total Phosphorus,2001-11-01,4.6
South Lake Leelanau,Total Phosphorus,2001-11-06,4.1
South Lake Leelanau,Total Phosphorus,2002-04-18,2.0
South Lake Leelanau,Total Phosphorus,2002-04-18,3.1
South Lake Leelanau,Total Phosphorus,2002-05-24,4.2
South Lake Leelanau,Total Phosphorus,2002-05-30,3.3
South Lake Leelanau,Total Phosphorus,2002-06-17,2.7
South Lake Leelanau,Total Phosphorus,2002-06-17,1.9
South Lake Leelanau,Total Phosphorus,2002-07-17,3.1
South Lake Leelanau,Total Phosphorus,2002-07-17,3.8
South Lake Leelanau,Total Phosphorus,2002-08-05,1.9
South Lake Leelanau,Total Phosphorus,2002-08-05,1.7
South Lake Leelanau,Total Phosphorus,2002-08-27,4.5
South Lake Leelanau,Total Phosphorus,2002-08-27,3.6
South Lake Leelanau,Total Phosphorus,2002-09-13,2.9
South Lake Leelanau,Total Phosphorus,2002-09-13,6.1
South Lake Leelanau,Total Phosphorus,2002-10-15,9.3
South Lake Leelanau,Total Phosphorus,2002-10-15,5.9
South Lake Leelanau,Total Phosphorus,2003-04-24,6.4
South Lake Leelanau,Total Phosphorus,2003-04-24,4.0
South Lake Leelanau,Total Phosphorus,2003-05-14,3.4
South Lake Leelanau,Total Phosphorus,2003-05-14,3.7
South Lake Leelanau,Total Phosphorus,2003-06-12,4.6
South Lake Leelanau,Total Phosphorus,2003-06-12,3.6
South Lake Leelanau,Total Phosphorus,2003-07-02,2.1
South Lake Leelanau,Total Phosphorus,2003-07-02,2.5
South Lake Leelanau,Total Phosphorus,2003-07-09,2.5
South Lake Leelanau,Total Phosphorus,2003-07-24,2.5
South Lake Leelanau,Total Phosphorus,2003-07-24,2.7
South Lake Leelanau,Total Phosphorus,2003-08-08,4.5
South Lake Leelanau,Total Phosphorus,2003-08-25,2.5
South Lake Leelanau,Total Phosphorus,2003-08-25,2.6
South Lake Leelanau,Total Phosphorus,2003-09-08,6.2
South Lake Leelanau,Total Phosphorus,2003-10-02,2.8
South Lake Leelanau,Total Phosphorus,2003-10-20,2.9
South Lake Leelanau,Total Phosphorus,2004-05-05,4.0
South Lake Leelanau,Total Phosphorus,2004-06-22,8.0
South Lake Leelanau,Total Phosphorus,2004-06-22,4.0
South Lake Leelanau,Total Phosphorus,2004-07-07,3.0
South Lake Leelanau,Total Phosphorus,2004-07-07,3.0
South Lake Leelanau,Total Phosphorus,2004-07-12,2.2
South Lake Leelanau,Total Phosphorus,2004-07-13,2.2
South Lake Leelanau,Total Phosphorus,2004-07-19,3.0
South Lake Leelanau,Total Phosphorus,2004-07-20,3.0
South Lake Leelanau,Total Phosphorus,2004-07-26,4.9
South Lake Leelanau,Total Phosphorus,2004-07-27,5.5
South Lake Leelanau,Total Phosphorus,2004-08-02,8.7
South Lake Leelanau,Total Phosphorus,2004-08-03,43.4
South Lake Leelanau,Total Phosphorus,2004-08-10,2.3
South Lake Leelanau,Total Phosphorus,2004-08-12,18.7
South Lake Leelanau,Total Phosphorus,2004-08-17,3.9
South Lake Leelanau,Total Phosphorus,2004-08-17,5.0
South Lake Leelanau,Total Phosphorus,2004-08-24,3.9
South Lake Leelanau,Total Phosphorus,2004-08-25,5.3
South Lake Leelanau,Total Phosphorus,2004-08-30,3.5
South Lake Leelanau,Total Phosphorus,2004-09-01,4.1
South Lake Leelanau,Total Phosphorus,2004-09-08,7.3
South Lake Leelanau,Total Phosphorus,2004-09-08,5.8
South Lake Leelanau,Total Phosphorus,2004-09-15,9.6
South Lake Leelanau,Total Phosphorus,2004-09-20,2.8
South Lake Leelanau,Total Phosphorus,2004-09-26,5.4
South Lake Leelanau,Total Phosphorus,2004-10-20,4.1
South Lake Leelanau,Total Phosphorus,2004-10-20,2.2
South Lake Leelanau,Total Phosphorus,2004-11-03,3.6
South Lake Leelanau,Total Phosphorus,2005-04-29,4.0
South Lake Leelanau,Total Phosphorus,2005-05-24,4.4
South Lake Leelanau,Total Phosphorus,2005-07-06,1.8
South Lake Leelanau,Total Phosphorus,2005-09-08,4.8
South Lake Leelanau,Total Phosphorus,2006-05-02,2.0
South Lake Leelanau,Total Phosphorus,2006-07-07,6.0
South Lake Leelanau,Total Phosphorus,2006-07-27,4.5
South Lake Leelanau,Total Phosphorus,2006-08-28,3.5
South Lake Leelanau,Total Phosphorus,2007-05-31,1.4
South Lake Leelanau,Total Phosphorus,2007-07-26,4.3
South Lake Leelanau,Total Phosphorus,2007-08-22,3.6
South Lake Leelanau,Total Phosphorus,2007-10-17,5.2
South Lake Leelanau,Total Phosphorus,2008-06-11,4.5
South Lake Leelanau,Total Phosphorus,2008-07-11,5.2
South Lake Leelanau,Total Phosphorus,2008-08-08,3.8
South Lake Leelanau,Total Phosphorus,2008-09-02,7.9
South Lake Leelanau,Total Phosphorus,2009-06-25,5.4
South Lake Leelanau,Total Phosphorus,2009-07-24,2.6
South Lake Leelanau,Total Phosphorus,2009-08-27,4.0
South Lake Leelanau,Total Phosphorus,2010-05-20,5.0
South Lake Leelanau,Total Phosphorus,2010-06-29,2.6
South Lake Leelanau,Total Phosphorus,2010-08-13,3.6
South Lake Leelanau,Total Phosphorus,2011-06-15,12.5
South Lake Leelanau,Total Phosphorus,2011-06-15,11.0
South Lake Leelanau,Total Phosphorus,2011-07-08,5.0
South Lake Leelanau,Total Phosphorus,2011-08-09,2.6
South Lake Leelanau,Total Phosphorus,2011-09-07,5.8
South Lake Leelanau,Total Phosphorus,2011-09-07,5.6
South Lake Leelanau,Total Phosphorus,2012-05-15,1.8
South Lake Leelanau,Total Phosphorus,2012-07-25,1.7
South Lake Leelanau,Total Phosphorus,2012-09-16,5.9
South Lake Leelanau,Total Phosphorus,2014-05-21,2.2
South Lake Leelanau,Total Phosphorus,2014-05-26,1.6
South Lake Leelanau,Total Phosphorus,2014-07-14,4.5
South Lake Leelanau,Total Phosphorus,2014-08-18,4.2
South Lake Leelanau,Total Phosphorus,2015-05-16,1.6
South Lake Leelanau,Total Phosphorus,2015-07-07,3.9
South Lake Leelanau,Total Phosphorus,2015-08-15,1.1
South Lake Leelanau,Total Phosphorus,2015-09-18,2.7
South Lake Leelanau,Total Phosphorus,2015-10-20,3.6
South Lake Leelanau,Total Phosphorus,2016-04-19,5.4
South Lake Leelanau,Total Phosphorus,2016-06-14,4.3
South Lake Leelanau,Total Phosphorus,2016-07-15,4.1
South Lake Leelanau,Total Phosphorus,2016-09-07,2.0
South Lake Leelanau,Total Phosphorus,2016-10-17,2.2
South Lake Leelanau,Total Phosphorus,2017-05-04,5.4
South Lake Leelanau,Total Phosphorus,2017-06-15,2.7
South Lake Leelanau,Total Phosphorus,2017-07-13,3.9
South Lake Leelanau,Total Phosphorus,2017-08-09,5.0
South Lake Leelanau,Total Phosphorus,2017-09-13,3.5
South Lake Leelanau,Total Phosphorus,2017-11-07,5.3
South Lake Leelanau,Total Phosphorus,2018-05-15,5.4
South Lake Leelanau,Total Phosphorus,2018-06-20,5.3
South Lake Leelanau,Total Phosphorus,2018-07-19,3.7
South Lake Leelanau,Total Phosphorus,2018-08-19,4.0
South Lake Leelanau,Total Phosphorus,2018-09-24,19.9
South Lake Leelanau,Total Phosphorus,2018-10-31,5.8
South Lake Leelanau,Total Phosphorus,2019-04-22,5.4
South Lake Leelanau,Total Phosphorus,2019-06-17,2.3
South Lake Leelanau,Total Phosphorus,2019-07-17,5.6
South Lake Leelanau,Total Phosphorus,2019-08-20,4.3
South Lake Leelanau,Total Phosphorus,2019-09-19,7.7
South Lake Leelanau,Total Phosphorus,2019-10-20,6.0
South Lake Leelanau,Total Phosphorus,2020-05-13,4.2
South Lake Leelanau,Total Phosphorus,2020-08-21,9.2
South Lake Leelanau,Total Phosphorus,2020-09-20,12.2
South Lake Leelanau,Total Phosphorus,2020-11-06,10.8
South Lake Leelanau,Total Phosphorus,2021-05-12,4.1
South Lake Leelanau,Total Phosphorus,2021-07-30,5.9
South Lake Leelanau,Total Phosphorus,2022-05-24,2.8
South Lake Leelanau,Total Phosphorus,2022-06-24,5.7
South Lake Leelanau,Total Phosphorus,2022-08-04,5.0
South Lake Leelanau,Total Phosphorus,2022-09-23,8.0
South Lake Leelanau,Total Phosphorus,2022-10-28,5.6
South Lake Leelanau,Total Phosphorus,2023-05-10,3.1
South Lake Leelanau,Total Phosphorus,2023-06-08,8.3
South Lake Leelanau,Total Phosphorus,2023-07-13,6.3
South Lake Leelanau,Total Phosphorus,2023-08-11,12.7
South Lake Leelanau,Total Phosphorus,2023-09-14,19.7
South Lake Leelanau,Total Phosphorus,2023-10-05,5.4
South Lake Leelanau,Total Phosphorus,2024-05-07,2.5
South Lake Leelanau,Total Phosphorus,2024-08-01,2.1
South Lake Leelanau,Total Phosphorus,2024-09-11,2.1
South Lake Leelanau,Total Phosphorus,2024-10-04,6.4
South Lake Leelanau,Total Phosphorus,2025-05-14,5.0
South Lake Leelanau,Total Phosphorus,2025-06-06,3.2
South Lake Leelanau,Total Phosphorus,2025-07-10,3.5
South Lake Leelanau,Total Phosphorus,2025-08-08,3.6
South Lake Leelanau,Total Phosphorus,2025-09-10,3.0
South Lake Leelanau,Total Phosphorus,2025-10-03,6.8
