Site,Parameter,SampleDate,Value
Platte Lake (Big Platte),Chlorophyll-a,1990-04-18,1.5
Platte Lake (Big Platte),Chlorophyll-a,1990-05-16,2.2
Platte Lake (Big Platte),Chlorophyll-a,1990-05-30,1.2
Platte Lake (Big Platte),Chlorophyll-a,1990-06-14,4.9
Platte Lake (Big Platte),Chlorophyll-a,1990-06-27,1.4
Platte Lake (Big Platte),Chlorophyll-a,1990-07-11,1.7
Platte Lake (Big Platte),Chlorophyll-a,1990-07-25,2.3
Platte Lake (Big Platte),Chlorophyll-a,1990-08-08,1.2
Platte Lake (Big Platte),Chlorophyll-a,1990-08-24,2.1
Platte Lake (Big Platte),Chlorophyll-a,1990-09-05,4
Platte Lake (Big Platte),Chlorophyll-a,1990-09-12,1.5
Platte Lake (Big Platte),Chlorophyll-a,1990-10-05,2.6
Platte Lake (Big Platte),Chlorophyll-a,1990-10-17,2.5
Platte Lake (Big Platte),Chlorophyll-a,1990-10-31,4.5
Platte Lake (Big Platte),Chlorophyll-a,1990-11-16,4.4
Platte Lake (Big Platte),Chlorophyll-a,1990-12-05,5.2
Platte Lake (Big Platte),Chlorophyll-a,1991-01-09,3.3
Platte Lake (Big Platte),Chlorophyll-a,1991-02-01,3.5
Platte Lake (Big Platte),Chlorophyll-a,1991-02-19,1.4
Platte Lake (Big Platte),Chlorophyll-a,1991-03-05,3.8
Platte Lake (Big Platte),Chlorophyll-a,1991-03-19,1.8
Platte Lake (Big Platte),Chlorophyll-a,1991-04-09,2.3
Platte Lake (Big Platte),Chlorophyll-a,1991-04-16,0.8
Platte Lake (Big Platte),Chlorophyll-a,1991-05-03,1.6
Platte Lake (Big Platte),Chlorophyll-a,1991-05-14,2.1
Platte Lake (Big Platte),Chlorophyll-a,1991-06-11,3.9
Platte Lake (Big Platte),Chlorophyll-a,1991-06-25,1
Platte Lake (Big Platte),Chlorophyll-a,1991-07-09,1
Platte Lake (Big Platte),Chlorophyll-a,1991-07-23,1.5
Platte Lake (Big Platte),Chlorophyll-a,1991-08-06,2.1
Platte Lake (Big Platte),Chlorophyll-a,1991-08-20,2.3
Platte Lake (Big Platte),Chlorophyll-a,1991-09-03,4
Platte Lake (Big Platte),Chlorophyll-a,1991-09-17,5.8
Platte Lake (Big Platte),Chlorophyll-a,1991-10-01,2.4
Platte Lake (Big Platte),Chlorophyll-a,1991-10-15,3.2
Platte Lake (Big Platte),Chlorophyll-a,1991-11-05,3.8
Platte Lake (Big Platte),Chlorophyll-a,1991-11-19,2.3
Platte Lake (Big Platte),Chlorophyll-a,1991-12-10,1.7
Platte Lake (Big Platte),Chlorophyll-a,1992-01-17,3.2
Platte Lake (Big Platte),Chlorophyll-a,1992-01-28,3.1
Platte Lake (Big Platte),Chlorophyll-a,1992-02-18,2.3
Platte Lake (Big Platte),Chlorophyll-a,1992-03-13,2.1
Platte Lake (Big Platte),Chlorophyll-a,1992-05-12,3.7
Platte Lake (Big Platte),Chlorophyll-a,1992-05-26,1.8
Platte Lake (Big Platte),Chlorophyll-a,1992-06-09,1.7
Platte Lake (Big Platte),Chlorophyll-a,1992-06-19,4.7
Platte Lake (Big Platte),Chlorophyll-a,1992-06-30,2.2
Platte Lake (Big Platte),Chlorophyll-a,1992-07-21,1.9
Platte Lake (Big Platte),Chlorophyll-a,1992-08-18,1.5
Platte Lake (Big Platte),Chlorophyll-a,1992-09-01,1.3
Platte Lake (Big Platte),Chlorophyll-a,1992-09-09,2
Platte Lake (Big Platte),Chlorophyll-a,1992-09-15,1.4
Platte Lake (Big Platte),Chlorophyll-a,1992-09-22,1.5
Platte Lake (Big Platte),Chlorophyll-a,1992-09-29,2.1
Platte Lake (Big Platte),Chlorophyll-a,1992-10-06,1.6
Platte Lake (Big Platte),Chlorophyll-a,1992-10-13,1.7
Platte Lake (Big Platte),Chlorophyll-a,1992-10-21,2.5
Platte Lake (Big Platte),Chlorophyll-a,1992-10-27,3.1
Platte Lake (Big Platte),Chlorophyll-a,1992-11-04,4.5
Platte Lake (Big Platte),Chlorophyll-a,1992-11-12,4.2
Platte Lake (Big Platte),Chlorophyll-a,1992-11-18,3.4
Platte Lake (Big Platte),Chlorophyll-a,1992-11-24,3.4
Platte Lake (Big Platte),Chlorophyll-a,1992-12-01,4.1
Platte Lake (Big Platte),Chlorophyll-a,1992-12-08,2.9
Platte Lake (Big Platte),Chlorophyll-a,1992-12-15,2.6
Platte Lake (Big Platte),Chlorophyll-a,1992-12-22,2.4
Platte Lake (Big Platte),Chlorophyll-a,1993-01-12,2.6
Platte Lake (Big Platte),Chlorophyll-a,1993-01-26,2.6
Platte Lake (Big Platte),Chlorophyll-a,1993-02-09,1.9
Platte Lake (Big Platte),Chlorophyll-a,1993-02-23,1.7
Platte Lake (Big Platte),Chlorophyll-a,1993-03-09,2.3
Platte Lake (Big Platte),Chlorophyll-a,1993-03-23,2.6
Platte Lake (Big Platte),Chlorophyll-a,1993-04-21,3.4
Platte Lake (Big Platte),Chlorophyll-a,1993-05-04,3.4
Platte Lake (Big Platte),Chlorophyll-a,1993-05-18,1.5
Platte Lake (Big Platte),Chlorophyll-a,1993-06-01,1.2
Platte Lake (Big Platte),Chlorophyll-a,1993-06-15,2.3
Platte Lake (Big Platte),Chlorophyll-a,1993-06-29,1.6
Platte Lake (Big Platte),Chlorophyll-a,1993-07-13,3
Platte Lake (Big Platte),Chlorophyll-a,1993-07-27,2.8
Platte Lake (Big Platte),Chlorophyll-a,1993-08-10,2.8
Platte Lake (Big Platte),Chlorophyll-a,1993-08-24,3.9
Platte Lake (Big Platte),Chlorophyll-a,1993-09-07,3.2
Platte Lake (Big Platte),Chlorophyll-a,1993-09-21,4.7
Platte Lake (Big Platte),Chlorophyll-a,1993-10-05,5.8
Platte Lake (Big Platte),Chlorophyll-a,1993-10-19,5.6
Platte Lake (Big Platte),Chlorophyll-a,1993-11-02,7.6
Platte Lake (Big Platte),Chlorophyll-a,1993-11-17,8.7
Platte Lake (Big Platte),Chlorophyll-a,1993-11-30,4.9
Platte Lake (Big Platte),Chlorophyll-a,1993-12-14,5.6
Platte Lake (Big Platte),Chlorophyll-a,1994-01-04,5.5
Platte Lake (Big Platte),Chlorophyll-a,1994-01-21,4.1
Platte Lake (Big Platte),Chlorophyll-a,1994-02-01,3
Platte Lake (Big Platte),Chlorophyll-a,1994-02-15,1.8
Platte Lake (Big Platte),Chlorophyll-a,1994-03-01,1.2
Platte Lake (Big Platte),Chlorophyll-a,1994-03-15,1.5
Platte Lake (Big Platte),Chlorophyll-a,1994-04-05,3.4
Platte Lake (Big Platte),Chlorophyll-a,1994-04-19,4.5
Platte Lake (Big Platte),Chlorophyll-a,1994-05-03,5.6
Platte Lake (Big Platte),Chlorophyll-a,1994-05-17,6.1
Platte Lake (Big Platte),Chlorophyll-a,1994-05-31,5.3
Platte Lake (Big Platte),Chlorophyll-a,1994-06-14,3.5
Platte Lake (Big Platte),Chlorophyll-a,1994-06-28,5
Platte Lake (Big Platte),Chlorophyll-a,1994-07-12,4.8
Platte Lake (Big Platte),Chlorophyll-a,1994-07-26,3.7
Platte Lake (Big Platte),Chlorophyll-a,1994-08-09,3
Platte Lake (Big Platte),Chlorophyll-a,1994-08-23,2.5
Platte Lake (Big Platte),Chlorophyll-a,1994-09-06,2.8
Platte Lake (Big Platte),Chlorophyll-a,1994-09-20,1.7
Platte Lake (Big Platte),Chlorophyll-a,1994-10-04,3.2
Platte Lake (Big Platte),Chlorophyll-a,1994-10-18,4
Platte Lake (Big Platte),Chlorophyll-a,1994-11-01,3.3
Platte Lake (Big Platte),Chlorophyll-a,1994-11-15,6.5
Platte Lake (Big Platte),Chlorophyll-a,1994-11-29,6.9
Platte Lake (Big Platte),Chlorophyll-a,1994-12-13,6.6
Platte Lake (Big Platte),Chlorophyll-a,1994-12-27,6.7
Platte Lake (Big Platte),Chlorophyll-a,1995-01-24,3.3
Platte Lake (Big Platte),Chlorophyll-a,1995-02-07,2.2
Platte Lake (Big Platte),Chlorophyll-a,1995-02-21,1.3
Platte Lake (Big Platte),Chlorophyll-a,1995-03-07,1.8
Platte Lake (Big Platte),Chlorophyll-a,1995-03-28,2
Platte Lake (Big Platte),Chlorophyll-a,1995-04-11,3.8
Platte Lake (Big Platte),Chlorophyll-a,1995-04-25,6.3
Platte Lake (Big Platte),Chlorophyll-a,1995-05-09,6.3
Platte Lake (Big Platte),Chlorophyll-a,1995-05-23,5.1
Platte Lake (Big Platte),Chlorophyll-a,1995-06-06,4.9
Platte Lake (Big Platte),Chlorophyll-a,1995-06-20,3.2
Platte Lake (Big Platte),Chlorophyll-a,1995-07-03,1.8
Platte Lake (Big Platte),Chlorophyll-a,1995-07-18,3.9
Platte Lake (Big Platte),Chlorophyll-a,1995-08-01,2.5
Platte Lake (Big Platte),Chlorophyll-a,1995-08-15,2.1
Platte Lake (Big Platte),Chlorophyll-a,1995-08-29,4.9
Platte Lake (Big Platte),Chlorophyll-a,1995-09-12,3.7
Platte Lake (Big Platte),Chlorophyll-a,1995-09-26,3.3
Platte Lake (Big Platte),Chlorophyll-a,1995-10-10,3.7
Platte Lake (Big Platte),Chlorophyll-a,1995-10-24,4.9
Platte Lake (Big Platte),Chlorophyll-a,1995-11-07,3.7
Platte Lake (Big Platte),Chlorophyll-a,1995-11-21,5.4
Platte Lake (Big Platte),Chlorophyll-a,1995-12-05,3.1
Platte Lake (Big Platte),Chlorophyll-a,1995-12-22,2.8
Platte Lake (Big Platte),Chlorophyll-a,1996-01-02,2.5
Platte Lake (Big Platte),Chlorophyll-a,1996-01-16,1.7
Platte Lake (Big Platte),Chlorophyll-a,1996-01-31,1.2
Platte Lake (Big Platte),Chlorophyll-a,1996-02-13,1
Platte Lake (Big Platte),Chlorophyll-a,1996-02-27,0.8
Platte Lake (Big Platte),Chlorophyll-a,1996-03-12,1.4
Platte Lake (Big Platte),Chlorophyll-a,1996-03-19,2.5
Platte Lake (Big Platte),Chlorophyll-a,1996-04-16,1.6
Platte Lake (Big Platte),Chlorophyll-a,1996-04-23,2.1
Platte Lake (Big Platte),Chlorophyll-a,1996-04-30,2.3
Platte Lake (Big Platte),Chlorophyll-a,1996-05-07,2.5
Platte Lake (Big Platte),Chlorophyll-a,1996-05-14,3.9
Platte Lake (Big Platte),Chlorophyll-a,1996-05-21,3.4
Platte Lake (Big Platte),Chlorophyll-a,1996-05-28,3
Platte Lake (Big Platte),Chlorophyll-a,1996-06-04,2.9
Platte Lake (Big Platte),Chlorophyll-a,1996-06-11,1.5
Platte Lake (Big Platte),Chlorophyll-a,1996-06-18,2.3
Platte Lake (Big Platte),Chlorophyll-a,1996-06-25,2.9
Platte Lake (Big Platte),Chlorophyll-a,1996-07-02,3
Platte Lake (Big Platte),Chlorophyll-a,1996-07-09,2
Platte Lake (Big Platte),Chlorophyll-a,1996-07-16,2.8
Platte Lake (Big Platte),Chlorophyll-a,1996-07-23,1.7
Platte Lake (Big Platte),Chlorophyll-a,1996-07-30,1.9
Platte Lake (Big Platte),Chlorophyll-a,1996-08-06,2.6
Platte Lake (Big Platte),Chlorophyll-a,1996-08-20,3.1
Platte Lake (Big Platte),Chlorophyll-a,1996-09-03,1.2
Platte Lake (Big Platte),Chlorophyll-a,1996-09-17,2.9
Platte Lake (Big Platte),Chlorophyll-a,1996-10-01,2.9
Platte Lake (Big Platte),Chlorophyll-a,1996-10-15,5.2
Platte Lake (Big Platte),Chlorophyll-a,1996-10-29,4.3
Platte Lake (Big Platte),Chlorophyll-a,1996-11-12,6.1
Platte Lake (Big Platte),Chlorophyll-a,1996-11-26,5.6
Platte Lake (Big Platte),Chlorophyll-a,1996-12-10,4.3
Platte Lake (Big Platte),Chlorophyll-a,1997-01-14,2.7
Platte Lake (Big Platte),Chlorophyll-a,1997-01-28,2.3
Platte Lake (Big Platte),Chlorophyll-a,1997-02-11,1.2
Platte Lake (Big Platte),Chlorophyll-a,1997-02-25,0.5
Platte Lake (Big Platte),Chlorophyll-a,1997-03-11,1.2
Platte Lake (Big Platte),Chlorophyll-a,1997-03-25,1.2
Platte Lake (Big Platte),Chlorophyll-a,1997-04-08,3.2
Platte Lake (Big Platte),Chlorophyll-a,1997-04-15,2.4
Platte Lake (Big Platte),Chlorophyll-a,1997-04-22,2.1
Platte Lake (Big Platte),Chlorophyll-a,1997-05-02,2.6
Platte Lake (Big Platte),Chlorophyll-a,1997-05-07,2.8
Platte Lake (Big Platte),Chlorophyll-a,1997-05-13,4.7
Platte Lake (Big Platte),Chlorophyll-a,1997-05-20,3.8
Platte Lake (Big Platte),Chlorophyll-a,1997-05-27,5
Platte Lake (Big Platte),Chlorophyll-a,1997-06-03,6.4
Platte Lake (Big Platte),Chlorophyll-a,1997-06-10,3.5
Platte Lake (Big Platte),Chlorophyll-a,1997-06-17,2
Platte Lake (Big Platte),Chlorophyll-a,1997-06-24,4.7
Platte Lake (Big Platte),Chlorophyll-a,1997-07-01,3.3
Platte Lake (Big Platte),Chlorophyll-a,1997-07-09,5.4
Platte Lake (Big Platte),Chlorophyll-a,1997-07-15,3.8
Platte Lake (Big Platte),Chlorophyll-a,1997-07-22,2.8
Platte Lake (Big Platte),Chlorophyll-a,1997-08-05,1.8
Platte Lake (Big Platte),Chlorophyll-a,1997-08-19,4.1
Platte Lake (Big Platte),Chlorophyll-a,1997-09-02,3.1
Platte Lake (Big Platte),Chlorophyll-a,1997-09-16,4
Platte Lake (Big Platte),Chlorophyll-a,1997-09-30,2.2
Platte Lake (Big Platte),Chlorophyll-a,1997-10-14,1.9
Platte Lake (Big Platte),Chlorophyll-a,1997-10-28,2.3
Platte Lake (Big Platte),Chlorophyll-a,1997-11-11,4.2
Platte Lake (Big Platte),Chlorophyll-a,1997-11-25,4.2
Platte Lake (Big Platte),Chlorophyll-a,1997-12-09,5.7
Platte Lake (Big Platte),Chlorophyll-a,1997-12-23,6.3
Platte Lake (Big Platte),Chlorophyll-a,1998-01-06,5.2
Platte Lake (Big Platte),Chlorophyll-a,1998-02-10,2.2
Platte Lake (Big Platte),Chlorophyll-a,1998-03-03,2.1
Platte Lake (Big Platte),Chlorophyll-a,1998-03-24,2.1
Platte Lake (Big Platte),Chlorophyll-a,1998-04-07,2.9
Platte Lake (Big Platte),Chlorophyll-a,1998-04-21,3.5
Platte Lake (Big Platte),Chlorophyll-a,1998-05-05,5.2
Platte Lake (Big Platte),Chlorophyll-a,1998-05-19,5.1
Platte Lake (Big Platte),Chlorophyll-a,1998-05-26,7.1
Platte Lake (Big Platte),Chlorophyll-a,1998-06-02,7
Platte Lake (Big Platte),Chlorophyll-a,1998-06-09,6.3
Platte Lake (Big Platte),Chlorophyll-a,1998-06-16,3
Platte Lake (Big Platte),Chlorophyll-a,1998-06-23,2.5
Platte Lake (Big Platte),Chlorophyll-a,1998-06-30,2.9
Platte Lake (Big Platte),Chlorophyll-a,1998-07-07,2.3
Platte Lake (Big Platte),Chlorophyll-a,1998-07-21,2.7
Platte Lake (Big Platte),Chlorophyll-a,1998-08-11,2
Platte Lake (Big Platte),Chlorophyll-a,1998-08-25,3.2
Platte Lake (Big Platte),Chlorophyll-a,1998-09-08,2.5
Platte Lake (Big Platte),Chlorophyll-a,1998-09-22,2.7
Platte Lake (Big Platte),Chlorophyll-a,1998-10-07,3.8
Platte Lake (Big Platte),Chlorophyll-a,1998-10-20,4.5
Platte Lake (Big Platte),Chlorophyll-a,1998-11-03,5.3
Platte Lake (Big Platte),Chlorophyll-a,1998-11-17,4.6
Platte Lake (Big Platte),Chlorophyll-a,1998-12-01,4.4
Platte Lake (Big Platte),Chlorophyll-a,1999-01-26,2.4
Platte Lake (Big Platte),Chlorophyll-a,1999-02-09,2.7
Platte Lake (Big Platte),Chlorophyll-a,1999-02-23,1.7
Platte Lake (Big Platte),Chlorophyll-a,1999-03-09,1.9
Platte Lake (Big Platte),Chlorophyll-a,1999-04-06,3.1
Platte Lake (Big Platte),Chlorophyll-a,1999-04-20,3.8
Platte Lake (Big Platte),Chlorophyll-a,2000-01-18,1.7
Platte Lake (Big Platte),Chlorophyll-a,2000-02-01,3.1
Platte Lake (Big Platte),Chlorophyll-a,2000-02-15,2.3
Platte Lake (Big Platte),Chlorophyll-a,2000-03-06,1.9
Platte Lake (Big Platte),Chlorophyll-a,2001-01-03,2.6
Platte Lake (Big Platte),Chlorophyll-a,2001-01-16,1.8
Platte Lake (Big Platte),Chlorophyll-a,2001-01-30,2
Platte Lake (Big Platte),Chlorophyll-a,2001-02-13,1.4
Platte Lake (Big Platte),Chlorophyll-a,2001-02-27,1.6
Platte Lake (Big Platte),Chlorophyll-a,2001-03-13,1.5
Platte Lake (Big Platte),Chlorophyll-a,2001-03-27,1.4
Platte Lake (Big Platte),Chlorophyll-a,2001-04-24,3.2
Platte Lake (Big Platte),Chlorophyll-a,2001-05-08,4.2
Platte Lake (Big Platte),Chlorophyll-a,2001-05-22,3.9
Platte Lake (Big Platte),Chlorophyll-a,2001-06-05,3.3
Platte Lake (Big Platte),Chlorophyll-a,2001-06-19,3.9
Platte Lake (Big Platte),Chlorophyll-a,2001-07-03,4.1
Platte Lake (Big Platte),Chlorophyll-a,2001-07-17,3.4
Platte Lake (Big Platte),Chlorophyll-a,2002-06-29,2.6
Platte Lake (Big Platte),Chlorophyll-a,2003-01-29,4.8
Platte Lake (Big Platte),Chlorophyll-a,2003-03-04,1.2
Platte Lake (Big Platte),Chlorophyll-a,2003-03-12,3.4
Platte Lake (Big Platte),Chlorophyll-a,2003-04-23,2.5
Platte Lake (Big Platte),Chlorophyll-a,2003-05-07,3.6
Platte Lake (Big Platte),Chlorophyll-a,2003-05-21,3.2
Platte Lake (Big Platte),Chlorophyll-a,2003-06-05,3
Platte Lake (Big Platte),Chlorophyll-a,2003-06-18,1.6
Platte Lake (Big Platte),Chlorophyll-a,2003-07-02,1.6
Platte Lake (Big Platte),Chlorophyll-a,2003-07-17,1.8
Platte Lake (Big Platte),Chlorophyll-a,2003-07-30,2.1
Platte Lake (Big Platte),Chlorophyll-a,2003-08-13,3.2
Platte Lake (Big Platte),Chlorophyll-a,2003-08-27,4.3
Platte Lake (Big Platte),Chlorophyll-a,2003-09-10,2.3
Platte Lake (Big Platte),Chlorophyll-a,2003-09-24,1.6
Platte Lake (Big Platte),Chlorophyll-a,2003-10-08,1.6
Platte Lake (Big Platte),Chlorophyll-a,2003-10-22,1.6
Platte Lake (Big Platte),Chlorophyll-a,2003-11-05,1.5
Platte Lake (Big Platte),Chlorophyll-a,2003-11-19,2
Platte Lake (Big Platte),Chlorophyll-a,2003-12-03,2.5
Platte Lake (Big Platte),Chlorophyll-a,2004-02-05,0.4
Platte Lake (Big Platte),Chlorophyll-a,2004-02-19,0.1
Platte Lake (Big Platte),Chlorophyll-a,2004-04-07,1.1
Platte Lake (Big Platte),Chlorophyll-a,2004-04-22,1.8
Platte Lake (Big Platte),Chlorophyll-a,2004-05-05,1.3
Platte Lake (Big Platte),Chlorophyll-a,2004-05-19,1.5
Platte Lake (Big Platte),Chlorophyll-a,2004-06-02,0.9
Platte Lake (Big Platte),Chlorophyll-a,2004-06-16,0.7
Platte Lake (Big Platte),Chlorophyll-a,2004-06-28,1.5
Platte Lake (Big Platte),Chlorophyll-a,2004-07-14,1.5
Platte Lake (Big Platte),Chlorophyll-a,2004-07-28,2.3
Platte Lake (Big Platte),Chlorophyll-a,2004-08-11,2.6
Platte Lake (Big Platte),Chlorophyll-a,2004-08-25,1.9
Platte Lake (Big Platte),Chlorophyll-a,2004-09-08,1.8
Platte Lake (Big Platte),Chlorophyll-a,2004-09-22,2.5
Platte Lake (Big Platte),Chlorophyll-a,2004-09-22,1.5
Platte Lake (Big Platte),Chlorophyll-a,2004-10-06,1.4
Platte Lake (Big Platte),Chlorophyll-a,2004-10-20,2
Platte Lake (Big Platte),Chlorophyll-a,2004-10-20,1.4
Platte Lake (Big Platte),Chlorophyll-a,2004-11-03,1.1
Platte Lake (Big Platte),Chlorophyll-a,2004-11-03,1.1
Platte Lake (Big Platte),Chlorophyll-a,2004-11-17,2
Platte Lake (Big Platte),Chlorophyll-a,2004-11-17,1.1
Platte Lake (Big Platte),Chlorophyll-a,2004-12-01,1.1
Platte Lake (Big Platte),Chlorophyll-a,2004-12-01,1.1
Platte Lake (Big Platte),Chlorophyll-a,2005-01-19,1.5
Platte Lake (Big Platte),Chlorophyll-a,2005-01-19,0.9
Platte Lake (Big Platte),Chlorophyll-a,2005-02-15,0.9
Platte Lake (Big Platte),Chlorophyll-a,2005-02-15,0.5
Platte Lake (Big Platte),Chlorophyll-a,2005-03-02,1.5
Platte Lake (Big Platte),Chlorophyll-a,2005-03-02,0.5
Platte Lake (Big Platte),Chlorophyll-a,2005-04-14,1.1
Platte Lake (Big Platte),Chlorophyll-a,2005-04-14,1.1
Platte Lake (Big Platte),Chlorophyll-a,2005-04-28,1
Platte Lake (Big Platte),Chlorophyll-a,2005-04-28,1.5
Platte Lake (Big Platte),Chlorophyll-a,2005-05-11,2.4
Platte Lake (Big Platte),Chlorophyll-a,2005-05-11,2.4
Platte Lake (Big Platte),Chlorophyll-a,2005-05-25,1.6
Platte Lake (Big Platte),Chlorophyll-a,2005-05-25,2.2
Platte Lake (Big Platte),Chlorophyll-a,2005-06-08,2.6
Platte Lake (Big Platte),Chlorophyll-a,2005-06-08,1.3
Platte Lake (Big Platte),Chlorophyll-a,2005-06-22,1.4
Platte Lake (Big Platte),Chlorophyll-a,2005-06-22,1.5
Platte Lake (Big Platte),Chlorophyll-a,2005-07-13,2.8
Platte Lake (Big Platte),Chlorophyll-a,2005-07-13,1.7
Platte Lake (Big Platte),Chlorophyll-a,2005-07-27,3.5
Platte Lake (Big Platte),Chlorophyll-a,2005-07-27,1.9
Platte Lake (Big Platte),Chlorophyll-a,2005-08-10,2.4
Platte Lake (Big Platte),Chlorophyll-a,2005-08-10,1.5
Platte Lake (Big Platte),Chlorophyll-a,2005-08-24,1.7
Platte Lake (Big Platte),Chlorophyll-a,2005-08-24,0.9
Platte Lake (Big Platte),Chlorophyll-a,2005-09-07,1.7
Platte Lake (Big Platte),Chlorophyll-a,2005-09-07,0.6
Platte Lake (Big Platte),Chlorophyll-a,2005-09-21,1.8
Platte Lake (Big Platte),Chlorophyll-a,2005-09-21,2.3
Platte Lake (Big Platte),Chlorophyll-a,2005-10-05,1.6
Platte Lake (Big Platte),Chlorophyll-a,2005-10-05,0.5
Platte Lake (Big Platte),Chlorophyll-a,2005-11-02,0.9
Platte Lake (Big Platte),Chlorophyll-a,2005-11-02,1
Platte Lake (Big Platte),Chlorophyll-a,2005-11-30,0.8
Platte Lake (Big Platte),Chlorophyll-a,2005-11-30,0.8
Platte Lake (Big Platte),Chlorophyll-a,2006-03-01,3
Platte Lake (Big Platte),Chlorophyll-a,2006-03-01,0.4
Platte Lake (Big Platte),Chlorophyll-a,2006-04-05,3.1
Platte Lake (Big Platte),Chlorophyll-a,2006-04-05,2.5
Platte Lake (Big Platte),Chlorophyll-a,2006-04-19,2.6
Platte Lake (Big Platte),Chlorophyll-a,2006-04-19,1.6
Platte Lake (Big Platte),Chlorophyll-a,2006-05-03,3
Platte Lake (Big Platte),Chlorophyll-a,2006-05-03,1.7
Platte Lake (Big Platte),Chlorophyll-a,2006-05-16,2
Platte Lake (Big Platte),Chlorophyll-a,2006-05-16,1.3
Platte Lake (Big Platte),Chlorophyll-a,2006-06-01,2.3
Platte Lake (Big Platte),Chlorophyll-a,2006-06-01,0.9
Platte Lake (Big Platte),Chlorophyll-a,2006-06-14,3.7
Platte Lake (Big Platte),Chlorophyll-a,2006-06-14,1.4
Platte Lake (Big Platte),Chlorophyll-a,2006-06-28,2.5
Platte Lake (Big Platte),Chlorophyll-a,2006-06-28,1.4
Platte Lake (Big Platte),Chlorophyll-a,2006-07-12,4.8
Platte Lake (Big Platte),Chlorophyll-a,2006-07-12,1.7
Platte Lake (Big Platte),Chlorophyll-a,2006-07-27,2.4
Platte Lake (Big Platte),Chlorophyll-a,2006-07-27,0.6
Platte Lake (Big Platte),Chlorophyll-a,2006-08-09,3.7
Platte Lake (Big Platte),Chlorophyll-a,2006-08-09,0.9
Platte Lake (Big Platte),Chlorophyll-a,2006-08-23,4
Platte Lake (Big Platte),Chlorophyll-a,2006-08-23,0.7
Platte Lake (Big Platte),Chlorophyll-a,2006-09-06,3
Platte Lake (Big Platte),Chlorophyll-a,2006-09-06,1.4
Platte Lake (Big Platte),Chlorophyll-a,2006-09-20,2.9
Platte Lake (Big Platte),Chlorophyll-a,2006-09-20,0.5
Platte Lake (Big Platte),Chlorophyll-a,2006-10-09,2.3
Platte Lake (Big Platte),Chlorophyll-a,2006-10-09,0.7
Platte Lake (Big Platte),Chlorophyll-a,2006-10-24,1.9
Platte Lake (Big Platte),Chlorophyll-a,2006-10-24,1.6
Platte Lake (Big Platte),Chlorophyll-a,2006-11-08,1.4
Platte Lake (Big Platte),Chlorophyll-a,2006-11-08,1.5
Platte Lake (Big Platte),Chlorophyll-a,2006-11-27,1.9
Platte Lake (Big Platte),Chlorophyll-a,2006-11-27,1.6
Platte Lake (Big Platte),Chlorophyll-a,2006-12-13,1.5
Platte Lake (Big Platte),Chlorophyll-a,2006-12-13,1.8
Platte Lake (Big Platte),Chlorophyll-a,2007-01-05,1.1
Platte Lake (Big Platte),Chlorophyll-a,2007-01-05,1.3
Platte Lake (Big Platte),Chlorophyll-a,2007-03-29,1.4
Platte Lake (Big Platte),Chlorophyll-a,2007-03-29,1.2
Platte Lake (Big Platte),Chlorophyll-a,2007-04-17,1.9
Platte Lake (Big Platte),Chlorophyll-a,2007-04-17,1.4
Platte Lake (Big Platte),Chlorophyll-a,2007-05-02,1
Platte Lake (Big Platte),Chlorophyll-a,2007-05-02,1.4
Platte Lake (Big Platte),Chlorophyll-a,2007-05-16,1
Platte Lake (Big Platte),Chlorophyll-a,2007-05-16,1.4
Platte Lake (Big Platte),Chlorophyll-a,2007-06-01,1.5
Platte Lake (Big Platte),Chlorophyll-a,2007-06-01,1.1
Platte Lake (Big Platte),Chlorophyll-a,2007-06-13,1.3
Platte Lake (Big Platte),Chlorophyll-a,2007-06-13,1.6
Platte Lake (Big Platte),Chlorophyll-a,2007-06-27,1.8
Platte Lake (Big Platte),Chlorophyll-a,2007-06-27,1.3
Platte Lake (Big Platte),Chlorophyll-a,2007-07-11,2.4
Platte Lake (Big Platte),Chlorophyll-a,2007-07-11,0.9
Platte Lake (Big Platte),Chlorophyll-a,2007-07-25,2.8
Platte Lake (Big Platte),Chlorophyll-a,2007-07-25,1.7
Platte Lake (Big Platte),Chlorophyll-a,2007-08-08,2.1
Platte Lake (Big Platte),Chlorophyll-a,2007-08-08,1.4
Platte Lake (Big Platte),Chlorophyll-a,2007-08-22,2.4
Platte Lake (Big Platte),Chlorophyll-a,2007-08-22,1.1
Platte Lake (Big Platte),Chlorophyll-a,2007-09-05,2.6
Platte Lake (Big Platte),Chlorophyll-a,2007-09-05,0.9
Platte Lake (Big Platte),Chlorophyll-a,2007-09-26,3.1
Platte Lake (Big Platte),Chlorophyll-a,2007-09-26,0.9
Platte Lake (Big Platte),Chlorophyll-a,2007-10-10,3.1
Platte Lake (Big Platte),Chlorophyll-a,2007-10-10,1.4
Platte Lake (Big Platte),Chlorophyll-a,2007-10-24,1.8
Platte Lake (Big Platte),Chlorophyll-a,2007-10-24,1.4
Platte Lake (Big Platte),Chlorophyll-a,2007-11-07,1.8
Platte Lake (Big Platte),Chlorophyll-a,2007-11-07,2.2
Platte Lake (Big Platte),Chlorophyll-a,2008-02-01,1.5
Platte Lake (Big Platte),Chlorophyll-a,2008-02-01,0.9
Platte Lake (Big Platte),Chlorophyll-a,2008-02-14,1.8
Platte Lake (Big Platte),Chlorophyll-a,2008-02-14,0.5
Platte Lake (Big Platte),Chlorophyll-a,2008-03-05,0.7
Platte Lake (Big Platte),Chlorophyll-a,2008-03-05,0.3
Platte Lake (Big Platte),Chlorophyll-a,2008-03-20,1
Platte Lake (Big Platte),Chlorophyll-a,2008-03-20,0.5
Platte Lake (Big Platte),Chlorophyll-a,2008-04-16,1.5
Platte Lake (Big Platte),Chlorophyll-a,2008-04-16,1.7
Platte Lake (Big Platte),Chlorophyll-a,2008-04-30,1.8
Platte Lake (Big Platte),Chlorophyll-a,2008-04-30,1.6
Platte Lake (Big Platte),Chlorophyll-a,2008-05-15,1.5
Platte Lake (Big Platte),Chlorophyll-a,2008-05-15,1.6
Platte Lake (Big Platte),Chlorophyll-a,2008-05-23,1.1
Platte Lake (Big Platte),Chlorophyll-a,2008-05-23,1.1
Platte Lake (Big Platte),Chlorophyll-a,2008-06-04,1.3
Platte Lake (Big Platte),Chlorophyll-a,2008-06-04,0.8
Platte Lake (Big Platte),Chlorophyll-a,2008-06-20,1.4
Platte Lake (Big Platte),Chlorophyll-a,2008-06-20,1.7
Platte Lake (Big Platte),Chlorophyll-a,2008-07-01,1.6
Platte Lake (Big Platte),Chlorophyll-a,2008-07-01,1.6
Platte Lake (Big Platte),Chlorophyll-a,2008-07-17,4.4
Platte Lake (Big Platte),Chlorophyll-a,2008-07-17,1.2
Platte Lake (Big Platte),Chlorophyll-a,2008-07-30,3.7
Platte Lake (Big Platte),Chlorophyll-a,2008-07-30,1.2
Platte Lake (Big Platte),Chlorophyll-a,2008-08-14,3.1
Platte Lake (Big Platte),Chlorophyll-a,2008-08-14,0.8
Platte Lake (Big Platte),Chlorophyll-a,2008-08-27,2.6
Platte Lake (Big Platte),Chlorophyll-a,2008-08-27,0.5
Platte Lake (Big Platte),Chlorophyll-a,2008-09-10,2.8
Platte Lake (Big Platte),Chlorophyll-a,2008-09-10,0.7
Platte Lake (Big Platte),Chlorophyll-a,2008-09-23,4.8
Platte Lake (Big Platte),Chlorophyll-a,2008-09-23,1.3
Platte Lake (Big Platte),Chlorophyll-a,2008-10-09,2.4
Platte Lake (Big Platte),Chlorophyll-a,2008-10-09,0.8
Platte Lake (Big Platte),Chlorophyll-a,2008-10-15,2.5
Platte Lake (Big Platte),Chlorophyll-a,2008-10-15,0.6
Platte Lake (Big Platte),Chlorophyll-a,2008-10-30,1.6
Platte Lake (Big Platte),Chlorophyll-a,2008-10-30,1.5
Platte Lake (Big Platte),Chlorophyll-a,2008-11-12,1.2
Platte Lake (Big Platte),Chlorophyll-a,2008-11-12,1
Platte Lake (Big Platte),Chlorophyll-a,2009-01-27,0.7
Platte Lake (Big Platte),Chlorophyll-a,2009-01-27,0.4
Platte Lake (Big Platte),Chlorophyll-a,2009-04-09,2.6
Platte Lake (Big Platte),Chlorophyll-a,2009-04-09,2.5
Platte Lake (Big Platte),Chlorophyll-a,2009-04-16,1.8
Platte Lake (Big Platte),Chlorophyll-a,2009-04-16,2.3
Platte Lake (Big Platte),Chlorophyll-a,2009-04-30,0.8
Platte Lake (Big Platte),Chlorophyll-a,2009-04-30,1.5
Platte Lake (Big Platte),Chlorophyll-a,2009-05-14,1.3
Platte Lake (Big Platte),Chlorophyll-a,2009-05-14,1.4
Platte Lake (Big Platte),Chlorophyll-a,2009-05-28,2
Platte Lake (Big Platte),Chlorophyll-a,2009-05-28,1.5
Platte Lake (Big Platte),Chlorophyll-a,2009-06-12,2.7
Platte Lake (Big Platte),Chlorophyll-a,2009-06-12,1.7
Platte Lake (Big Platte),Chlorophyll-a,2009-06-24,2.9
Platte Lake (Big Platte),Chlorophyll-a,2009-06-24,1.5
Platte Lake (Big Platte),Chlorophyll-a,2009-07-09,2.6
Platte Lake (Big Platte),Chlorophyll-a,2009-07-09,1
Platte Lake (Big Platte),Chlorophyll-a,2009-07-29,3.1
Platte Lake (Big Platte),Chlorophyll-a,2009-07-29,0.8
Platte Lake (Big Platte),Chlorophyll-a,2009-08-05,2.5
Platte Lake (Big Platte),Chlorophyll-a,2009-08-05,0.7
Platte Lake (Big Platte),Chlorophyll-a,2009-08-19,3
Platte Lake (Big Platte),Chlorophyll-a,2009-08-19,1
Platte Lake (Big Platte),Chlorophyll-a,2009-09-02,4.2
Platte Lake (Big Platte),Chlorophyll-a,2009-09-02,1
Platte Lake (Big Platte),Chlorophyll-a,2009-09-22,2.2
Platte Lake (Big Platte),Chlorophyll-a,2009-09-22,0.8
Platte Lake (Big Platte),Chlorophyll-a,2009-10-07,1.6
Platte Lake (Big Platte),Chlorophyll-a,2009-10-07,0.8
Platte Lake (Big Platte),Chlorophyll-a,2009-10-21,1.4
Platte Lake (Big Platte),Chlorophyll-a,2009-10-21,1.1
Platte Lake (Big Platte),Chlorophyll-a,2009-11-04,1.1
Platte Lake (Big Platte),Chlorophyll-a,2009-11-04,0.8
Platte Lake (Big Platte),Chlorophyll-a,2009-11-17,1.4
Platte Lake (Big Platte),Chlorophyll-a,2009-11-17,1.3
Platte Lake (Big Platte),Chlorophyll-a,2009-12-02,2.2
Platte Lake (Big Platte),Chlorophyll-a,2009-12-02,2
Platte Lake (Big Platte),Chlorophyll-a,2010-01-14,0.9
Platte Lake (Big Platte),Chlorophyll-a,2010-01-14,0.5
Platte Lake (Big Platte),Chlorophyll-a,2010-02-04,1.3
Platte Lake (Big Platte),Chlorophyll-a,2010-02-04,0.7
Platte Lake (Big Platte),Chlorophyll-a,2010-02-17,1.2
Platte Lake (Big Platte),Chlorophyll-a,2010-02-17,0.7
Platte Lake (Big Platte),Chlorophyll-a,2010-03-31,0.7
Platte Lake (Big Platte),Chlorophyll-a,2010-03-31,0.5
Platte Lake (Big Platte),Chlorophyll-a,2010-04-14,0.7
Platte Lake (Big Platte),Chlorophyll-a,2010-04-14,0.5
Platte Lake (Big Platte),Chlorophyll-a,2010-05-19,1
Platte Lake (Big Platte),Chlorophyll-a,2010-05-19,0.6
Platte Lake (Big Platte),Chlorophyll-a,2010-06-24,1.6
Platte Lake (Big Platte),Chlorophyll-a,2010-06-24,1.3
Platte Lake (Big Platte),Chlorophyll-a,2010-07-06,2.8
Platte Lake (Big Platte),Chlorophyll-a,2010-07-06,1.2
Platte Lake (Big Platte),Chlorophyll-a,2010-07-21,3.2
Platte Lake (Big Platte),Chlorophyll-a,2010-07-21,0.5
Platte Lake (Big Platte),Chlorophyll-a,2010-08-04,2
Platte Lake (Big Platte),Chlorophyll-a,2010-08-04,3.7
Platte Lake (Big Platte),Chlorophyll-a,2010-08-19,2.9
Platte Lake (Big Platte),Chlorophyll-a,2010-08-19,0.8
Platte Lake (Big Platte),Chlorophyll-a,2010-09-01,3.7
Platte Lake (Big Platte),Chlorophyll-a,2010-09-01,1
Platte Lake (Big Platte),Chlorophyll-a,2010-09-15,2.7
Platte Lake (Big Platte),Chlorophyll-a,2010-09-15,1.3
Platte Lake (Big Platte),Chlorophyll-a,2010-09-29,2
Platte Lake (Big Platte),Chlorophyll-a,2010-09-29,1.2
Platte Lake (Big Platte),Chlorophyll-a,2010-10-12,3.4
Platte Lake (Big Platte),Chlorophyll-a,2010-10-12,1.3
Platte Lake (Big Platte),Chlorophyll-a,2010-11-09,0.8
Platte Lake (Big Platte),Chlorophyll-a,2010-11-09,0.5
Platte Lake (Big Platte),Chlorophyll-a,2010-12-01,1.3
Platte Lake (Big Platte),Chlorophyll-a,2010-12-01,1.4
Platte Lake (Big Platte),Chlorophyll-a,2011-03-08,1
Platte Lake (Big Platte),Chlorophyll-a,2011-03-08,2.4
Platte Lake (Big Platte),Chlorophyll-a,2011-04-21,2.7
Platte Lake (Big Platte),Chlorophyll-a,2011-04-21,2.4
Platte Lake (Big Platte),Chlorophyll-a,2011-05-04,2
Platte Lake (Big Platte),Chlorophyll-a,2011-05-04,1.7
Platte Lake (Big Platte),Chlorophyll-a,2011-05-17,1.8
Platte Lake (Big Platte),Chlorophyll-a,2011-05-17,1.4
Platte Lake (Big Platte),Chlorophyll-a,2011-06-02,2
Platte Lake (Big Platte),Chlorophyll-a,2011-06-02,2.1
Platte Lake (Big Platte),Chlorophyll-a,2011-06-14,2
Platte Lake (Big Platte),Chlorophyll-a,2011-06-14,2
Platte Lake (Big Platte),Chlorophyll-a,2011-06-29,2.3
Platte Lake (Big Platte),Chlorophyll-a,2011-06-29,1.3
Platte Lake (Big Platte),Chlorophyll-a,2011-07-13,3.3
Platte Lake (Big Platte),Chlorophyll-a,2011-07-13,2.4
Platte Lake (Big Platte),Chlorophyll-a,2011-07-29,4.6
Platte Lake (Big Platte),Chlorophyll-a,2011-07-29,4.2
Platte Lake (Big Platte),Chlorophyll-a,2011-08-10,4
Platte Lake (Big Platte),Chlorophyll-a,2011-08-10,3.1
Platte Lake (Big Platte),Chlorophyll-a,2011-08-24,3.8
Platte Lake (Big Platte),Chlorophyll-a,2011-08-24,1.6
Platte Lake (Big Platte),Chlorophyll-a,2011-10-05,3.5
Platte Lake (Big Platte),Chlorophyll-a,2011-10-05,1.7
Platte Lake (Big Platte),Chlorophyll-a,2011-10-26,1.7
Platte Lake (Big Platte),Chlorophyll-a,2011-10-26,1.7
Platte Lake (Big Platte),Chlorophyll-a,2011-11-08,1.7
Platte Lake (Big Platte),Chlorophyll-a,2011-11-08,1.6
Platte Lake (Big Platte),Chlorophyll-a,2011-11-22,1.8
Platte Lake (Big Platte),Chlorophyll-a,2011-11-22,1.6
Platte Lake (Big Platte),Chlorophyll-a,2011-12-21,1.7
Platte Lake (Big Platte),Chlorophyll-a,2011-12-21,1.7
Platte Lake (Big Platte),Nitrate,2004-10-20,73.45
Platte Lake (Big Platte),Nitrate,2004-11-03,87
Platte Lake (Big Platte),Nitrate,2004-11-17,115.19999999999999
Platte Lake (Big Platte),Nitrate,2004-12-01,133.35000000000002
Platte Lake (Big Platte),Nitrate,2005-01-19,204.35
Platte Lake (Big Platte),Nitrate,2005-02-15,211.35
Platte Lake (Big Platte),Nitrate,2005-03-02,250.7
Platte Lake (Big Platte),Nitrate,2005-05-11,256.1
Platte Lake (Big Platte),Nitrate,2005-05-25,239.60000000000002
Platte Lake (Big Platte),Nitrate,2005-06-08,227.05
Platte Lake (Big Platte),Nitrate,2005-06-22,210.8
Platte Lake (Big Platte),Nitrate,2005-07-13,211.5
Platte Lake (Big Platte),Nitrate,2005-07-27,137.35
Platte Lake (Big Platte),Nitrate,2005-08-10,113.35000000000001
Platte Lake (Big Platte),Nitrate,2005-08-24,61.75
Platte Lake (Big Platte),Nitrate,2005-09-07,36.5
Platte Lake (Big Platte),Nitrate,2005-09-21,26
Platte Lake (Big Platte),Nitrate,2005-10-05,27.45
Platte Lake (Big Platte),Nitrate,2005-11-02,66.25
Platte Lake (Big Platte),Nitrate,2005-11-30,123.94999999999999
Platte Lake (Big Platte),Nitrate,2006-03-01,221.60000000000002
Platte Lake (Big Platte),Nitrate,2006-04-05,227.1
Platte Lake (Big Platte),Nitrate,2006-04-19,230.85000000000002
Platte Lake (Big Platte),Nitrate,2006-05-03,222.8
Platte Lake (Big Platte),Nitrate,2006-05-16,199.7
Platte Lake (Big Platte),Nitrate,2006-06-01,179.7
Platte Lake (Big Platte),Nitrate,2006-06-14,175.2
Platte Lake (Big Platte),Nitrate,2006-06-28,258.35
Platte Lake (Big Platte),Nitrate,2006-07-12,152.85
Platte Lake (Big Platte),Nitrate,2006-07-27,103.7
Platte Lake (Big Platte),Nitrate,2006-08-09,69.75
Platte Lake (Big Platte),Nitrate,2006-08-23,48.300000000000004
Platte Lake (Big Platte),Nitrate,2006-09-06,24.85
Platte Lake (Big Platte),Nitrate,2006-09-20,15.9
Platte Lake (Big Platte),Nitrate,2006-10-09,29.4
Platte Lake (Big Platte),Nitrate,2006-10-24,85.25
Platte Lake (Big Platte),Nitrate,2006-11-08,82.45
Platte Lake (Big Platte),Nitrate,2006-11-27,100.69999999999999
Platte Lake (Big Platte),Nitrate,2006-12-13,121.5
Platte Lake (Big Platte),Nitrate,2007-01-05,158.35000000000002
Platte Lake (Big Platte),Nitrate,2007-03-29,228.95
Platte Lake (Big Platte),Nitrate,2007-04-17,229.5
Platte Lake (Big Platte),Nitrate,2007-05-02,222.64999999999998
Platte Lake (Big Platte),Nitrate,2007-05-16,211.95
Platte Lake (Big Platte),Nitrate,2007-06-01,184.3
Platte Lake (Big Platte),Nitrate,2007-06-13,163.4
Platte Lake (Big Platte),Nitrate,2007-06-27,140.4
Platte Lake (Big Platte),Nitrate,2007-07-11,163
Platte Lake (Big Platte),Nitrate,2007-07-25,161.4
Platte Lake (Big Platte),Nitrate,2007-08-08,138.85
Platte Lake (Big Platte),Nitrate,2007-08-22,101.55
Platte Lake (Big Platte),Nitrate,2007-09-05,69.45
Platte Lake (Big Platte),Nitrate,2007-09-26,21.15
Platte Lake (Big Platte),Nitrate,2007-10-10,17.25
Platte Lake (Big Platte),Nitrate,2007-10-24,25.2
Platte Lake (Big Platte),Nitrate,2007-11-07,72.69999999999999
Platte Lake (Big Platte),Nitrate,2008-02-01,211.3
Platte Lake (Big Platte),Nitrate,2008-02-14,226.7
Platte Lake (Big Platte),Nitrate,2008-03-05,265.5
Platte Lake (Big Platte),Nitrate,2008-03-20,275.7
Platte Lake (Big Platte),Nitrate,2008-04-16,254.5
Platte Lake (Big Platte),Nitrate,2008-04-30,245.7
Platte Lake (Big Platte),Nitrate,2008-05-15,243.39999999999998
Platte Lake (Big Platte),Nitrate,2008-05-23,242.25
Platte Lake (Big Platte),Nitrate,2008-06-04,248.15
Platte Lake (Big Platte),Nitrate,2008-06-20,227.85
Platte Lake (Big Platte),Nitrate,2008-07-01,218.1
Platte Lake (Big Platte),Nitrate,2008-07-17,180.7
Platte Lake (Big Platte),Nitrate,2008-07-30,135.95000000000002
Platte Lake (Big Platte),Nitrate,2008-08-14,95.2
Platte Lake (Big Platte),Nitrate,2008-08-27,66.1
Platte Lake (Big Platte),Nitrate,2008-09-10,27.35
Platte Lake (Big Platte),Nitrate,2008-09-23,17
Platte Lake (Big Platte),Nitrate,2008-10-09,22.25
Platte Lake (Big Platte),Nitrate,2008-10-15,26.6
Platte Lake (Big Platte),Nitrate,2008-10-30,53.75
Platte Lake (Big Platte),Nitrate,2008-11-12,54.8
Platte Lake (Big Platte),Secchi Depth,1990-01-03,9
Platte Lake (Big Platte),Secchi Depth,1990-03-06,18
Platte Lake (Big Platte),Secchi Depth,1990-04-18,18
Platte Lake (Big Platte),Secchi Depth,1990-05-03,11
Platte Lake (Big Platte),Secchi Depth,1990-05-10,11
Platte Lake (Big Platte),Secchi Depth,1990-05-16,8
Platte Lake (Big Platte),Secchi Depth,1990-05-17,11
Platte Lake (Big Platte),Secchi Depth,1990-05-24,10.5
Platte Lake (Big Platte),Secchi Depth,1990-05-30,6
Platte Lake (Big Platte),Secchi Depth,1990-05-31,8
Platte Lake (Big Platte),Secchi Depth,1990-06-07,5.5
Platte Lake (Big Platte),Secchi Depth,1990-06-14,5
Platte Lake (Big Platte),Secchi Depth,1990-06-21,7
Platte Lake (Big Platte),Secchi Depth,1990-06-27,5
Platte Lake (Big Platte),Secchi Depth,1990-06-28,11.5
Platte Lake (Big Platte),Secchi Depth,1990-07-05,16
Platte Lake (Big Platte),Secchi Depth,1990-07-11,14
Platte Lake (Big Platte),Secchi Depth,1990-07-12,16
Platte Lake (Big Platte),Secchi Depth,1990-07-19,22
Platte Lake (Big Platte),Secchi Depth,1990-07-25,16
Platte Lake (Big Platte),Secchi Depth,1990-07-26,20
Platte Lake (Big Platte),Secchi Depth,1990-08-02,18.5
Platte Lake (Big Platte),Secchi Depth,1990-08-08,10
Platte Lake (Big Platte),Secchi Depth,1990-08-09,19
Platte Lake (Big Platte),Secchi Depth,1990-08-16,15
Platte Lake (Big Platte),Secchi Depth,1990-08-23,15
Platte Lake (Big Platte),Secchi Depth,1990-08-24,11
Platte Lake (Big Platte),Secchi Depth,1990-08-30,11
Platte Lake (Big Platte),Secchi Depth,1990-09-05,7
Platte Lake (Big Platte),Secchi Depth,1990-09-06,11
Platte Lake (Big Platte),Secchi Depth,1990-09-12,8
Platte Lake (Big Platte),Secchi Depth,1990-09-13,12
Platte Lake (Big Platte),Secchi Depth,1990-09-19,12
Platte Lake (Big Platte),Secchi Depth,1990-09-20,14
Platte Lake (Big Platte),Secchi Depth,1990-10-05,9
Platte Lake (Big Platte),Secchi Depth,1990-10-17,9
Platte Lake (Big Platte),Secchi Depth,1990-10-31,9
Platte Lake (Big Platte),Secchi Depth,1990-11-16,8
Platte Lake (Big Platte),Secchi Depth,1990-12-05,9
Platte Lake (Big Platte),Secchi Depth,1991-01-09,9
Platte Lake (Big Platte),Secchi Depth,1991-02-01,14
Platte Lake (Big Platte),Secchi Depth,1991-02-19,17
Platte Lake (Big Platte),Secchi Depth,1991-03-05,12
Platte Lake (Big Platte),Secchi Depth,1991-03-19,14
Platte Lake (Big Platte),Secchi Depth,1991-04-09,9
Platte Lake (Big Platte),Secchi Depth,1991-04-16,10
Platte Lake (Big Platte),Secchi Depth,1991-05-03,7
Platte Lake (Big Platte),Secchi Depth,1991-05-10,15
Platte Lake (Big Platte),Secchi Depth,1991-05-14,11
Platte Lake (Big Platte),Secchi Depth,1991-05-17,13.5
Platte Lake (Big Platte),Secchi Depth,1991-05-24,13
Platte Lake (Big Platte),Secchi Depth,1991-05-28,11
Platte Lake (Big Platte),Secchi Depth,1991-05-31,13.5
Platte Lake (Big Platte),Secchi Depth,1991-06-07,10
Platte Lake (Big Platte),Secchi Depth,1991-06-11,9
Platte Lake (Big Platte),Secchi Depth,1991-06-14,16
Platte Lake (Big Platte),Secchi Depth,1991-06-21,16
Platte Lake (Big Platte),Secchi Depth,1991-06-25,12
Platte Lake (Big Platte),Secchi Depth,1991-06-28,17
Platte Lake (Big Platte),Secchi Depth,1991-07-05,21
Platte Lake (Big Platte),Secchi Depth,1991-07-09,14
Platte Lake (Big Platte),Secchi Depth,1991-07-12,20
Platte Lake (Big Platte),Secchi Depth,1991-07-19,14
Platte Lake (Big Platte),Secchi Depth,1991-07-23,7
Platte Lake (Big Platte),Secchi Depth,1991-07-26,12
Platte Lake (Big Platte),Secchi Depth,1991-08-02,12
Platte Lake (Big Platte),Secchi Depth,1991-08-06,11
Platte Lake (Big Platte),Secchi Depth,1991-08-09,12
Platte Lake (Big Platte),Secchi Depth,1991-08-16,13
Platte Lake (Big Platte),Secchi Depth,1991-08-20,11
Platte Lake (Big Platte),Secchi Depth,1991-08-23,15
Platte Lake (Big Platte),Secchi Depth,1991-08-30,15
Platte Lake (Big Platte),Secchi Depth,1991-09-03,7
Platte Lake (Big Platte),Secchi Depth,1991-09-06,15
Platte Lake (Big Platte),Secchi Depth,1991-09-13,12.5
Platte Lake (Big Platte),Secchi Depth,1991-09-17,13
Platte Lake (Big Platte),Secchi Depth,1991-10-01,10
Platte Lake (Big Platte),Secchi Depth,1991-10-15,9
Platte Lake (Big Platte),Secchi Depth,1991-11-05,7
Platte Lake (Big Platte),Secchi Depth,1991-11-19,10
Platte Lake (Big Platte),Secchi Depth,1991-12-10,9
Platte Lake (Big Platte),Secchi Depth,1992-01-17,6
Platte Lake (Big Platte),Secchi Depth,1992-01-28,9
Platte Lake (Big Platte),Secchi Depth,1992-02-18,9
Platte Lake (Big Platte),Secchi Depth,1992-03-13,10
Platte Lake (Big Platte),Secchi Depth,1992-04-09,16
Platte Lake (Big Platte),Secchi Depth,1992-04-14,9
Platte Lake (Big Platte),Secchi Depth,1992-04-28,16
Platte Lake (Big Platte),Secchi Depth,1992-05-10,12
Platte Lake (Big Platte),Secchi Depth,1992-05-12,8
Platte Lake (Big Platte),Secchi Depth,1992-05-17,10
Platte Lake (Big Platte),Secchi Depth,1992-05-24,9
Platte Lake (Big Platte),Secchi Depth,1992-05-26,8.5
Platte Lake (Big Platte),Secchi Depth,1992-05-31,12
Platte Lake (Big Platte),Secchi Depth,1992-06-07,8
Platte Lake (Big Platte),Secchi Depth,1992-06-09,6
Platte Lake (Big Platte),Secchi Depth,1992-06-14,3.5
Platte Lake (Big Platte),Secchi Depth,1992-06-19,4.5
Platte Lake (Big Platte),Secchi Depth,1992-06-21,5
Platte Lake (Big Platte),Secchi Depth,1992-06-28,4
Platte Lake (Big Platte),Secchi Depth,1992-06-30,3.5
Platte Lake (Big Platte),Secchi Depth,1992-07-05,5
Platte Lake (Big Platte),Secchi Depth,1992-07-12,6
Platte Lake (Big Platte),Secchi Depth,1992-07-19,9
Platte Lake (Big Platte),Secchi Depth,1992-07-21,7
Platte Lake (Big Platte),Secchi Depth,1992-07-26,10
Platte Lake (Big Platte),Secchi Depth,1992-08-02,11
Platte Lake (Big Platte),Secchi Depth,1992-08-04,8.5
Platte Lake (Big Platte),Secchi Depth,1992-08-09,13
Platte Lake (Big Platte),Secchi Depth,1992-08-16,15.5
Platte Lake (Big Platte),Secchi Depth,1992-08-18,9.5
Platte Lake (Big Platte),Secchi Depth,1992-08-23,16
Platte Lake (Big Platte),Secchi Depth,1992-08-30,15.5
Platte Lake (Big Platte),Secchi Depth,1992-09-01,15
Platte Lake (Big Platte),Secchi Depth,1992-09-06,15
Platte Lake (Big Platte),Secchi Depth,1992-09-13,13.5
Platte Lake (Big Platte),Secchi Depth,1992-09-15,13.5
Platte Lake (Big Platte),Secchi Depth,1992-09-20,14.5
Platte Lake (Big Platte),Secchi Depth,1992-09-22,10
Platte Lake (Big Platte),Secchi Depth,1992-09-29,10
Platte Lake (Big Platte),Secchi Depth,1992-10-06,15.1
Platte Lake (Big Platte),Secchi Depth,1992-10-13,9.5
Platte Lake (Big Platte),Secchi Depth,1992-10-21,8.5
Platte Lake (Big Platte),Secchi Depth,1992-10-27,12.5
Platte Lake (Big Platte),Secchi Depth,1992-11-04,8.5
Platte Lake (Big Platte),Secchi Depth,1992-11-12,9
Platte Lake (Big Platte),Secchi Depth,1992-11-18,9.5
Platte Lake (Big Platte),Secchi Depth,1992-11-24,9.5
Platte Lake (Big Platte),Secchi Depth,1992-12-01,9
Platte Lake (Big Platte),Secchi Depth,1992-12-08,11.5
Platte Lake (Big Platte),Secchi Depth,1992-12-15,10.5
Platte Lake (Big Platte),Secchi Depth,1992-12-22,11
Platte Lake (Big Platte),Secchi Depth,1993-01-12,13
Platte Lake (Big Platte),Secchi Depth,1993-01-26,11
Platte Lake (Big Platte),Secchi Depth,1993-02-09,14.5
Platte Lake (Big Platte),Secchi Depth,1993-02-23,9
Platte Lake (Big Platte),Secchi Depth,1993-03-23,9
Platte Lake (Big Platte),Secchi Depth,1993-05-04,12
Platte Lake (Big Platte),Secchi Depth,1993-05-10,12
Platte Lake (Big Platte),Secchi Depth,1993-05-17,12
Platte Lake (Big Platte),Secchi Depth,1993-05-18,10
Platte Lake (Big Platte),Secchi Depth,1993-05-24,10
Platte Lake (Big Platte),Secchi Depth,1993-05-31,13
Platte Lake (Big Platte),Secchi Depth,1993-06-01,10
Platte Lake (Big Platte),Secchi Depth,1993-06-07,10
Platte Lake (Big Platte),Secchi Depth,1993-06-14,12
Platte Lake (Big Platte),Secchi Depth,1993-06-15,8
Platte Lake (Big Platte),Secchi Depth,1993-06-21,13
Platte Lake (Big Platte),Secchi Depth,1993-06-28,13.5
Platte Lake (Big Platte),Secchi Depth,1993-06-29,9
Platte Lake (Big Platte),Secchi Depth,1993-07-05,19
Platte Lake (Big Platte),Secchi Depth,1993-07-12,21
Platte Lake (Big Platte),Secchi Depth,1993-07-13,17
Platte Lake (Big Platte),Secchi Depth,1993-07-19,18.5
Platte Lake (Big Platte),Secchi Depth,1993-07-26,17
Platte Lake (Big Platte),Secchi Depth,1993-07-27,16
Platte Lake (Big Platte),Secchi Depth,1993-08-02,18
Platte Lake (Big Platte),Secchi Depth,1993-08-09,14
Platte Lake (Big Platte),Secchi Depth,1993-08-10,11
Platte Lake (Big Platte),Secchi Depth,1993-08-16,11
Platte Lake (Big Platte),Secchi Depth,1993-08-23,10.5
Platte Lake (Big Platte),Secchi Depth,1993-08-24,7
Platte Lake (Big Platte),Secchi Depth,1993-08-30,13
Platte Lake (Big Platte),Secchi Depth,1993-09-06,11.5
Platte Lake (Big Platte),Secchi Depth,1993-09-07,10.5
Platte Lake (Big Platte),Secchi Depth,1993-09-13,15
Platte Lake (Big Platte),Secchi Depth,1993-09-20,14
Platte Lake (Big Platte),Secchi Depth,1993-09-21,12
Platte Lake (Big Platte),Secchi Depth,1993-10-05,9.5
Platte Lake (Big Platte),Secchi Depth,1993-10-19,13.5
Platte Lake (Big Platte),Secchi Depth,1993-11-02,9
Platte Lake (Big Platte),Secchi Depth,1993-11-17,9.5
Platte Lake (Big Platte),Secchi Depth,1993-11-30,10
Platte Lake (Big Platte),Secchi Depth,1993-12-14,9
Platte Lake (Big Platte),Secchi Depth,1994-01-04,9
Platte Lake (Big Platte),Secchi Depth,1994-01-21,6.5
Platte Lake (Big Platte),Secchi Depth,1994-02-01,9.5
Platte Lake (Big Platte),Secchi Depth,1994-02-15,9
Platte Lake (Big Platte),Secchi Depth,1994-03-01,13.5
Platte Lake (Big Platte),Secchi Depth,1994-03-15,19
Platte Lake (Big Platte),Secchi Depth,1994-04-05,14
Platte Lake (Big Platte),Secchi Depth,1994-04-19,12
Platte Lake (Big Platte),Secchi Depth,1994-05-03,14
Platte Lake (Big Platte),Secchi Depth,1994-05-10,9.5
Platte Lake (Big Platte),Secchi Depth,1994-05-17,11
Platte Lake (Big Platte),Secchi Depth,1994-05-24,8
Platte Lake (Big Platte),Secchi Depth,1994-05-31,6
Platte Lake (Big Platte),Secchi Depth,1994-06-07,6.5
Platte Lake (Big Platte),Secchi Depth,1994-06-14,5
Platte Lake (Big Platte),Secchi Depth,1994-06-21,6
Platte Lake (Big Platte),Secchi Depth,1994-06-28,9
Platte Lake (Big Platte),Secchi Depth,1994-07-05,14
Platte Lake (Big Platte),Secchi Depth,1994-07-12,14.5
Platte Lake (Big Platte),Secchi Depth,1994-07-19,13
Platte Lake (Big Platte),Secchi Depth,1994-07-26,14.5
Platte Lake (Big Platte),Secchi Depth,1994-08-02,14
Platte Lake (Big Platte),Secchi Depth,1994-08-09,17
Platte Lake (Big Platte),Secchi Depth,1994-08-16,15
Platte Lake (Big Platte),Secchi Depth,1994-08-23,14
Platte Lake (Big Platte),Secchi Depth,1994-08-30,16.5
Platte Lake (Big Platte),Secchi Depth,1994-09-06,18
Platte Lake (Big Platte),Secchi Depth,1994-09-13,16
Platte Lake (Big Platte),Secchi Depth,1994-09-20,16
Platte Lake (Big Platte),Secchi Depth,1994-10-04,10.5
Platte Lake (Big Platte),Secchi Depth,1994-10-18,9.5
Platte Lake (Big Platte),Secchi Depth,1994-11-01,9.5
Platte Lake (Big Platte),Secchi Depth,1994-11-15,9.5
Platte Lake (Big Platte),Secchi Depth,1994-11-29,7.5
Platte Lake (Big Platte),Secchi Depth,1994-12-13,10.5
Platte Lake (Big Platte),Secchi Depth,1994-12-27,14.5
Platte Lake (Big Platte),Secchi Depth,1995-01-24,15
Platte Lake (Big Platte),Secchi Depth,1995-02-07,17
Platte Lake (Big Platte),Secchi Depth,1995-02-21,19.5
Platte Lake (Big Platte),Secchi Depth,1995-03-07,14.5
Platte Lake (Big Platte),Secchi Depth,1995-03-28,12
Platte Lake (Big Platte),Secchi Depth,1995-04-11,11
Platte Lake (Big Platte),Secchi Depth,1995-04-25,10
Platte Lake (Big Platte),Secchi Depth,1995-05-03,12
Platte Lake (Big Platte),Secchi Depth,1995-05-09,9
Platte Lake (Big Platte),Secchi Depth,1995-05-10,10
Platte Lake (Big Platte),Secchi Depth,1995-05-17,9
Platte Lake (Big Platte),Secchi Depth,1995-05-23,8
Platte Lake (Big Platte),Secchi Depth,1995-05-24,9
Platte Lake (Big Platte),Secchi Depth,1995-05-31,7
Platte Lake (Big Platte),Secchi Depth,1995-06-06,4.5
Platte Lake (Big Platte),Secchi Depth,1995-06-07,5
Platte Lake (Big Platte),Secchi Depth,1995-06-14,3
Platte Lake (Big Platte),Secchi Depth,1995-06-20,2
Platte Lake (Big Platte),Secchi Depth,1995-06-21,2.5
Platte Lake (Big Platte),Secchi Depth,1995-06-28,4.5
Platte Lake (Big Platte),Secchi Depth,1995-07-03,3.5
Platte Lake (Big Platte),Secchi Depth,1995-07-05,7.5
Platte Lake (Big Platte),Secchi Depth,1995-07-12,9
Platte Lake (Big Platte),Secchi Depth,1995-07-18,6
Platte Lake (Big Platte),Secchi Depth,1995-07-19,9
Platte Lake (Big Platte),Secchi Depth,1995-07-26,9
Platte Lake (Big Platte),Secchi Depth,1995-08-01,8
Platte Lake (Big Platte),Secchi Depth,1995-08-02,14
Platte Lake (Big Platte),Secchi Depth,1995-08-09,14
Platte Lake (Big Platte),Secchi Depth,1995-08-15,10.5
Platte Lake (Big Platte),Secchi Depth,1995-08-16,15
Platte Lake (Big Platte),Secchi Depth,1995-08-23,15.5
Platte Lake (Big Platte),Secchi Depth,1995-08-29,12
Platte Lake (Big Platte),Secchi Depth,1995-08-30,15
Platte Lake (Big Platte),Secchi Depth,1995-09-06,13
Platte Lake (Big Platte),Secchi Depth,1995-09-12,10
Platte Lake (Big Platte),Secchi Depth,1995-09-13,13
Platte Lake (Big Platte),Secchi Depth,1995-09-20,14
Platte Lake (Big Platte),Secchi Depth,1995-09-26,10
Platte Lake (Big Platte),Secchi Depth,1995-10-10,11
Platte Lake (Big Platte),Secchi Depth,1995-10-24,9.5
Platte Lake (Big Platte),Secchi Depth,1995-11-07,9.5
Platte Lake (Big Platte),Secchi Depth,1995-11-21,10
Platte Lake (Big Platte),Secchi Depth,1995-12-05,10
Platte Lake (Big Platte),Secchi Depth,1995-12-22,12
Platte Lake (Big Platte),Secchi Depth,1996-01-02,11
Platte Lake (Big Platte),Secchi Depth,1996-01-16,14
Platte Lake (Big Platte),Secchi Depth,1996-01-31,10.5
Platte Lake (Big Platte),Secchi Depth,1996-02-13,15
Platte Lake (Big Platte),Secchi Depth,1996-02-27,20.5
Platte Lake (Big Platte),Secchi Depth,1996-03-12,18.5
Platte Lake (Big Platte),Secchi Depth,1996-03-19,18
Platte Lake (Big Platte),Secchi Depth,1996-04-16,16
Platte Lake (Big Platte),Secchi Depth,1996-04-23,13.5
Platte Lake (Big Platte),Secchi Depth,1996-04-30,12
Platte Lake (Big Platte),Secchi Depth,1996-05-07,12.5
Platte Lake (Big Platte),Secchi Depth,1996-05-10,15
Platte Lake (Big Platte),Secchi Depth,1996-05-14,12
Platte Lake (Big Platte),Secchi Depth,1996-05-17,11
Platte Lake (Big Platte),Secchi Depth,1996-05-21,12
Platte Lake (Big Platte),Secchi Depth,1996-05-24,13.5
Platte Lake (Big Platte),Secchi Depth,1996-05-28,10
Platte Lake (Big Platte),Secchi Depth,1996-05-31,10
Platte Lake (Big Platte),Secchi Depth,1996-06-04,6
Platte Lake (Big Platte),Secchi Depth,1996-06-07,7
Platte Lake (Big Platte),Secchi Depth,1996-06-11,9
Platte Lake (Big Platte),Secchi Depth,1996-06-14,12
Platte Lake (Big Platte),Secchi Depth,1996-06-18,8
Platte Lake (Big Platte),Secchi Depth,1996-06-21,11
Platte Lake (Big Platte),Secchi Depth,1996-06-25,11
Platte Lake (Big Platte),Secchi Depth,1996-06-28,11
Platte Lake (Big Platte),Secchi Depth,1996-07-02,7
Platte Lake (Big Platte),Secchi Depth,1996-07-05,10.5
Platte Lake (Big Platte),Secchi Depth,1996-07-09,7
Platte Lake (Big Platte),Secchi Depth,1996-07-12,11
Platte Lake (Big Platte),Secchi Depth,1996-07-16,9
Platte Lake (Big Platte),Secchi Depth,1996-07-19,14
Platte Lake (Big Platte),Secchi Depth,1996-07-23,11
Platte Lake (Big Platte),Secchi Depth,1996-07-26,12
Platte Lake (Big Platte),Secchi Depth,1996-07-30,13
Platte Lake (Big Platte),Secchi Depth,1996-08-02,17
Platte Lake (Big Platte),Secchi Depth,1996-08-06,9
Platte Lake (Big Platte),Secchi Depth,1996-08-09,15.5
Platte Lake (Big Platte),Secchi Depth,1996-08-16,16
Platte Lake (Big Platte),Secchi Depth,1996-08-20,11
Platte Lake (Big Platte),Secchi Depth,1996-08-23,16.5
Platte Lake (Big Platte),Secchi Depth,1996-08-30,13
Platte Lake (Big Platte),Secchi Depth,1996-09-03,9
Platte Lake (Big Platte),Secchi Depth,1996-09-06,12
Platte Lake (Big Platte),Secchi Depth,1996-09-13,12
Platte Lake (Big Platte),Secchi Depth,1996-09-17,8
Platte Lake (Big Platte),Secchi Depth,1996-09-20,12
Platte Lake (Big Platte),Secchi Depth,1996-10-01,10.5
Platte Lake (Big Platte),Secchi Depth,1996-10-15,9
Platte Lake (Big Platte),Secchi Depth,1996-10-29,8
Platte Lake (Big Platte),Secchi Depth,1996-11-12,8
Platte Lake (Big Platte),Secchi Depth,1996-11-26,10
Platte Lake (Big Platte),Secchi Depth,1996-12-10,10
Platte Lake (Big Platte),Secchi Depth,1997-01-14,6
Platte Lake (Big Platte),Secchi Depth,1997-01-28,9
Platte Lake (Big Platte),Secchi Depth,1997-02-11,8
Platte Lake (Big Platte),Secchi Depth,1997-02-25,10
Platte Lake (Big Platte),Secchi Depth,1997-03-11,13
Platte Lake (Big Platte),Secchi Depth,1997-03-25,16
Platte Lake (Big Platte),Secchi Depth,1997-04-08,9
Platte Lake (Big Platte),Secchi Depth,1997-04-15,10
Platte Lake (Big Platte),Secchi Depth,1997-04-22,13
Platte Lake (Big Platte),Secchi Depth,1997-05-02,13
Platte Lake (Big Platte),Secchi Depth,1997-05-07,12
Platte Lake (Big Platte),Secchi Depth,1997-05-13,10
Platte Lake (Big Platte),Secchi Depth,1997-05-17,13
Platte Lake (Big Platte),Secchi Depth,1997-05-20,11
Platte Lake (Big Platte),Secchi Depth,1997-05-24,11
Platte Lake (Big Platte),Secchi Depth,1997-05-27,10
Platte Lake (Big Platte),Secchi Depth,1997-05-31,10
Platte Lake (Big Platte),Secchi Depth,1997-06-03,8
Platte Lake (Big Platte),Secchi Depth,1997-06-07,9
Platte Lake (Big Platte),Secchi Depth,1997-06-10,7
Platte Lake (Big Platte),Secchi Depth,1997-06-14,8.5
Platte Lake (Big Platte),Secchi Depth,1997-06-17,7
Platte Lake (Big Platte),Secchi Depth,1997-06-21,7.5
Platte Lake (Big Platte),Secchi Depth,1997-06-24,5
Platte Lake (Big Platte),Secchi Depth,1997-06-28,7
Platte Lake (Big Platte),Secchi Depth,1997-07-01,5
Platte Lake (Big Platte),Secchi Depth,1997-07-05,9.5
Platte Lake (Big Platte),Secchi Depth,1997-07-09,7
Platte Lake (Big Platte),Secchi Depth,1997-07-12,8
Platte Lake (Big Platte),Secchi Depth,1997-07-15,5
Platte Lake (Big Platte),Secchi Depth,1997-07-19,7
Platte Lake (Big Platte),Secchi Depth,1997-07-22,7
Platte Lake (Big Platte),Secchi Depth,1997-07-26,11
Platte Lake (Big Platte),Secchi Depth,1997-08-02,12
Platte Lake (Big Platte),Secchi Depth,1997-08-05,10
Platte Lake (Big Platte),Secchi Depth,1997-08-09,11
Platte Lake (Big Platte),Secchi Depth,1997-08-16,11
Platte Lake (Big Platte),Secchi Depth,1997-08-19,10
Platte Lake (Big Platte),Secchi Depth,1997-08-23,10
Platte Lake (Big Platte),Secchi Depth,1997-08-30,10.5
Platte Lake (Big Platte),Secchi Depth,1997-09-02,9
Platte Lake (Big Platte),Secchi Depth,1997-09-06,11
Platte Lake (Big Platte),Secchi Depth,1997-09-13,12
Platte Lake (Big Platte),Secchi Depth,1997-09-16,11
Platte Lake (Big Platte),Secchi Depth,1997-09-20,14
Platte Lake (Big Platte),Secchi Depth,1997-09-30,9
Platte Lake (Big Platte),Secchi Depth,1997-10-14,8
Platte Lake (Big Platte),Secchi Depth,1997-10-28,10
Platte Lake (Big Platte),Secchi Depth,1997-11-11,9
Platte Lake (Big Platte),Secchi Depth,1997-11-25,9
Platte Lake (Big Platte),Secchi Depth,1997-12-09,9
Platte Lake (Big Platte),Secchi Depth,1997-12-23,11
Platte Lake (Big Platte),Secchi Depth,1998-01-06,11
Platte Lake (Big Platte),Secchi Depth,1998-02-10,16
Platte Lake (Big Platte),Secchi Depth,1998-03-03,14
Platte Lake (Big Platte),Secchi Depth,1998-03-24,13
Platte Lake (Big Platte),Secchi Depth,1998-04-07,10
Platte Lake (Big Platte),Secchi Depth,1998-04-21,12
Platte Lake (Big Platte),Secchi Depth,1998-05-05,8
Platte Lake (Big Platte),Secchi Depth,1998-05-10,9
Platte Lake (Big Platte),Secchi Depth,1998-05-17,5.5
Platte Lake (Big Platte),Secchi Depth,1998-05-19,4
Platte Lake (Big Platte),Secchi Depth,1998-05-24,4
Platte Lake (Big Platte),Secchi Depth,1998-05-26,4
Platte Lake (Big Platte),Secchi Depth,1998-05-31,3
Platte Lake (Big Platte),Secchi Depth,1998-06-02,3
Platte Lake (Big Platte),Secchi Depth,1998-06-07,4
Platte Lake (Big Platte),Secchi Depth,1998-06-09,3.5
Platte Lake (Big Platte),Secchi Depth,1998-06-14,7
Platte Lake (Big Platte),Secchi Depth,1998-06-16,7
Platte Lake (Big Platte),Secchi Depth,1998-06-21,8
Platte Lake (Big Platte),Secchi Depth,1998-06-23,8
Platte Lake (Big Platte),Secchi Depth,1998-06-28,12
Platte Lake (Big Platte),Secchi Depth,1998-06-30,12
Platte Lake (Big Platte),Secchi Depth,1998-07-05,13.5
Platte Lake (Big Platte),Secchi Depth,1998-07-07,12
Platte Lake (Big Platte),Secchi Depth,1998-07-12,12
Platte Lake (Big Platte),Secchi Depth,1998-07-19,10
Platte Lake (Big Platte),Secchi Depth,1998-07-21,5
Platte Lake (Big Platte),Secchi Depth,1998-07-26,10
Platte Lake (Big Platte),Secchi Depth,1998-08-02,12
Platte Lake (Big Platte),Secchi Depth,1998-08-09,12
Platte Lake (Big Platte),Secchi Depth,1998-08-11,11
Platte Lake (Big Platte),Secchi Depth,1998-08-16,16
Platte Lake (Big Platte),Secchi Depth,1998-08-23,16
Platte Lake (Big Platte),Secchi Depth,1998-08-25,12
Platte Lake (Big Platte),Secchi Depth,1998-08-30,12
Platte Lake (Big Platte),Secchi Depth,1998-09-06,12
Platte Lake (Big Platte),Secchi Depth,1998-09-08,8.5
Platte Lake (Big Platte),Secchi Depth,1998-09-13,15
Platte Lake (Big Platte),Secchi Depth,1998-09-20,14
Platte Lake (Big Platte),Secchi Depth,1998-09-22,10
Platte Lake (Big Platte),Secchi Depth,1998-09-27,13
Platte Lake (Big Platte),Secchi Depth,1998-10-07,11
Platte Lake (Big Platte),Secchi Depth,1998-10-20,11
Platte Lake (Big Platte),Secchi Depth,1998-11-03,13
Platte Lake (Big Platte),Secchi Depth,1998-11-17,10
Platte Lake (Big Platte),Secchi Depth,1998-12-15,12.5
Platte Lake (Big Platte),Secchi Depth,1999-01-26,14
Platte Lake (Big Platte),Secchi Depth,1999-02-09,16
Platte Lake (Big Platte),Secchi Depth,1999-02-23,14
Platte Lake (Big Platte),Secchi Depth,1999-03-09,15
Platte Lake (Big Platte),Secchi Depth,1999-04-06,11
Platte Lake (Big Platte),Secchi Depth,1999-04-20,12.5
Platte Lake (Big Platte),Secchi Depth,1999-05-04,9
Platte Lake (Big Platte),Secchi Depth,1999-05-09,11
Platte Lake (Big Platte),Secchi Depth,1999-05-16,10.5
Platte Lake (Big Platte),Secchi Depth,1999-05-18,7.5
Platte Lake (Big Platte),Secchi Depth,1999-05-23,8.5
Platte Lake (Big Platte),Secchi Depth,1999-05-30,10
Platte Lake (Big Platte),Secchi Depth,1999-06-01,7
Platte Lake (Big Platte),Secchi Depth,1999-06-06,9.5
Platte Lake (Big Platte),Secchi Depth,1999-06-13,8
Platte Lake (Big Platte),Secchi Depth,1999-06-20,9.5
Platte Lake (Big Platte),Secchi Depth,1999-06-27,13
Platte Lake (Big Platte),Secchi Depth,1999-06-29,9
Platte Lake (Big Platte),Secchi Depth,1999-07-04,14.5
Platte Lake (Big Platte),Secchi Depth,1999-07-11,19
Platte Lake (Big Platte),Secchi Depth,1999-07-13,19
Platte Lake (Big Platte),Secchi Depth,1999-07-18,21
Platte Lake (Big Platte),Secchi Depth,1999-07-25,14
Platte Lake (Big Platte),Secchi Depth,1999-07-27,9.5
Platte Lake (Big Platte),Secchi Depth,1999-08-01,12
Platte Lake (Big Platte),Secchi Depth,1999-08-08,14.5
Platte Lake (Big Platte),Secchi Depth,1999-08-10,9.5
Platte Lake (Big Platte),Secchi Depth,1999-08-15,15.5
Platte Lake (Big Platte),Secchi Depth,1999-08-24,14.5
Platte Lake (Big Platte),Secchi Depth,1999-08-29,10
Platte Lake (Big Platte),Secchi Depth,1999-09-05,8
Platte Lake (Big Platte),Secchi Depth,1999-09-07,6.5
Platte Lake (Big Platte),Secchi Depth,1999-09-12,12
Platte Lake (Big Platte),Secchi Depth,1999-09-19,14
Platte Lake (Big Platte),Secchi Depth,1999-09-21,10
Platte Lake (Big Platte),Secchi Depth,1999-09-26,14
Platte Lake (Big Platte),Secchi Depth,1999-10-05,8
Platte Lake (Big Platte),Secchi Depth,1999-11-02,11
Platte Lake (Big Platte),Secchi Depth,1999-11-16,9.5
Platte Lake (Big Platte),Secchi Depth,1999-11-30,11.5
Platte Lake (Big Platte),Secchi Depth,1999-12-14,12
Platte Lake (Big Platte),Secchi Depth,2000-01-18,10
Platte Lake (Big Platte),Secchi Depth,2000-02-01,10
Platte Lake (Big Platte),Secchi Depth,2000-02-15,11
Platte Lake (Big Platte),Secchi Depth,2000-03-06,21
Platte Lake (Big Platte),Secchi Depth,2000-03-21,19.5
Platte Lake (Big Platte),Secchi Depth,2000-04-04,14
Platte Lake (Big Platte),Secchi Depth,2000-04-18,15
Platte Lake (Big Platte),Secchi Depth,2000-05-02,16.5
Platte Lake (Big Platte),Secchi Depth,2000-05-07,16
Platte Lake (Big Platte),Secchi Depth,2000-05-14,14
Platte Lake (Big Platte),Secchi Depth,2000-05-16,9
Platte Lake (Big Platte),Secchi Depth,2000-05-21,13
Platte Lake (Big Platte),Secchi Depth,2000-05-28,11
Platte Lake (Big Platte),Secchi Depth,2000-06-04,10
Platte Lake (Big Platte),Secchi Depth,2000-06-06,8
Platte Lake (Big Platte),Secchi Depth,2000-06-11,7
Platte Lake (Big Platte),Secchi Depth,2000-06-18,8
Platte Lake (Big Platte),Secchi Depth,2000-06-20,5
Platte Lake (Big Platte),Secchi Depth,2000-06-25,7
Platte Lake (Big Platte),Secchi Depth,2000-07-02,6
Platte Lake (Big Platte),Secchi Depth,2000-07-05,3
Platte Lake (Big Platte),Secchi Depth,2000-07-09,5.5
Platte Lake (Big Platte),Secchi Depth,2000-07-16,7
Platte Lake (Big Platte),Secchi Depth,2000-07-18,4.5
Platte Lake (Big Platte),Secchi Depth,2000-07-23,10
Platte Lake (Big Platte),Secchi Depth,2000-07-30,9
Platte Lake (Big Platte),Secchi Depth,2000-08-01,6
Platte Lake (Big Platte),Secchi Depth,2000-08-06,11
Platte Lake (Big Platte),Secchi Depth,2000-08-13,13
Platte Lake (Big Platte),Secchi Depth,2000-08-15,7
Platte Lake (Big Platte),Secchi Depth,2000-08-20,12
Platte Lake (Big Platte),Secchi Depth,2000-08-27,13
Platte Lake (Big Platte),Secchi Depth,2000-08-29,8.5
Platte Lake (Big Platte),Secchi Depth,2000-09-03,12
Platte Lake (Big Platte),Secchi Depth,2000-09-10,12
Platte Lake (Big Platte),Secchi Depth,2000-09-12,8.5
Platte Lake (Big Platte),Secchi Depth,2000-09-17,15
Platte Lake (Big Platte),Secchi Depth,2000-09-24,14
Platte Lake (Big Platte),Secchi Depth,2000-09-26,12
Platte Lake (Big Platte),Secchi Depth,2000-10-10,9
Platte Lake (Big Platte),Secchi Depth,2000-10-24,9
Platte Lake (Big Platte),Secchi Depth,2000-11-08,7.5
Platte Lake (Big Platte),Secchi Depth,2000-11-28,12
Platte Lake (Big Platte),Secchi Depth,2001-01-03,9.5
Platte Lake (Big Platte),Secchi Depth,2001-01-16,13
Platte Lake (Big Platte),Secchi Depth,2001-01-30,17
Platte Lake (Big Platte),Secchi Depth,2001-02-13,16
Platte Lake (Big Platte),Secchi Depth,2001-02-27,14.5
Platte Lake (Big Platte),Secchi Depth,2001-03-13,12
Platte Lake (Big Platte),Secchi Depth,2001-03-27,13
Platte Lake (Big Platte),Secchi Depth,2001-04-24,10
Platte Lake (Big Platte),Secchi Depth,2001-05-06,13.5
Platte Lake (Big Platte),Secchi Depth,2001-05-08,10
Platte Lake (Big Platte),Secchi Depth,2001-05-13,14
Platte Lake (Big Platte),Secchi Depth,2001-05-20,13
Platte Lake (Big Platte),Secchi Depth,2001-05-22,11
Platte Lake (Big Platte),Secchi Depth,2001-05-27,12.5
Platte Lake (Big Platte),Secchi Depth,2001-06-03,14
Platte Lake (Big Platte),Secchi Depth,2001-06-05,12.5
Platte Lake (Big Platte),Secchi Depth,2001-06-10,14.5
Platte Lake (Big Platte),Secchi Depth,2001-06-17,12.5
Platte Lake (Big Platte),Secchi Depth,2001-06-19,10.5
Platte Lake (Big Platte),Secchi Depth,2001-06-24,12
Platte Lake (Big Platte),Secchi Depth,2001-07-01,7
Platte Lake (Big Platte),Secchi Depth,2001-07-03,4
Platte Lake (Big Platte),Secchi Depth,2001-07-08,6
Platte Lake (Big Platte),Secchi Depth,2001-07-15,4.5
Platte Lake (Big Platte),Secchi Depth,2001-07-17,4
Platte Lake (Big Platte),Secchi Depth,2001-07-22,4
Platte Lake (Big Platte),Secchi Depth,2001-07-29,6.5
Platte Lake (Big Platte),Secchi Depth,2001-07-31,4
Platte Lake (Big Platte),Secchi Depth,2001-08-05,10
Platte Lake (Big Platte),Secchi Depth,2001-08-12,13
Platte Lake (Big Platte),Secchi Depth,2001-08-14,10
Platte Lake (Big Platte),Secchi Depth,2001-08-19,14
Platte Lake (Big Platte),Secchi Depth,2001-08-26,15
Platte Lake (Big Platte),Secchi Depth,2001-08-28,12
Platte Lake (Big Platte),Secchi Depth,2001-09-02,14
Platte Lake (Big Platte),Secchi Depth,2001-09-09,13.5
Platte Lake (Big Platte),Secchi Depth,2001-09-11,11
Platte Lake (Big Platte),Secchi Depth,2001-09-16,18
Platte Lake (Big Platte),Secchi Depth,2001-09-23,15
Platte Lake (Big Platte),Secchi Depth,2001-09-25,7.5
Platte Lake (Big Platte),Secchi Depth,2001-09-30,16
Platte Lake (Big Platte),Secchi Depth,2001-10-09,8
Platte Lake (Big Platte),Secchi Depth,2001-10-23,9
Platte Lake (Big Platte),Secchi Depth,2001-11-06,9
Platte Lake (Big Platte),Secchi Depth,2001-11-20,11
Platte Lake (Big Platte),Secchi Depth,2001-12-04,9
Platte Lake (Big Platte),Secchi Depth,2001-12-18,9
Platte Lake (Big Platte),Secchi Depth,2002-04-02,10
Platte Lake (Big Platte),Secchi Depth,2002-04-16,10
Platte Lake (Big Platte),Secchi Depth,2002-04-30,9.5
Platte Lake (Big Platte),Secchi Depth,2002-05-05,17
Platte Lake (Big Platte),Secchi Depth,2002-05-12,14
Platte Lake (Big Platte),Secchi Depth,2002-05-14,18.5
Platte Lake (Big Platte),Secchi Depth,2002-05-19,16
Platte Lake (Big Platte),Secchi Depth,2002-05-26,14
Platte Lake (Big Platte),Secchi Depth,2002-05-28,21.5
Platte Lake (Big Platte),Secchi Depth,2002-06-02,16
Platte Lake (Big Platte),Secchi Depth,2002-06-09,15
Platte Lake (Big Platte),Secchi Depth,2002-06-14,11
Platte Lake (Big Platte),Secchi Depth,2002-06-16,12
Platte Lake (Big Platte),Secchi Depth,2002-06-23,5
Platte Lake (Big Platte),Secchi Depth,2002-06-25,3.5
Platte Lake (Big Platte),Secchi Depth,2002-06-30,4
Platte Lake (Big Platte),Secchi Depth,2002-07-07,8
Platte Lake (Big Platte),Secchi Depth,2002-07-10,9.5
Platte Lake (Big Platte),Secchi Depth,2002-07-14,12
Platte Lake (Big Platte),Secchi Depth,2002-07-21,12
Platte Lake (Big Platte),Secchi Depth,2002-07-23,15.5
Platte Lake (Big Platte),Secchi Depth,2002-07-28,16
Platte Lake (Big Platte),Secchi Depth,2002-08-04,16.5
Platte Lake (Big Platte),Secchi Depth,2002-08-06,12.8
Platte Lake (Big Platte),Secchi Depth,2002-08-11,14
Platte Lake (Big Platte),Secchi Depth,2002-08-18,11
Platte Lake (Big Platte),Secchi Depth,2002-08-20,11.5
Platte Lake (Big Platte),Secchi Depth,2002-08-25,16
Platte Lake (Big Platte),Secchi Depth,2002-09-01,17
Platte Lake (Big Platte),Secchi Depth,2002-09-03,15.5
Platte Lake (Big Platte),Secchi Depth,2002-09-08,17
Platte Lake (Big Platte),Secchi Depth,2002-09-15,16
Platte Lake (Big Platte),Secchi Depth,2002-09-17,21
Platte Lake (Big Platte),Secchi Depth,2002-09-22,17.5
Platte Lake (Big Platte),Secchi Depth,2002-09-29,18
Platte Lake (Big Platte),Secchi Depth,2002-10-02,17.5
Platte Lake (Big Platte),Secchi Depth,2002-10-16,13.5
Platte Lake (Big Platte),Secchi Depth,2002-10-30,22.5
Platte Lake (Big Platte),Secchi Depth,2002-11-13,16
Platte Lake (Big Platte),Secchi Depth,2002-11-27,15.5
Platte Lake (Big Platte),Secchi Depth,2003-04-23,17.5
Platte Lake (Big Platte),Secchi Depth,2003-05-07,15
Platte Lake (Big Platte),Secchi Depth,2003-05-10,15
Platte Lake (Big Platte),Secchi Depth,2003-05-17,15
Platte Lake (Big Platte),Secchi Depth,2003-05-21,13.5
Platte Lake (Big Platte),Secchi Depth,2003-05-24,14
Platte Lake (Big Platte),Secchi Depth,2003-05-31,12.5
Platte Lake (Big Platte),Secchi Depth,2003-06-05,11.3
Platte Lake (Big Platte),Secchi Depth,2003-06-07,14
Platte Lake (Big Platte),Secchi Depth,2003-06-14,14
Platte Lake (Big Platte),Secchi Depth,2003-06-18,16.5
Platte Lake (Big Platte),Secchi Depth,2003-06-21,14
Platte Lake (Big Platte),Secchi Depth,2003-06-28,16
Platte Lake (Big Platte),Secchi Depth,2003-07-02,17.5
Platte Lake (Big Platte),Secchi Depth,2003-07-05,16
Platte Lake (Big Platte),Secchi Depth,2003-07-12,15
Platte Lake (Big Platte),Secchi Depth,2003-07-17,17
Platte Lake (Big Platte),Secchi Depth,2003-07-19,23
Platte Lake (Big Platte),Secchi Depth,2003-07-26,17
Platte Lake (Big Platte),Secchi Depth,2003-07-30,17.5
Platte Lake (Big Platte),Secchi Depth,2003-08-02,17
Platte Lake (Big Platte),Secchi Depth,2003-08-09,11
Platte Lake (Big Platte),Secchi Depth,2003-08-13,9.5
Platte Lake (Big Platte),Secchi Depth,2003-08-16,9
Platte Lake (Big Platte),Secchi Depth,2003-08-23,9
Platte Lake (Big Platte),Secchi Depth,2003-08-27,9
Platte Lake (Big Platte),Secchi Depth,2003-08-30,10
Platte Lake (Big Platte),Secchi Depth,2003-09-06,10
Platte Lake (Big Platte),Secchi Depth,2003-09-10,9
Platte Lake (Big Platte),Secchi Depth,2003-09-13,10
Platte Lake (Big Platte),Secchi Depth,2003-09-20,14
Platte Lake (Big Platte),Secchi Depth,2003-09-24,13
Platte Lake (Big Platte),Secchi Depth,2003-10-08,15.5
Platte Lake (Big Platte),Secchi Depth,2003-10-12,15
Platte Lake (Big Platte),Secchi Depth,2003-10-22,12
Platte Lake (Big Platte),Secchi Depth,2003-11-05,15
Platte Lake (Big Platte),Secchi Depth,2003-11-19,12.5
Platte Lake (Big Platte),Secchi Depth,2003-12-03,13.5
Platte Lake (Big Platte),Secchi Depth,2004-02-05,25
Platte Lake (Big Platte),Secchi Depth,2004-02-19,25
Platte Lake (Big Platte),Secchi Depth,2004-04-07,24
Platte Lake (Big Platte),Secchi Depth,2004-04-22,22
Platte Lake (Big Platte),Secchi Depth,2004-05-05,16
Platte Lake (Big Platte),Secchi Depth,2004-05-05,16
Platte Lake (Big Platte),Secchi Depth,2004-05-09,20
Platte Lake (Big Platte),Secchi Depth,2004-05-09,20
Platte Lake (Big Platte),Secchi Depth,2004-05-16,22
Platte Lake (Big Platte),Secchi Depth,2004-05-16,22
Platte Lake (Big Platte),Secchi Depth,2004-05-19,21
Platte Lake (Big Platte),Secchi Depth,2004-05-19,21
Platte Lake (Big Platte),Secchi Depth,2004-05-23,22
Platte Lake (Big Platte),Secchi Depth,2004-05-23,22
Platte Lake (Big Platte),Secchi Depth,2004-05-30,21
Platte Lake (Big Platte),Secchi Depth,2004-05-30,21
Platte Lake (Big Platte),Secchi Depth,2004-06-02,17
Platte Lake (Big Platte),Secchi Depth,2004-06-02,17
Platte Lake (Big Platte),Secchi Depth,2004-06-05,22
Platte Lake (Big Platte),Secchi Depth,2004-06-05,22
Platte Lake (Big Platte),Secchi Depth,2004-06-13,21
Platte Lake (Big Platte),Secchi Depth,2004-06-13,21
Platte Lake (Big Platte),Secchi Depth,2004-06-16,25
Platte Lake (Big Platte),Secchi Depth,2004-06-16,25
Platte Lake (Big Platte),Secchi Depth,2004-06-20,22
Platte Lake (Big Platte),Secchi Depth,2004-06-20,22
Platte Lake (Big Platte),Secchi Depth,2004-06-27,22
Platte Lake (Big Platte),Secchi Depth,2004-06-27,22
Platte Lake (Big Platte),Secchi Depth,2004-06-28,18
Platte Lake (Big Platte),Secchi Depth,2004-06-28,18
Platte Lake (Big Platte),Secchi Depth,2004-07-04,26
Platte Lake (Big Platte),Secchi Depth,2004-07-04,26
Platte Lake (Big Platte),Secchi Depth,2004-07-11,22
Platte Lake (Big Platte),Secchi Depth,2004-07-11,22
Platte Lake (Big Platte),Secchi Depth,2004-07-14,21
Platte Lake (Big Platte),Secchi Depth,2004-07-14,21
Platte Lake (Big Platte),Secchi Depth,2004-07-18,20
Platte Lake (Big Platte),Secchi Depth,2004-07-18,20
Platte Lake (Big Platte),Secchi Depth,2004-07-25,21
Platte Lake (Big Platte),Secchi Depth,2004-07-25,21
Platte Lake (Big Platte),Secchi Depth,2004-07-28,19
Platte Lake (Big Platte),Secchi Depth,2004-07-28,19
Platte Lake (Big Platte),Secchi Depth,2004-08-01,15
Platte Lake (Big Platte),Secchi Depth,2004-08-01,15
Platte Lake (Big Platte),Secchi Depth,2004-08-08,10.5
Platte Lake (Big Platte),Secchi Depth,2004-08-08,10.5
Platte Lake (Big Platte),Secchi Depth,2004-08-11,11.5
Platte Lake (Big Platte),Secchi Depth,2004-08-11,11.5
Platte Lake (Big Platte),Secchi Depth,2004-08-15,14
Platte Lake (Big Platte),Secchi Depth,2004-08-15,14
Platte Lake (Big Platte),Secchi Depth,2004-08-22,14
Platte Lake (Big Platte),Secchi Depth,2004-08-22,14
Platte Lake (Big Platte),Secchi Depth,2004-08-25,14
Platte Lake (Big Platte),Secchi Depth,2004-08-25,14
Platte Lake (Big Platte),Secchi Depth,2004-08-29,16
Platte Lake (Big Platte),Secchi Depth,2004-08-29,16
Platte Lake (Big Platte),Secchi Depth,2004-09-05,16
Platte Lake (Big Platte),Secchi Depth,2004-09-05,16
Platte Lake (Big Platte),Secchi Depth,2004-09-08,16.5
Platte Lake (Big Platte),Secchi Depth,2004-09-08,16.5
Platte Lake (Big Platte),Secchi Depth,2004-09-12,16.5
Platte Lake (Big Platte),Secchi Depth,2004-09-12,16.5
Platte Lake (Big Platte),Secchi Depth,2004-09-19,15
Platte Lake (Big Platte),Secchi Depth,2004-09-19,15
Platte Lake (Big Platte),Secchi Depth,2004-09-22,16
Platte Lake (Big Platte),Secchi Depth,2004-09-22,16
Platte Lake (Big Platte),Secchi Depth,2004-09-26,17
Platte Lake (Big Platte),Secchi Depth,2004-09-26,17
Platte Lake (Big Platte),Secchi Depth,2004-10-06,13
Platte Lake (Big Platte),Secchi Depth,2004-10-06,13
Platte Lake (Big Platte),Secchi Depth,2004-10-20,14
Platte Lake (Big Platte),Secchi Depth,2004-10-20,14
Platte Lake (Big Platte),Secchi Depth,2004-11-03,21.5
Platte Lake (Big Platte),Secchi Depth,2004-11-03,21.5
Platte Lake (Big Platte),Secchi Depth,2004-11-17,20
Platte Lake (Big Platte),Secchi Depth,2004-11-17,20
Platte Lake (Big Platte),Secchi Depth,2004-12-01,15
Platte Lake (Big Platte),Secchi Depth,2004-12-01,15
Platte Lake (Big Platte),Secchi Depth,2005-01-19,25
Platte Lake (Big Platte),Secchi Depth,2005-02-15,25
Platte Lake (Big Platte),Secchi Depth,2005-03-02,25
Platte Lake (Big Platte),Secchi Depth,2005-04-14,18
Platte Lake (Big Platte),Secchi Depth,2005-04-28,13
Platte Lake (Big Platte),Secchi Depth,2005-05-08,14.5
Platte Lake (Big Platte),Secchi Depth,2005-05-11,10
Platte Lake (Big Platte),Secchi Depth,2005-05-15,14
Platte Lake (Big Platte),Secchi Depth,2005-05-21,14
Platte Lake (Big Platte),Secchi Depth,2005-05-25,12.5
Platte Lake (Big Platte),Secchi Depth,2005-05-29,12
Platte Lake (Big Platte),Secchi Depth,2005-06-05,12
Platte Lake (Big Platte),Secchi Depth,2005-06-08,10
Platte Lake (Big Platte),Secchi Depth,2005-06-12,8
Platte Lake (Big Platte),Secchi Depth,2005-06-19,11
Platte Lake (Big Platte),Secchi Depth,2005-06-22,18
Platte Lake (Big Platte),Secchi Depth,2005-06-26,18
Platte Lake (Big Platte),Secchi Depth,2005-07-03,20
Platte Lake (Big Platte),Secchi Depth,2005-07-10,21
Platte Lake (Big Platte),Secchi Depth,2005-07-13,16
Platte Lake (Big Platte),Secchi Depth,2005-07-17,10
Platte Lake (Big Platte),Secchi Depth,2005-07-24,9
Platte Lake (Big Platte),Secchi Depth,2005-07-27,9
Platte Lake (Big Platte),Secchi Depth,2005-07-31,9.5
Platte Lake (Big Platte),Secchi Depth,2005-08-07,8
Platte Lake (Big Platte),Secchi Depth,2005-08-10,7
Platte Lake (Big Platte),Secchi Depth,2005-08-14,11
Platte Lake (Big Platte),Secchi Depth,2005-08-21,11
Platte Lake (Big Platte),Secchi Depth,2005-08-24,11
Platte Lake (Big Platte),Secchi Depth,2005-08-28,13
Platte Lake (Big Platte),Secchi Depth,2005-09-04,13
Platte Lake (Big Platte),Secchi Depth,2005-09-07,12
Platte Lake (Big Platte),Secchi Depth,2005-09-11,13
Platte Lake (Big Platte),Secchi Depth,2005-09-18,14.5
Platte Lake (Big Platte),Secchi Depth,2005-09-21,13
Platte Lake (Big Platte),Secchi Depth,2005-09-25,16
Platte Lake (Big Platte),Secchi Depth,2005-10-05,16
Platte Lake (Big Platte),Secchi Depth,2005-11-02,14
Platte Lake (Big Platte),Secchi Depth,2005-11-30,11
Platte Lake (Big Platte),Secchi Depth,2006-03-01,19
Platte Lake (Big Platte),Secchi Depth,2006-04-05,14
Platte Lake (Big Platte),Secchi Depth,2006-04-19,16
Platte Lake (Big Platte),Secchi Depth,2006-05-03,11
Platte Lake (Big Platte),Secchi Depth,2006-05-13,11
Platte Lake (Big Platte),Secchi Depth,2006-05-16,13
Platte Lake (Big Platte),Secchi Depth,2006-05-20,11.5
Platte Lake (Big Platte),Secchi Depth,2006-05-27,12
Platte Lake (Big Platte),Secchi Depth,2006-06-01,10
Platte Lake (Big Platte),Secchi Depth,2006-06-03,11
Platte Lake (Big Platte),Secchi Depth,2006-06-10,13
Platte Lake (Big Platte),Secchi Depth,2006-06-14,13
Platte Lake (Big Platte),Secchi Depth,2006-06-17,13
Platte Lake (Big Platte),Secchi Depth,2006-06-24,12.5
Platte Lake (Big Platte),Secchi Depth,2006-06-28,13
Platte Lake (Big Platte),Secchi Depth,2006-07-01,14
Platte Lake (Big Platte),Secchi Depth,2006-07-08,8
Platte Lake (Big Platte),Secchi Depth,2006-07-12,9
Platte Lake (Big Platte),Secchi Depth,2006-07-13,10
Platte Lake (Big Platte),Secchi Depth,2006-07-15,10
Platte Lake (Big Platte),Secchi Depth,2006-07-22,13
Platte Lake (Big Platte),Secchi Depth,2006-07-27,7
Platte Lake (Big Platte),Secchi Depth,2006-07-29,11
Platte Lake (Big Platte),Secchi Depth,2006-08-05,11
Platte Lake (Big Platte),Secchi Depth,2006-08-09,9
Platte Lake (Big Platte),Secchi Depth,2006-08-12,9
Platte Lake (Big Platte),Secchi Depth,2006-08-19,10
Platte Lake (Big Platte),Secchi Depth,2006-08-23,10
Platte Lake (Big Platte),Secchi Depth,2006-08-26,10
Platte Lake (Big Platte),Secchi Depth,2006-09-02,10
Platte Lake (Big Platte),Secchi Depth,2006-09-06,11
Platte Lake (Big Platte),Secchi Depth,2006-09-09,11
Platte Lake (Big Platte),Secchi Depth,2006-09-16,12.5
Platte Lake (Big Platte),Secchi Depth,2006-09-20,12
Platte Lake (Big Platte),Secchi Depth,2006-09-23,16
Platte Lake (Big Platte),Secchi Depth,2006-09-28,18
Platte Lake (Big Platte),Secchi Depth,2006-10-09,13
Platte Lake (Big Platte),Secchi Depth,2006-10-24,17
Platte Lake (Big Platte),Secchi Depth,2006-11-08,17
Platte Lake (Big Platte),Secchi Depth,2006-11-27,21
Platte Lake (Big Platte),Secchi Depth,2006-12-13,14
Platte Lake (Big Platte),Secchi Depth,2007-01-05,16
Platte Lake (Big Platte),Secchi Depth,2007-03-29,18
Platte Lake (Big Platte),Secchi Depth,2007-04-17,12
Platte Lake (Big Platte),Secchi Depth,2007-05-02,21
Platte Lake (Big Platte),Secchi Depth,2007-05-06,16
Platte Lake (Big Platte),Secchi Depth,2007-05-13,22
Platte Lake (Big Platte),Secchi Depth,2007-05-16,20
Platte Lake (Big Platte),Secchi Depth,2007-05-20,19
Platte Lake (Big Platte),Secchi Depth,2007-05-27,20
Platte Lake (Big Platte),Secchi Depth,2007-06-01,16
Platte Lake (Big Platte),Secchi Depth,2007-06-03,18
Platte Lake (Big Platte),Secchi Depth,2007-06-10,19
Platte Lake (Big Platte),Secchi Depth,2007-06-13,23
Platte Lake (Big Platte),Secchi Depth,2007-06-17,25
Platte Lake (Big Platte),Secchi Depth,2007-06-24,14
Platte Lake (Big Platte),Secchi Depth,2007-06-27,16
Platte Lake (Big Platte),Secchi Depth,2007-07-01,19
Platte Lake (Big Platte),Secchi Depth,2007-07-08,14.5
Platte Lake (Big Platte),Secchi Depth,2007-07-11,13
Platte Lake (Big Platte),Secchi Depth,2007-07-15,12
Platte Lake (Big Platte),Secchi Depth,2007-07-22,13
Platte Lake (Big Platte),Secchi Depth,2007-07-25,11
Platte Lake (Big Platte),Secchi Depth,2007-07-29,10
Platte Lake (Big Platte),Secchi Depth,2007-08-05,10
Platte Lake (Big Platte),Secchi Depth,2007-08-08,10
Platte Lake (Big Platte),Secchi Depth,2007-08-12,11.5
Platte Lake (Big Platte),Secchi Depth,2007-08-19,10
Platte Lake (Big Platte),Secchi Depth,2007-08-22,11
Platte Lake (Big Platte),Secchi Depth,2007-08-26,12
Platte Lake (Big Platte),Secchi Depth,2007-09-02,11
Platte Lake (Big Platte),Secchi Depth,2007-09-05,11.5
Platte Lake (Big Platte),Secchi Depth,2007-09-09,11
Platte Lake (Big Platte),Secchi Depth,2007-09-16,14
Platte Lake (Big Platte),Secchi Depth,2007-09-23,16
Platte Lake (Big Platte),Secchi Depth,2007-09-26,16
Platte Lake (Big Platte),Secchi Depth,2007-10-10,19
Platte Lake (Big Platte),Secchi Depth,2007-10-24,12
Platte Lake (Big Platte),Secchi Depth,2007-11-07,7
Platte Lake (Big Platte),Secchi Depth,2008-02-01,19
Platte Lake (Big Platte),Secchi Depth,2008-02-14,23
Platte Lake (Big Platte),Secchi Depth,2008-03-05,23
Platte Lake (Big Platte),Secchi Depth,2008-03-20,25
Platte Lake (Big Platte),Secchi Depth,2008-04-16,14
Platte Lake (Big Platte),Secchi Depth,2008-04-30,17
Platte Lake (Big Platte),Secchi Depth,2008-05-10,18
Platte Lake (Big Platte),Secchi Depth,2008-05-15,19
Platte Lake (Big Platte),Secchi Depth,2008-05-17,19
Platte Lake (Big Platte),Secchi Depth,2008-05-23,17
Platte Lake (Big Platte),Secchi Depth,2008-05-24,18
Platte Lake (Big Platte),Secchi Depth,2008-05-31,20
Platte Lake (Big Platte),Secchi Depth,2008-06-04,18
Platte Lake (Big Platte),Secchi Depth,2008-06-07,18
Platte Lake (Big Platte),Secchi Depth,2008-06-14,16
Platte Lake (Big Platte),Secchi Depth,2008-06-20,25
Platte Lake (Big Platte),Secchi Depth,2008-06-21,22
Platte Lake (Big Platte),Secchi Depth,2008-06-28,25
Platte Lake (Big Platte),Secchi Depth,2008-07-01,24
Platte Lake (Big Platte),Secchi Depth,2008-07-05,29
Platte Lake (Big Platte),Secchi Depth,2008-07-14,21
Platte Lake (Big Platte),Secchi Depth,2008-07-17,12
Platte Lake (Big Platte),Secchi Depth,2008-07-19,14
Platte Lake (Big Platte),Secchi Depth,2008-07-26,9
Platte Lake (Big Platte),Secchi Depth,2008-07-30,6
Platte Lake (Big Platte),Secchi Depth,2008-08-02,7
Platte Lake (Big Platte),Secchi Depth,2008-08-09,8
Platte Lake (Big Platte),Secchi Depth,2008-08-14,15
Platte Lake (Big Platte),Secchi Depth,2008-08-16,11
Platte Lake (Big Platte),Secchi Depth,2008-08-23,10.5
Platte Lake (Big Platte),Secchi Depth,2008-08-27,12
Platte Lake (Big Platte),Secchi Depth,2008-08-30,13
Platte Lake (Big Platte),Secchi Depth,2008-09-06,12
Platte Lake (Big Platte),Secchi Depth,2008-09-10,15
Platte Lake (Big Platte),Secchi Depth,2008-09-14,15
Platte Lake (Big Platte),Secchi Depth,2008-09-20,13
Platte Lake (Big Platte),Secchi Depth,2008-09-23,16
Platte Lake (Big Platte),Secchi Depth,2008-09-27,15
Platte Lake (Big Platte),Secchi Depth,2008-10-09,16
Platte Lake (Big Platte),Secchi Depth,2008-10-15,18
Platte Lake (Big Platte),Secchi Depth,2008-10-30,13
Platte Lake (Big Platte),Secchi Depth,2008-11-12,14
Platte Lake (Big Platte),Secchi Depth,2009-01-27,26
Platte Lake (Big Platte),Secchi Depth,2009-04-09,16
Platte Lake (Big Platte),Secchi Depth,2009-04-16,23
Platte Lake (Big Platte),Secchi Depth,2009-04-30,25
Platte Lake (Big Platte),Secchi Depth,2009-05-04,26
Platte Lake (Big Platte),Secchi Depth,2009-05-11,23
Platte Lake (Big Platte),Secchi Depth,2009-05-14,13
Platte Lake (Big Platte),Secchi Depth,2009-05-22,21
Platte Lake (Big Platte),Secchi Depth,2009-05-28,19
Platte Lake (Big Platte),Secchi Depth,2009-05-29,19
Platte Lake (Big Platte),Secchi Depth,2009-06-03,20
Platte Lake (Big Platte),Secchi Depth,2009-06-11,18
Platte Lake (Big Platte),Secchi Depth,2009-06-12,22
Platte Lake (Big Platte),Secchi Depth,2009-06-16,21
Platte Lake (Big Platte),Secchi Depth,2009-06-23,20
Platte Lake (Big Platte),Secchi Depth,2009-06-24,19
Platte Lake (Big Platte),Secchi Depth,2009-07-03,16
Platte Lake (Big Platte),Secchi Depth,2009-07-08,15
Platte Lake (Big Platte),Secchi Depth,2009-07-09,13
Platte Lake (Big Platte),Secchi Depth,2009-07-16,11
Platte Lake (Big Platte),Secchi Depth,2009-07-23,13
Platte Lake (Big Platte),Secchi Depth,2009-07-29,10
Platte Lake (Big Platte),Secchi Depth,2009-07-30,11
Platte Lake (Big Platte),Secchi Depth,2009-08-05,16
Platte Lake (Big Platte),Secchi Depth,2009-08-12,12
Platte Lake (Big Platte),Secchi Depth,2009-08-19,12
Platte Lake (Big Platte),Secchi Depth,2009-08-26,13
Platte Lake (Big Platte),Secchi Depth,2009-09-02,13
Platte Lake (Big Platte),Secchi Depth,2009-09-10,13
Platte Lake (Big Platte),Secchi Depth,2009-09-16,13
Platte Lake (Big Platte),Secchi Depth,2009-09-22,16
Platte Lake (Big Platte),Secchi Depth,2009-10-07,15
Platte Lake (Big Platte),Secchi Depth,2009-10-21,20
Platte Lake (Big Platte),Secchi Depth,2009-11-04,16
Platte Lake (Big Platte),Secchi Depth,2009-11-17,15
Platte Lake (Big Platte),Secchi Depth,2009-12-02,15
Platte Lake (Big Platte),Secchi Depth,2010-01-14,24
Platte Lake (Big Platte),Secchi Depth,2010-02-04,25
Platte Lake (Big Platte),Secchi Depth,2010-02-17,25
Platte Lake (Big Platte),Secchi Depth,2010-03-31,19
Platte Lake (Big Platte),Secchi Depth,2010-04-14,19
Platte Lake (Big Platte),Secchi Depth,2010-05-15,20
Platte Lake (Big Platte),Secchi Depth,2010-05-19,22
Platte Lake (Big Platte),Secchi Depth,2010-05-21,19
Platte Lake (Big Platte),Secchi Depth,2010-05-28,22
Platte Lake (Big Platte),Secchi Depth,2010-06-02,21
Platte Lake (Big Platte),Secchi Depth,2010-06-05,22
Platte Lake (Big Platte),Secchi Depth,2010-06-11,22
Platte Lake (Big Platte),Secchi Depth,2010-06-19,25
Platte Lake (Big Platte),Secchi Depth,2010-06-24,25
Platte Lake (Big Platte),Secchi Depth,2010-06-26,23
Platte Lake (Big Platte),Secchi Depth,2010-07-01,20
Platte Lake (Big Platte),Secchi Depth,2010-07-06,12
Platte Lake (Big Platte),Secchi Depth,2010-07-09,12
Platte Lake (Big Platte),Secchi Depth,2010-07-16,9
Platte Lake (Big Platte),Secchi Depth,2010-07-21,8
Platte Lake (Big Platte),Secchi Depth,2010-07-23,8
Platte Lake (Big Platte),Secchi Depth,2010-07-30,9
Platte Lake (Big Platte),Secchi Depth,2010-08-04,8
Platte Lake (Big Platte),Secchi Depth,2010-08-06,11
Platte Lake (Big Platte),Secchi Depth,2010-08-12,12
Platte Lake (Big Platte),Secchi Depth,2010-08-19,9
Platte Lake (Big Platte),Secchi Depth,2010-08-21,10
Platte Lake (Big Platte),Secchi Depth,2010-08-28,10
Platte Lake (Big Platte),Secchi Depth,2010-09-01,11
Platte Lake (Big Platte),Secchi Depth,2010-09-05,10
Platte Lake (Big Platte),Secchi Depth,2010-09-11,13
Platte Lake (Big Platte),Secchi Depth,2010-09-15,14
Platte Lake (Big Platte),Secchi Depth,2010-09-18,16
Platte Lake (Big Platte),Secchi Depth,2010-09-25,13
Platte Lake (Big Platte),Secchi Depth,2010-09-29,14
Platte Lake (Big Platte),Secchi Depth,2010-10-02,17
Platte Lake (Big Platte),Secchi Depth,2010-10-12,16
Platte Lake (Big Platte),Secchi Depth,2010-11-09,16
Platte Lake (Big Platte),Secchi Depth,2010-12-01,13
Platte Lake (Big Platte),Secchi Depth,2011-03-08,28
Platte Lake (Big Platte),Secchi Depth,2011-04-21,13
Platte Lake (Big Platte),Secchi Depth,2011-05-04,22
Platte Lake (Big Platte),Secchi Depth,2011-05-17,17.5
Platte Lake (Big Platte),Secchi Depth,2011-05-30,15
Platte Lake (Big Platte),Secchi Depth,2011-06-02,13.5
Platte Lake (Big Platte),Secchi Depth,2011-06-05,18
Platte Lake (Big Platte),Secchi Depth,2011-06-14,20
Platte Lake (Big Platte),Secchi Depth,2011-06-21,17
Platte Lake (Big Platte),Secchi Depth,2011-06-29,11
Platte Lake (Big Platte),Secchi Depth,2011-07-04,11
Platte Lake (Big Platte),Secchi Depth,2011-07-13,11.5
Platte Lake (Big Platte),Secchi Depth,2011-07-19,12.5
Platte Lake (Big Platte),Secchi Depth,2011-07-26,12
Platte Lake (Big Platte),Secchi Depth,2011-07-29,11.5
Platte Lake (Big Platte),Secchi Depth,2011-08-01,15
Platte Lake (Big Platte),Secchi Depth,2011-08-08,11
Platte Lake (Big Platte),Secchi Depth,2011-08-10,9
Platte Lake (Big Platte),Secchi Depth,2011-08-15,12
Platte Lake (Big Platte),Secchi Depth,2011-08-24,8
Platte Lake (Big Platte),Secchi Depth,2011-09-07,12
Platte Lake (Big Platte),Secchi Depth,2011-09-21,12
Platte Lake (Big Platte),Secchi Depth,2011-10-05,17
Platte Lake (Big Platte),Secchi Depth,2011-10-26,14
Platte Lake (Big Platte),Secchi Depth,2011-11-08,14
Platte Lake (Big Platte),Secchi Depth,2011-11-22,12
Platte Lake (Big Platte),Secchi Depth,2012-04-04,13
Platte Lake (Big Platte),Secchi Depth,2012-04-17,11
Platte Lake (Big Platte),Secchi Depth,2012-05-01,16
Platte Lake (Big Platte),Secchi Depth,2012-05-15,13
Platte Lake (Big Platte),Secchi Depth,2012-05-16,15
Platte Lake (Big Platte),Secchi Depth,2012-05-22,14
Platte Lake (Big Platte),Secchi Depth,2012-05-29,17
Platte Lake (Big Platte),Secchi Depth,2012-05-31,17.5
Platte Lake (Big Platte),Secchi Depth,2012-06-05,18
Platte Lake (Big Platte),Secchi Depth,2012-06-10,20.5
Platte Lake (Big Platte),Secchi Depth,2012-06-13,20
Platte Lake (Big Platte),Secchi Depth,2012-06-19,15
Platte Lake (Big Platte),Secchi Depth,2012-06-26,18
Platte Lake (Big Platte),Secchi Depth,2012-07-04,16
Platte Lake (Big Platte),Secchi Depth,2012-07-09,11.5
Platte Lake (Big Platte),Secchi Depth,2012-07-11,13
Platte Lake (Big Platte),Secchi Depth,2012-07-18,9.5
Platte Lake (Big Platte),Secchi Depth,2012-07-25,9.5
Platte Lake (Big Platte),Secchi Depth,2012-08-01,11.5
Platte Lake (Big Platte),Secchi Depth,2012-08-06,12
Platte Lake (Big Platte),Secchi Depth,2012-08-08,12
Platte Lake (Big Platte),Secchi Depth,2012-08-13,12
Platte Lake (Big Platte),Secchi Depth,2012-08-21,16.5
Platte Lake (Big Platte),Secchi Depth,2012-08-22,15
Platte Lake (Big Platte),Secchi Depth,2012-08-29,13.5
Platte Lake (Big Platte),Secchi Depth,2012-09-05,14
Platte Lake (Big Platte),Secchi Depth,2012-09-07,15.5
Platte Lake (Big Platte),Secchi Depth,2012-09-12,14
Platte Lake (Big Platte),Secchi Depth,2012-09-19,17
Platte Lake (Big Platte),Secchi Depth,2012-09-25,12.5
Platte Lake (Big Platte),Secchi Depth,2012-10-10,14
Platte Lake (Big Platte),Secchi Depth,2012-10-24,18
Platte Lake (Big Platte),Secchi Depth,2012-11-07,16
Platte Lake (Big Platte),Secchi Depth,2012-11-28,10
Platte Lake (Big Platte),Secchi Depth,2013-05-08,13
Platte Lake (Big Platte),Secchi Depth,2013-05-16,12.5
Platte Lake (Big Platte),Secchi Depth,2013-05-22,12
Platte Lake (Big Platte),Secchi Depth,2013-05-24,14
Platte Lake (Big Platte),Secchi Depth,2013-05-29,14.5
Platte Lake (Big Platte),Secchi Depth,2013-06-04,16.5
Platte Lake (Big Platte),Secchi Depth,2013-06-05,18
Platte Lake (Big Platte),Secchi Depth,2013-06-12,20
Platte Lake (Big Platte),Secchi Depth,2013-06-18,27
Platte Lake (Big Platte),Secchi Depth,2013-06-20,20
Platte Lake (Big Platte),Secchi Depth,2013-06-26,18.5
Platte Lake (Big Platte),Secchi Depth,2013-07-02,13
Platte Lake (Big Platte),Secchi Depth,2013-07-03,17
Platte Lake (Big Platte),Secchi Depth,2013-07-11,14
Platte Lake (Big Platte),Secchi Depth,2013-07-16,14.5
Platte Lake (Big Platte),Secchi Depth,2013-07-17,14
Platte Lake (Big Platte),Secchi Depth,2013-07-24,15
Platte Lake (Big Platte),Secchi Depth,2013-07-30,13.5
Platte Lake (Big Platte),Secchi Depth,2013-08-02,11
Platte Lake (Big Platte),Secchi Depth,2013-08-08,16.5
Platte Lake (Big Platte),Secchi Depth,2013-08-15,12.5
Platte Lake (Big Platte),Secchi Depth,2013-08-16,13
Platte Lake (Big Platte),Secchi Depth,2013-08-22,10
Platte Lake (Big Platte),Secchi Depth,2013-08-29,12
Platte Lake (Big Platte),Secchi Depth,2013-09-05,17
Platte Lake (Big Platte),Secchi Depth,2013-09-11,16
Platte Lake (Big Platte),Secchi Depth,2013-09-17,16.5
Platte Lake (Big Platte),Secchi Depth,2013-09-27,18
Platte Lake (Big Platte),Secchi Depth,2013-10-02,17.5
Platte Lake (Big Platte),Secchi Depth,2013-10-09,17
Platte Lake (Big Platte),Secchi Depth,2013-10-23,15
Platte Lake (Big Platte),Secchi Depth,2013-11-19,12
Platte Lake (Big Platte),Secchi Depth,2014-02-19,16
Platte Lake (Big Platte),Secchi Depth,2014-03-04,9
Platte Lake (Big Platte),Secchi Depth,2014-04-24,16
Platte Lake (Big Platte),Secchi Depth,2014-05-14,16
Platte Lake (Big Platte),Secchi Depth,2014-05-21,19
Platte Lake (Big Platte),Secchi Depth,2014-05-29,20.5
Platte Lake (Big Platte),Secchi Depth,2014-05-30,19
Platte Lake (Big Platte),Secchi Depth,2014-06-06,20
Platte Lake (Big Platte),Secchi Depth,2014-06-10,21
Platte Lake (Big Platte),Secchi Depth,2014-06-18,21
Platte Lake (Big Platte),Secchi Depth,2014-06-21,20.5
Platte Lake (Big Platte),Secchi Depth,2014-06-26,23
Platte Lake (Big Platte),Secchi Depth,2014-07-02,15
Platte Lake (Big Platte),Secchi Depth,2014-07-03,20
Platte Lake (Big Platte),Secchi Depth,2014-07-07,18
Platte Lake (Big Platte),Secchi Depth,2014-07-17,19
Platte Lake (Big Platte),Secchi Depth,2014-07-18,14
Platte Lake (Big Platte),Secchi Depth,2014-07-24,11
Platte Lake (Big Platte),Secchi Depth,2014-07-30,10.5
Platte Lake (Big Platte),Secchi Depth,2014-08-05,9
Platte Lake (Big Platte),Secchi Depth,2014-08-06,11.5
Platte Lake (Big Platte),Secchi Depth,2014-08-14,15
Platte Lake (Big Platte),Secchi Depth,2014-08-20,12.5
Platte Lake (Big Platte),Secchi Depth,2014-09-02,12
Platte Lake (Big Platte),Secchi Depth,2014-09-03,11
Platte Lake (Big Platte),Secchi Depth,2014-09-30,12
Platte Lake (Big Platte),Secchi Depth,2014-10-23,13
Platte Lake (Big Platte),Secchi Depth,2014-11-03,11
Platte Lake (Big Platte),Secchi Depth,2015-01-15,20
Platte Lake (Big Platte),Secchi Depth,2015-04-13,18
Platte Lake (Big Platte),Secchi Depth,2015-04-29,17
Platte Lake (Big Platte),Secchi Depth,2015-05-12,14
Platte Lake (Big Platte),Secchi Depth,2015-05-14,18
Platte Lake (Big Platte),Secchi Depth,2015-05-20,19
Platte Lake (Big Platte),Secchi Depth,2015-05-26,16
Platte Lake (Big Platte),Secchi Depth,2015-06-04,16.5
Platte Lake (Big Platte),Secchi Depth,2015-06-09,21
Platte Lake (Big Platte),Secchi Depth,2015-06-17,23.5
Platte Lake (Big Platte),Secchi Depth,2015-06-23,17
Platte Lake (Big Platte),Secchi Depth,2015-06-24,16.5
Platte Lake (Big Platte),Secchi Depth,2015-07-01,13
Platte Lake (Big Platte),Secchi Depth,2015-07-06,11
Platte Lake (Big Platte),Secchi Depth,2015-07-07,9.5
Platte Lake (Big Platte),Secchi Depth,2015-07-15,9
Platte Lake (Big Platte),Secchi Depth,2015-07-21,10.5
Platte Lake (Big Platte),Secchi Depth,2015-07-28,9.5
Platte Lake (Big Platte),Secchi Depth,2015-08-05,9
Platte Lake (Big Platte),Secchi Depth,2015-08-12,9.5
Platte Lake (Big Platte),Secchi Depth,2015-08-20,10
Platte Lake (Big Platte),Secchi Depth,2015-08-21,13
Platte Lake (Big Platte),Secchi Depth,2015-08-27,13.5
Platte Lake (Big Platte),Secchi Depth,2015-09-05,12.5
Platte Lake (Big Platte),Secchi Depth,2015-09-10,11
Platte Lake (Big Platte),Secchi Depth,2015-09-15,12.5
Platte Lake (Big Platte),Secchi Depth,2015-09-16,12.4
Platte Lake (Big Platte),Secchi Depth,2015-09-23,12.5
Platte Lake (Big Platte),Secchi Depth,2015-10-06,13.8
Platte Lake (Big Platte),Secchi Depth,2015-10-26,13.1
Platte Lake (Big Platte),Secchi Depth,2015-11-17,11.4
Platte Lake (Big Platte),Secchi Depth,2015-12-03,17.5
Platte Lake (Big Platte),Secchi Depth,2016-03-14,14.7
Platte Lake (Big Platte),Secchi Depth,2016-03-30,11.1
Platte Lake (Big Platte),Secchi Depth,2016-04-15,14
Platte Lake (Big Platte),Secchi Depth,2016-04-26,14
Platte Lake (Big Platte),Secchi Depth,2016-05-09,13
Platte Lake (Big Platte),Secchi Depth,2016-05-27,18
Platte Lake (Big Platte),Secchi Depth,2016-06-15,16
Platte Lake (Big Platte),Secchi Depth,2016-06-28,12.5
Platte Lake (Big Platte),Secchi Depth,2016-07-13,13
Platte Lake (Big Platte),Secchi Depth,2016-07-26,12
Platte Lake (Big Platte),Secchi Depth,2016-08-09,10.5
Platte Lake (Big Platte),Secchi Depth,2016-08-23,12.5
Platte Lake (Big Platte),Secchi Depth,2016-09-16,13
Platte Lake (Big Platte),Secchi Depth,2016-09-27,12.5
Platte Lake (Big Platte),Secchi Depth,2016-10-14,16
Platte Lake (Big Platte),Secchi Depth,2016-10-26,14
Platte Lake (Big Platte),Secchi Depth,2016-11-16,14
Platte Lake (Big Platte),Secchi Depth,2017-01-18,15
Platte Lake (Big Platte),Secchi Depth,2017-01-31,16.5
Platte Lake (Big Platte),Secchi Depth,2017-02-17,27
Platte Lake (Big Platte),Secchi Depth,2017-03-29,20.5
Platte Lake (Big Platte),Secchi Depth,2017-04-18,17.5
Platte Lake (Big Platte),Secchi Depth,2017-05-03,16.5
Platte Lake (Big Platte),Secchi Depth,2017-05-22,13
Platte Lake (Big Platte),Secchi Depth,2017-06-06,13.5
Platte Lake (Big Platte),Secchi Depth,2017-06-19,17
Platte Lake (Big Platte),Secchi Depth,2017-07-05,16
Platte Lake (Big Platte),Secchi Depth,2017-07-20,16
Platte Lake (Big Platte),Secchi Depth,2017-08-01,14
Platte Lake (Big Platte),Secchi Depth,2017-08-18,16
Platte Lake (Big Platte),Secchi Depth,2017-09-06,15
Platte Lake (Big Platte),Secchi Depth,2017-09-21,17
Platte Lake (Big Platte),Secchi Depth,2017-10-11,17
Platte Lake (Big Platte),Secchi Depth,2017-10-30,14
Platte Lake (Big Platte),Secchi Depth,2018-01-24,27.5
Platte Lake (Big Platte),Secchi Depth,2018-02-07,23
Platte Lake (Big Platte),Secchi Depth,2018-02-23,30
Platte Lake (Big Platte),Secchi Depth,2018-04-24,22
Platte Lake (Big Platte),Secchi Depth,2018-05-08,18
Platte Lake (Big Platte),Secchi Depth,2018-05-24,17.5
Platte Lake (Big Platte),Secchi Depth,2018-06-06,21.5
Platte Lake (Big Platte),Secchi Depth,2018-06-20,20
Platte Lake (Big Platte),Secchi Depth,2018-07-06,11
Platte Lake (Big Platte),Secchi Depth,2018-07-30,11
Platte Lake (Big Platte),Secchi Depth,2018-08-15,14
Platte Lake (Big Platte),Secchi Depth,2018-08-29,16
Platte Lake (Big Platte),Secchi Depth,2018-09-14,17
Platte Lake (Big Platte),Secchi Depth,2018-09-28,14
Platte Lake (Big Platte),Secchi Depth,2018-10-16,13.5
Platte Lake (Big Platte),Secchi Depth,2018-10-31,17.5
Platte Lake (Big Platte),Secchi Depth,2018-11-14,16.5
Platte Lake (Big Platte),Secchi Depth,2018-11-30,22
Platte Lake (Big Platte),Secchi Depth,2019-02-04,24.5
Platte Lake (Big Platte),Secchi Depth,2019-02-27,29.5
Platte Lake (Big Platte),Secchi Depth,2019-03-13,27.5
Platte Lake (Big Platte),Secchi Depth,2019-03-26,27.5
Platte Lake (Big Platte),Secchi Depth,2019-04-12,21
Platte Lake (Big Platte),Secchi Depth,2019-04-30,17.5
Platte Lake (Big Platte),Secchi Depth,2019-05-14,20
Platte Lake (Big Platte),Secchi Depth,2019-05-31,21.5
Platte Lake (Big Platte),Secchi Depth,2019-06-12,21.5
Platte Lake (Big Platte),Secchi Depth,2019-06-25,21.5
Platte Lake (Big Platte),Secchi Depth,2019-07-10,14.5
Platte Lake (Big Platte),Secchi Depth,2019-07-24,13
Platte Lake (Big Platte),Secchi Depth,2019-08-07,14
Platte Lake (Big Platte),Secchi Depth,2019-08-30,14.5
Platte Lake (Big Platte),Secchi Depth,2019-09-11,15.5
Platte Lake (Big Platte),Secchi Depth,2019-09-27,16
Platte Lake (Big Platte),Secchi Depth,2019-10-15,15.5
Platte Lake (Big Platte),Secchi Depth,2019-10-29,18
Platte Lake (Big Platte),Secchi Depth,2020-02-27,31
Platte Lake (Big Platte),Secchi Depth,2020-03-27,21
Platte Lake (Big Platte),Secchi Depth,2020-04-07,19
Platte Lake (Big Platte),Secchi Depth,2020-04-24,18
Platte Lake (Big Platte),Secchi Depth,2020-05-18,23.5
Platte Lake (Big Platte),Secchi Depth,2020-06-12,22
Platte Lake (Big Platte),Secchi Depth,2020-06-26,17
Platte Lake (Big Platte),Secchi Depth,2020-07-10,12
Platte Lake (Big Platte),Secchi Depth,2020-07-24,13
Platte Lake (Big Platte),Secchi Depth,2020-08-07,12
Platte Lake (Big Platte),Secchi Depth,2020-09-29,19
Platte Lake (Big Platte),Secchi Depth,2020-10-14,15
Platte Lake (Big Platte),Secchi Depth,2020-11-19,12
Platte Lake (Big Platte),Secchi Depth,2020-12-02,15
Platte Lake (Big Platte),Secchi Depth,2021-02-04,28
Platte Lake (Big Platte),Secchi Depth,2021-02-24,35
Platte Lake (Big Platte),Secchi Depth,2021-03-09,26
Platte Lake (Big Platte),Secchi Depth,2021-04-07,18
Platte Lake (Big Platte),Secchi Depth,2021-04-19,14
Platte Lake (Big Platte),Secchi Depth,2021-05-05,17
Platte Lake (Big Platte),Secchi Depth,2021-05-26,20
Platte Lake (Big Platte),Secchi Depth,2021-06-08,22
Platte Lake (Big Platte),Secchi Depth,2021-06-28,15
Platte Lake (Big Platte),Secchi Depth,2021-07-12,10
Platte Lake (Big Platte),Secchi Depth,2021-07-28,12
Platte Lake (Big Platte),Secchi Depth,2021-08-16,12
Platte Lake (Big Platte),Secchi Depth,2021-08-31,9
Platte Lake (Big Platte),Secchi Depth,2021-09-22,13
Platte Lake (Big Platte),Secchi Depth,2021-10-05,15
Platte Lake (Big Platte),Secchi Depth,2021-10-25,17
Platte Lake (Big Platte),Secchi Depth,2021-11-10,13
Platte Lake (Big Platte),Secchi Depth,2021-11-30,14
Platte Lake (Big Platte),Secchi Depth,2022-01-21,22.5
Platte Lake (Big Platte),Secchi Depth,2022-02-02,26
Platte Lake (Big Platte),Secchi Depth,2022-02-18,24
Platte Lake (Big Platte),Secchi Depth,2022-03-09,22
Platte Lake (Big Platte),Secchi Depth,2022-04-29,16
Platte Lake (Big Platte),Secchi Depth,2022-05-11,13.5
Platte Lake (Big Platte),Secchi Depth,2022-05-27,14
Platte Lake (Big Platte),Secchi Depth,2022-06-14,14
Platte Lake (Big Platte),Secchi Depth,2022-06-28,8
Platte Lake (Big Platte),Secchi Depth,2022-07-12,10
Platte Lake (Big Platte),Secchi Depth,2022-07-29,11
Platte Lake (Big Platte),Secchi Depth,2022-08-12,14
Platte Lake (Big Platte),Secchi Depth,2022-08-26,13
Platte Lake (Big Platte),Secchi Depth,2022-09-15,15
Platte Lake (Big Platte),Secchi Depth,2022-09-30,17
Platte Lake (Big Platte),Secchi Depth,2022-09-30,17
Platte Lake (Big Platte),Secchi Depth,2022-10-14,16
Platte Lake (Big Platte),Secchi Depth,2022-10-14,16
Platte Lake (Big Platte),Secchi Depth,2022-11-04,17
Platte Lake (Big Platte),Secchi Depth,2022-11-29,17
Platte Lake (Big Platte),Secchi Depth,2023-04-07,19
Platte Lake (Big Platte),Secchi Depth,2023-04-26,20
Platte Lake (Big Platte),Secchi Depth,2023-05-10,21
Platte Lake (Big Platte),Secchi Depth,2023-05-31,23.5
Platte Lake (Big Platte),Secchi Depth,2023-06-13,20
Platte Lake (Big Platte),Secchi Depth,2023-06-30,25
Platte Lake (Big Platte),Secchi Depth,2023-07-14,11.5
Platte Lake (Big Platte),Secchi Depth,2023-07-28,11.5
Platte Lake (Big Platte),Secchi Depth,2023-08-15,12.5
Platte Lake (Big Platte),Secchi Depth,2023-08-30,12.5
Platte Lake (Big Platte),Secchi Depth,2023-09-15,18.5
Platte Lake (Big Platte),Secchi Depth,2023-11-07,18
Platte Lake (Big Platte),Secchi Depth,2023-12-20,14
Platte Lake (Big Platte),Secchi Depth,2024-03-14,18
Platte Lake (Big Platte),Secchi Depth,2024-03-29,18
Platte Lake (Big Platte),Secchi Depth,2024-04-10,20.5
Platte Lake (Big Platte),Secchi Depth,2024-04-23,21.5
Platte Lake (Big Platte),Secchi Depth,2024-05-17,21.5
Platte Lake (Big Platte),Secchi Depth,2024-06-12,16
Platte Lake (Big Platte),Secchi Depth,2024-06-26,11.5
Platte Lake (Big Platte),Secchi Depth,2024-07-11,9
Platte Lake (Big Platte),Secchi Depth,2024-07-25,11
Platte Lake (Big Platte),Secchi Depth,2024-08-15,14
Platte Lake (Big Platte),Secchi Depth,2024-08-28,12
Platte Lake (Big Platte),Secchi Depth,2024-09-12,16
Platte Lake (Big Platte),Secchi Depth,2024-09-27,15
Platte Lake (Big Platte),Secchi Depth,2024-10-14,18.5
Platte Lake (Big Platte),Secchi Depth,2024-11-20,18
Platte Lake (Big Platte),Secchi Depth,2024-12-11,17
Platte Lake (Big Platte),Secchi Depth,2025-01-31,35
Platte Lake (Big Platte),Secchi Depth,2025-04-09,20.5
Platte Lake (Big Platte),Secchi Depth,2025-04-23,24
Platte Lake (Big Platte),Secchi Depth,2025-05-09,18.5
Platte Lake (Big Platte),Secchi Depth,2025-05-23,17.5
Platte Lake (Big Platte),Secchi Depth,2025-06-06,24.5
Platte Lake (Big Platte),Secchi Depth,2025-06-27,12.5
Platte Lake (Big Platte),Secchi Depth,2025-07-18,12.5
Platte Lake (Big Platte),Secchi Depth,2025-07-31,10
Platte Lake (Big Platte),Secchi Depth,2025-08-15,11
Platte Lake (Big Platte),Secchi Depth,2025-08-29,12
Platte Lake (Big Platte),Secchi Depth,2025-09-12,12
Platte Lake (Big Platte),Secchi Depth,2025-10-16,15.5
Platte Lake (Big Platte),Secchi Depth,2025-10-29,15.5
Platte Lake (Big Platte),Secchi Depth,2025-11-12,15
Platte Lake (Big Platte),Secchi Depth,2026-02-04,31
Platte Lake (Big Platte),Secchi Depth,2026-04-15,16
Platte Lake (Big Platte),Secchi Depth,2026-05-06,13
Platte Lake (Big Platte),Secchi Depth,2026-05-28,11
Platte Lake (Big Platte),Secchi Depth,2026-06-10,14
Platte Lake (Big Platte),Secchi Depth,2026-06-30,8
Platte Lake (Big Platte),Secchi Depth,2026-07-17,8
Platte Lake (Big Platte),Total Phosphorus,1990-01-03,8.8
Platte Lake (Big Platte),Total Phosphorus,1990-03-06,11.1
Platte Lake (Big Platte),Total Phosphorus,1990-04-18,10.2
Platte Lake (Big Platte),Total Phosphorus,1990-05-16,6.8
Platte Lake (Big Platte),Total Phosphorus,1990-05-30,9.8
Platte Lake (Big Platte),Total Phosphorus,1990-06-14,10.7
Platte Lake (Big Platte),Total Phosphorus,1990-06-27,10.2
Platte Lake (Big Platte),Total Phosphorus,1990-07-11,9.6
Platte Lake (Big Platte),Total Phosphorus,1990-07-25,7.9
Platte Lake (Big Platte),Total Phosphorus,1990-08-08,6.3
Platte Lake (Big Platte),Total Phosphorus,1990-08-24,6.6
Platte Lake (Big Platte),Total Phosphorus,1990-09-05,7.2
Platte Lake (Big Platte),Total Phosphorus,1990-09-12,8
Platte Lake (Big Platte),Total Phosphorus,1990-09-19,7
Platte Lake (Big Platte),Total Phosphorus,1990-10-05,8
Platte Lake (Big Platte),Total Phosphorus,1990-10-17,9.5
Platte Lake (Big Platte),Total Phosphorus,1990-10-31,9.8
Platte Lake (Big Platte),Total Phosphorus,1990-11-16,9.9
Platte Lake (Big Platte),Total Phosphorus,1990-12-05,10.1
Platte Lake (Big Platte),Total Phosphorus,1991-01-09,7.5
Platte Lake (Big Platte),Total Phosphorus,1991-02-01,8.2
Platte Lake (Big Platte),Total Phosphorus,1991-02-19,7.5
Platte Lake (Big Platte),Total Phosphorus,1991-03-05,8.4
Platte Lake (Big Platte),Total Phosphorus,1991-03-19,9
Platte Lake (Big Platte),Total Phosphorus,1991-04-09,9.7
Platte Lake (Big Platte),Total Phosphorus,1991-04-16,8.5
Platte Lake (Big Platte),Total Phosphorus,1991-05-03,8.9
Platte Lake (Big Platte),Total Phosphorus,1991-05-14,9.3
Platte Lake (Big Platte),Total Phosphorus,1991-05-28,8.1
Platte Lake (Big Platte),Total Phosphorus,1991-06-11,8.1
Platte Lake (Big Platte),Total Phosphorus,1991-06-25,8.1
Platte Lake (Big Platte),Total Phosphorus,1991-07-09,7.4
Platte Lake (Big Platte),Total Phosphorus,1991-07-23,8.3
Platte Lake (Big Platte),Total Phosphorus,1991-08-06,9.1
Platte Lake (Big Platte),Total Phosphorus,1991-08-20,7.5
Platte Lake (Big Platte),Total Phosphorus,1991-09-03,6.1
Platte Lake (Big Platte),Total Phosphorus,1991-09-17,6.8
Platte Lake (Big Platte),Total Phosphorus,1991-10-01,6.2
Platte Lake (Big Platte),Total Phosphorus,1991-10-15,6.1
Platte Lake (Big Platte),Total Phosphorus,1991-11-05,8.9
Platte Lake (Big Platte),Total Phosphorus,1991-11-19,10.7
Platte Lake (Big Platte),Total Phosphorus,1991-12-10,9.3
Platte Lake (Big Platte),Total Phosphorus,1992-01-17,6.3
Platte Lake (Big Platte),Total Phosphorus,1992-01-28,6.5
Platte Lake (Big Platte),Total Phosphorus,1992-02-18,9.2
Platte Lake (Big Platte),Total Phosphorus,1992-03-13,9.4
Platte Lake (Big Platte),Total Phosphorus,1992-04-09,6.9
Platte Lake (Big Platte),Total Phosphorus,1992-04-14,8.2
Platte Lake (Big Platte),Total Phosphorus,1992-04-28,8.3
Platte Lake (Big Platte),Total Phosphorus,1992-05-12,9
Platte Lake (Big Platte),Total Phosphorus,1992-05-26,10.4
Platte Lake (Big Platte),Total Phosphorus,1992-06-09,11.4
Platte Lake (Big Platte),Total Phosphorus,1992-06-19,10.7
Platte Lake (Big Platte),Total Phosphorus,1992-06-30,9.5
Platte Lake (Big Platte),Total Phosphorus,1992-07-21,8.2
Platte Lake (Big Platte),Total Phosphorus,1992-08-04,6.7
Platte Lake (Big Platte),Total Phosphorus,1992-08-18,6.6
Platte Lake (Big Platte),Total Phosphorus,1992-09-01,8.4
Platte Lake (Big Platte),Total Phosphorus,1992-09-09,6.7
Platte Lake (Big Platte),Total Phosphorus,1992-09-15,6.7
Platte Lake (Big Platte),Total Phosphorus,1992-09-22,7.5
Platte Lake (Big Platte),Total Phosphorus,1992-09-29,7.3
Platte Lake (Big Platte),Total Phosphorus,1992-10-06,5.9
Platte Lake (Big Platte),Total Phosphorus,1992-10-13,8.9
Platte Lake (Big Platte),Total Phosphorus,1992-10-21,9.1
Platte Lake (Big Platte),Total Phosphorus,1992-10-27,9.6
Platte Lake (Big Platte),Total Phosphorus,1992-11-04,9.7
Platte Lake (Big Platte),Total Phosphorus,1992-11-12,9.7
Platte Lake (Big Platte),Total Phosphorus,1992-11-18,10
Platte Lake (Big Platte),Total Phosphorus,1992-11-24,9.5
Platte Lake (Big Platte),Total Phosphorus,1992-12-01,8.1
Platte Lake (Big Platte),Total Phosphorus,1992-12-08,8.3
Platte Lake (Big Platte),Total Phosphorus,1992-12-15,7.8
Platte Lake (Big Platte),Total Phosphorus,1992-12-22,9.2
Platte Lake (Big Platte),Total Phosphorus,1993-01-12,7.8
Platte Lake (Big Platte),Total Phosphorus,1993-01-26,7.9
Platte Lake (Big Platte),Total Phosphorus,1993-02-09,8
Platte Lake (Big Platte),Total Phosphorus,1993-02-23,7.5
Platte Lake (Big Platte),Total Phosphorus,1993-03-09,9.3
Platte Lake (Big Platte),Total Phosphorus,1993-03-23,6.1
Platte Lake (Big Platte),Total Phosphorus,1993-04-21,9.1
Platte Lake (Big Platte),Total Phosphorus,1993-05-04,8.8
Platte Lake (Big Platte),Total Phosphorus,1993-05-18,8.4
Platte Lake (Big Platte),Total Phosphorus,1993-06-01,10.9
Platte Lake (Big Platte),Total Phosphorus,1993-06-15,9.9
Platte Lake (Big Platte),Total Phosphorus,1993-06-29,8.1
Platte Lake (Big Platte),Total Phosphorus,1993-07-13,6.7
Platte Lake (Big Platte),Total Phosphorus,1993-07-27,8.8
Platte Lake (Big Platte),Total Phosphorus,1993-08-10,5.8
Platte Lake (Big Platte),Total Phosphorus,1993-08-24,5.5
Platte Lake (Big Platte),Total Phosphorus,1993-09-07,5.3
Platte Lake (Big Platte),Total Phosphorus,1993-09-21,6.2
Platte Lake (Big Platte),Total Phosphorus,1993-10-05,10.2
Platte Lake (Big Platte),Total Phosphorus,1993-10-19,9.7
Platte Lake (Big Platte),Total Phosphorus,1993-11-02,9.4
Platte Lake (Big Platte),Total Phosphorus,1993-11-17,9.4
Platte Lake (Big Platte),Total Phosphorus,1993-11-30,7.9
Platte Lake (Big Platte),Total Phosphorus,1993-12-14,6.8
Platte Lake (Big Platte),Total Phosphorus,1994-01-04,7.1
Platte Lake (Big Platte),Total Phosphorus,1994-01-21,6.5
Platte Lake (Big Platte),Total Phosphorus,1994-02-01,8.7
Platte Lake (Big Platte),Total Phosphorus,1994-02-15,6.5
Platte Lake (Big Platte),Total Phosphorus,1994-03-01,8.1
Platte Lake (Big Platte),Total Phosphorus,1994-03-15,7.1
Platte Lake (Big Platte),Total Phosphorus,1994-04-05,4.9
Platte Lake (Big Platte),Total Phosphorus,1994-04-19,6.6
Platte Lake (Big Platte),Total Phosphorus,1994-05-03,8.8
Platte Lake (Big Platte),Total Phosphorus,1994-05-17,9.6
Platte Lake (Big Platte),Total Phosphorus,1994-05-31,9.9
Platte Lake (Big Platte),Total Phosphorus,1994-06-14,9.7
Platte Lake (Big Platte),Total Phosphorus,1994-06-28,8.2
Platte Lake (Big Platte),Total Phosphorus,1994-07-12,6.9
Platte Lake (Big Platte),Total Phosphorus,1994-07-26,6.7
Platte Lake (Big Platte),Total Phosphorus,1994-08-09,7.8
Platte Lake (Big Platte),Total Phosphorus,1994-08-23,6.4
Platte Lake (Big Platte),Total Phosphorus,1994-09-06,6.9
Platte Lake (Big Platte),Total Phosphorus,1994-09-20,7.1
Platte Lake (Big Platte),Total Phosphorus,1994-10-04,7.2
Platte Lake (Big Platte),Total Phosphorus,1994-10-18,7.4
Platte Lake (Big Platte),Total Phosphorus,1994-11-01,9.6
Platte Lake (Big Platte),Total Phosphorus,1994-11-15,10.4
Platte Lake (Big Platte),Total Phosphorus,1994-11-29,12.3
Platte Lake (Big Platte),Total Phosphorus,1994-12-13,9.1
Platte Lake (Big Platte),Total Phosphorus,1994-12-27,7.9
Platte Lake (Big Platte),Total Phosphorus,1995-01-24,8
Platte Lake (Big Platte),Total Phosphorus,1995-02-07,7.1
Platte Lake (Big Platte),Total Phosphorus,1995-02-21,5.8
Platte Lake (Big Platte),Total Phosphorus,1995-03-07,7.1
Platte Lake (Big Platte),Total Phosphorus,1995-03-28,7.1
Platte Lake (Big Platte),Total Phosphorus,1995-04-11,9.1
Platte Lake (Big Platte),Total Phosphorus,1995-04-25,9.1
Platte Lake (Big Platte),Total Phosphorus,1995-05-09,8.8
Platte Lake (Big Platte),Total Phosphorus,1995-05-23,8.7
Platte Lake (Big Platte),Total Phosphorus,1995-06-06,8.3
Platte Lake (Big Platte),Total Phosphorus,1995-06-20,8.3
Platte Lake (Big Platte),Total Phosphorus,1995-07-03,8.2
Platte Lake (Big Platte),Total Phosphorus,1995-07-18,9.2
Platte Lake (Big Platte),Total Phosphorus,1995-08-01,5.9
Platte Lake (Big Platte),Total Phosphorus,1995-08-15,5.9
Platte Lake (Big Platte),Total Phosphorus,1995-08-29,7.4
Platte Lake (Big Platte),Total Phosphorus,1995-09-12,7.3
Platte Lake (Big Platte),Total Phosphorus,1995-09-26,8.7
Platte Lake (Big Platte),Total Phosphorus,1995-10-10,7.8
Platte Lake (Big Platte),Total Phosphorus,1995-10-24,10.4
Platte Lake (Big Platte),Total Phosphorus,1995-11-07,11.1
Platte Lake (Big Platte),Total Phosphorus,1995-11-21,11.1
Platte Lake (Big Platte),Total Phosphorus,1995-12-05,8.7
Platte Lake (Big Platte),Total Phosphorus,1995-12-22,7.2
Platte Lake (Big Platte),Total Phosphorus,1996-01-02,6.9
Platte Lake (Big Platte),Total Phosphorus,1996-01-16,6.9
Platte Lake (Big Platte),Total Phosphorus,1996-01-31,5.7
Platte Lake (Big Platte),Total Phosphorus,1996-02-13,8
Platte Lake (Big Platte),Total Phosphorus,1996-02-27,8.4
Platte Lake (Big Platte),Total Phosphorus,1996-03-12,7.1
Platte Lake (Big Platte),Total Phosphorus,1996-03-19,9.8
Platte Lake (Big Platte),Total Phosphorus,1996-04-16,6.7
Platte Lake (Big Platte),Total Phosphorus,1996-04-23,6.8
Platte Lake (Big Platte),Total Phosphorus,1996-04-30,7.1
Platte Lake (Big Platte),Total Phosphorus,1996-05-07,7
Platte Lake (Big Platte),Total Phosphorus,1996-05-14,8.1
Platte Lake (Big Platte),Total Phosphorus,1996-05-21,8.2
Platte Lake (Big Platte),Total Phosphorus,1996-05-28,8.4
Platte Lake (Big Platte),Total Phosphorus,1996-06-04,8.6
Platte Lake (Big Platte),Total Phosphorus,1996-06-11,7.9
Platte Lake (Big Platte),Total Phosphorus,1996-06-18,8.4
Platte Lake (Big Platte),Total Phosphorus,1996-06-25,7.8
Platte Lake (Big Platte),Total Phosphorus,1996-07-02,8
Platte Lake (Big Platte),Total Phosphorus,1996-07-09,6.9
Platte Lake (Big Platte),Total Phosphorus,1996-07-16,6
Platte Lake (Big Platte),Total Phosphorus,1996-07-23,7.3
Platte Lake (Big Platte),Total Phosphorus,1996-07-30,6.7
Platte Lake (Big Platte),Total Phosphorus,1996-08-06,6.8
Platte Lake (Big Platte),Total Phosphorus,1996-08-20,6
Platte Lake (Big Platte),Total Phosphorus,1996-09-03,6.4
Platte Lake (Big Platte),Total Phosphorus,1996-09-17,6.6
Platte Lake (Big Platte),Total Phosphorus,1996-10-01,7.7
Platte Lake (Big Platte),Total Phosphorus,1996-10-15,7.9
Platte Lake (Big Platte),Total Phosphorus,1996-10-29,9
Platte Lake (Big Platte),Total Phosphorus,1996-11-12,10.2
Platte Lake (Big Platte),Total Phosphorus,1996-11-26,6.7
Platte Lake (Big Platte),Total Phosphorus,1996-12-10,6.6
Platte Lake (Big Platte),Total Phosphorus,1997-01-14,7.5
Platte Lake (Big Platte),Total Phosphorus,1997-01-28,6.3
Platte Lake (Big Platte),Total Phosphorus,1997-02-11,5.6
Platte Lake (Big Platte),Total Phosphorus,1997-02-25,6.2
Platte Lake (Big Platte),Total Phosphorus,1997-03-11,6.1
Platte Lake (Big Platte),Total Phosphorus,1997-03-25,5.7
Platte Lake (Big Platte),Total Phosphorus,1997-04-08,6.8
Platte Lake (Big Platte),Total Phosphorus,1997-04-15,6.4
Platte Lake (Big Platte),Total Phosphorus,1997-04-22,5.4
Platte Lake (Big Platte),Total Phosphorus,1997-05-02,5.3
Platte Lake (Big Platte),Total Phosphorus,1997-05-07,5.1
Platte Lake (Big Platte),Total Phosphorus,1997-05-13,5.9
Platte Lake (Big Platte),Total Phosphorus,1997-05-20,8
Platte Lake (Big Platte),Total Phosphorus,1997-05-27,5.9
Platte Lake (Big Platte),Total Phosphorus,1997-06-03,7.5
Platte Lake (Big Platte),Total Phosphorus,1997-06-10,7.8
Platte Lake (Big Platte),Total Phosphorus,1997-06-17,6.4
Platte Lake (Big Platte),Total Phosphorus,1997-06-24,7.2
Platte Lake (Big Platte),Total Phosphorus,1997-07-01,7.2
Platte Lake (Big Platte),Total Phosphorus,1997-07-09,7.3
Platte Lake (Big Platte),Total Phosphorus,1997-07-15,7.3
Platte Lake (Big Platte),Total Phosphorus,1997-07-22,6.9
Platte Lake (Big Platte),Total Phosphorus,1997-08-05,5.9
Platte Lake (Big Platte),Total Phosphorus,1997-08-19,5.9
Platte Lake (Big Platte),Total Phosphorus,1997-09-02,5.9
Platte Lake (Big Platte),Total Phosphorus,1997-09-16,5.4
Platte Lake (Big Platte),Total Phosphorus,1997-09-30,6.3
Platte Lake (Big Platte),Total Phosphorus,1997-10-14,7.1
Platte Lake (Big Platte),Total Phosphorus,1997-10-28,6.7
Platte Lake (Big Platte),Total Phosphorus,1997-11-11,7.9
Platte Lake (Big Platte),Total Phosphorus,1997-11-25,7.9
Platte Lake (Big Platte),Total Phosphorus,1997-12-09,7
Platte Lake (Big Platte),Total Phosphorus,1997-12-23,6.6
Platte Lake (Big Platte),Total Phosphorus,1998-01-06,6.6
Platte Lake (Big Platte),Total Phosphorus,1998-02-10,5.6
Platte Lake (Big Platte),Total Phosphorus,1998-03-03,4.9
Platte Lake (Big Platte),Total Phosphorus,1998-03-24,5.8
Platte Lake (Big Platte),Total Phosphorus,1998-04-07,7
Platte Lake (Big Platte),Total Phosphorus,1998-04-21,8.6
Platte Lake (Big Platte),Total Phosphorus,1998-05-05,5.3
Platte Lake (Big Platte),Total Phosphorus,1998-05-19,6.3
Platte Lake (Big Platte),Total Phosphorus,1998-05-26,9.3
Platte Lake (Big Platte),Total Phosphorus,1998-06-02,6.2
Platte Lake (Big Platte),Total Phosphorus,1998-06-09,5.1
Platte Lake (Big Platte),Total Phosphorus,1998-06-16,5.3
Platte Lake (Big Platte),Total Phosphorus,1998-06-23,5.8
Platte Lake (Big Platte),Total Phosphorus,1998-06-30,5.7
Platte Lake (Big Platte),Total Phosphorus,1998-07-07,6.9
Platte Lake (Big Platte),Total Phosphorus,1998-07-21,6.3
Platte Lake (Big Platte),Total Phosphorus,1998-08-11,6.4
Platte Lake (Big Platte),Total Phosphorus,1998-08-25,5.3
Platte Lake (Big Platte),Total Phosphorus,1998-09-08,5.9
Platte Lake (Big Platte),Total Phosphorus,1998-09-22,8
Platte Lake (Big Platte),Total Phosphorus,1998-10-07,7.7
Platte Lake (Big Platte),Total Phosphorus,1998-10-20,7.1
Platte Lake (Big Platte),Total Phosphorus,1998-11-03,8.2
Platte Lake (Big Platte),Total Phosphorus,1998-11-17,6.6
Platte Lake (Big Platte),Total Phosphorus,1998-12-01,6.7
Platte Lake (Big Platte),Total Phosphorus,1998-12-15,7.1
Platte Lake (Big Platte),Total Phosphorus,1999-01-26,7.5
Platte Lake (Big Platte),Total Phosphorus,1999-02-09,6.1
Platte Lake (Big Platte),Total Phosphorus,1999-02-23,6.7
Platte Lake (Big Platte),Total Phosphorus,1999-03-09,5.7
Platte Lake (Big Platte),Total Phosphorus,1999-04-06,4.9
Platte Lake (Big Platte),Total Phosphorus,1999-04-20,6.4
Platte Lake (Big Platte),Total Phosphorus,1999-05-04,6.6
Platte Lake (Big Platte),Total Phosphorus,1999-05-18,7
Platte Lake (Big Platte),Total Phosphorus,1999-06-01,6.5
Platte Lake (Big Platte),Total Phosphorus,1999-06-15,6.3
Platte Lake (Big Platte),Total Phosphorus,1999-06-29,6
Platte Lake (Big Platte),Total Phosphorus,1999-07-13,6.3
Platte Lake (Big Platte),Total Phosphorus,1999-07-27,5.7
Platte Lake (Big Platte),Total Phosphorus,1999-08-10,6.2
Platte Lake (Big Platte),Total Phosphorus,1999-08-24,4.2
Platte Lake (Big Platte),Total Phosphorus,1999-09-07,6.2
Platte Lake (Big Platte),Total Phosphorus,1999-09-21,6.1
Platte Lake (Big Platte),Total Phosphorus,1999-10-05,8
Platte Lake (Big Platte),Total Phosphorus,1999-10-19,8.1
Platte Lake (Big Platte),Total Phosphorus,1999-11-02,6.7
Platte Lake (Big Platte),Total Phosphorus,1999-11-16,7.5
Platte Lake (Big Platte),Total Phosphorus,1999-11-30,7.2
Platte Lake (Big Platte),Total Phosphorus,1999-12-14,6.9
Platte Lake (Big Platte),Total Phosphorus,2000-01-18,6.3
Platte Lake (Big Platte),Total Phosphorus,2000-02-01,6
Platte Lake (Big Platte),Total Phosphorus,2000-02-15,7.1
Platte Lake (Big Platte),Total Phosphorus,2000-03-06,5.1
Platte Lake (Big Platte),Total Phosphorus,2000-03-21,6.7
Platte Lake (Big Platte),Total Phosphorus,2000-04-04,7.3
Platte Lake (Big Platte),Total Phosphorus,2000-04-18,6.3
Platte Lake (Big Platte),Total Phosphorus,2000-05-02,6
Platte Lake (Big Platte),Total Phosphorus,2000-05-16,6.7
Platte Lake (Big Platte),Total Phosphorus,2000-06-06,7.3
Platte Lake (Big Platte),Total Phosphorus,2000-06-20,6.1
Platte Lake (Big Platte),Total Phosphorus,2000-07-05,5.2
Platte Lake (Big Platte),Total Phosphorus,2000-07-18,6.5
Platte Lake (Big Platte),Total Phosphorus,2000-08-01,5
Platte Lake (Big Platte),Total Phosphorus,2000-08-15,5.4
Platte Lake (Big Platte),Total Phosphorus,2000-08-29,5.4
Platte Lake (Big Platte),Total Phosphorus,2000-09-12,7
Platte Lake (Big Platte),Total Phosphorus,2000-09-26,5.3
Platte Lake (Big Platte),Total Phosphorus,2000-10-10,7.1
Platte Lake (Big Platte),Total Phosphorus,2000-10-24,7.6
Platte Lake (Big Platte),Total Phosphorus,2000-11-08,8.5
Platte Lake (Big Platte),Total Phosphorus,2000-11-28,8.4
Platte Lake (Big Platte),Total Phosphorus,2001-01-03,7.1
Platte Lake (Big Platte),Total Phosphorus,2001-01-16,8.3
Platte Lake (Big Platte),Total Phosphorus,2001-01-30,7.7
Platte Lake (Big Platte),Total Phosphorus,2001-02-13,8.2
Platte Lake (Big Platte),Total Phosphorus,2001-02-27,6.8
Platte Lake (Big Platte),Total Phosphorus,2001-03-13,8
Platte Lake (Big Platte),Total Phosphorus,2001-03-27,7.4
Platte Lake (Big Platte),Total Phosphorus,2001-04-24,7
Platte Lake (Big Platte),Total Phosphorus,2001-05-08,7.5
Platte Lake (Big Platte),Total Phosphorus,2001-05-22,7.8
Platte Lake (Big Platte),Total Phosphorus,2001-06-05,8.6
Platte Lake (Big Platte),Total Phosphorus,2001-06-19,9.7
Platte Lake (Big Platte),Total Phosphorus,2001-07-03,7.9
Platte Lake (Big Platte),Total Phosphorus,2001-07-17,9
Platte Lake (Big Platte),Total Phosphorus,2001-07-31,5.8
Platte Lake (Big Platte),Total Phosphorus,2001-08-14,5.8
Platte Lake (Big Platte),Total Phosphorus,2001-08-28,5.7
Platte Lake (Big Platte),Total Phosphorus,2001-09-11,6.2
Platte Lake (Big Platte),Total Phosphorus,2001-09-25,6.1
Platte Lake (Big Platte),Total Phosphorus,2001-10-09,7.5
Platte Lake (Big Platte),Total Phosphorus,2001-10-23,9.6
Platte Lake (Big Platte),Total Phosphorus,2001-11-06,9.8
Platte Lake (Big Platte),Total Phosphorus,2001-11-20,8.3
Platte Lake (Big Platte),Total Phosphorus,2001-12-04,8
Platte Lake (Big Platte),Total Phosphorus,2001-12-18,7
Platte Lake (Big Platte),Total Phosphorus,2002-04-02,8.1
Platte Lake (Big Platte),Total Phosphorus,2002-04-16,9.9
Platte Lake (Big Platte),Total Phosphorus,2002-04-30,10.6
Platte Lake (Big Platte),Total Phosphorus,2002-05-14,9.3
Platte Lake (Big Platte),Total Phosphorus,2002-05-28,12.6
Platte Lake (Big Platte),Total Phosphorus,2002-06-14,9.7
Platte Lake (Big Platte),Total Phosphorus,2002-06-25,9.5
Platte Lake (Big Platte),Total Phosphorus,2002-07-10,10
Platte Lake (Big Platte),Total Phosphorus,2002-07-23,8.1
Platte Lake (Big Platte),Total Phosphorus,2002-08-06,7.9
Platte Lake (Big Platte),Total Phosphorus,2002-08-20,8.2
Platte Lake (Big Platte),Total Phosphorus,2002-09-03,8.7
Platte Lake (Big Platte),Total Phosphorus,2002-09-17,6.9
Platte Lake (Big Platte),Total Phosphorus,2002-10-02,6.4
Platte Lake (Big Platte),Total Phosphorus,2002-10-16,8.3
Platte Lake (Big Platte),Total Phosphorus,2002-10-30,7.6
Platte Lake (Big Platte),Total Phosphorus,2002-11-13,6.6
Platte Lake (Big Platte),Total Phosphorus,2002-11-27,7.3
Platte Lake (Big Platte),Total Phosphorus,2003-01-29,8
Platte Lake (Big Platte),Total Phosphorus,2003-03-04,7.2
Platte Lake (Big Platte),Total Phosphorus,2003-03-12,6.5
Platte Lake (Big Platte),Total Phosphorus,2003-04-23,9.8
Platte Lake (Big Platte),Total Phosphorus,2003-05-07,8.9
Platte Lake (Big Platte),Total Phosphorus,2003-05-21,9.1
Platte Lake (Big Platte),Total Phosphorus,2003-06-05,8.7
Platte Lake (Big Platte),Total Phosphorus,2003-06-18,8.1
Platte Lake (Big Platte),Total Phosphorus,2003-07-02,7.6
Platte Lake (Big Platte),Total Phosphorus,2003-07-17,8
Platte Lake (Big Platte),Total Phosphorus,2003-07-30,7.8
Platte Lake (Big Platte),Total Phosphorus,2003-08-13,8.1
Platte Lake (Big Platte),Total Phosphorus,2003-08-27,9
Platte Lake (Big Platte),Total Phosphorus,2003-09-10,9.3
Platte Lake (Big Platte),Total Phosphorus,2003-09-24,9.5
Platte Lake (Big Platte),Total Phosphorus,2003-10-08,8.9
Platte Lake (Big Platte),Total Phosphorus,2003-10-22,9.1
Platte Lake (Big Platte),Total Phosphorus,2003-11-05,6.9
Platte Lake (Big Platte),Total Phosphorus,2003-11-19,6.5
Platte Lake (Big Platte),Total Phosphorus,2003-12-03,8
Platte Lake (Big Platte),Total Phosphorus,2004-02-05,8.8
Platte Lake (Big Platte),Total Phosphorus,2004-02-19,5.7
Platte Lake (Big Platte),Total Phosphorus,2004-04-07,5.8
Platte Lake (Big Platte),Total Phosphorus,2004-04-22,6.7
Platte Lake (Big Platte),Total Phosphorus,2004-05-05,6.5
Platte Lake (Big Platte),Total Phosphorus,2004-05-19,7.6
Platte Lake (Big Platte),Total Phosphorus,2004-06-02,8.1
Platte Lake (Big Platte),Total Phosphorus,2004-06-16,6.9
Platte Lake (Big Platte),Total Phosphorus,2004-06-28,7.1
Platte Lake (Big Platte),Total Phosphorus,2004-07-14,8.4
Platte Lake (Big Platte),Total Phosphorus,2004-07-28,8.1
Platte Lake (Big Platte),Total Phosphorus,2004-08-11,8
Platte Lake (Big Platte),Total Phosphorus,2004-08-25,7.8
Platte Lake (Big Platte),Total Phosphorus,2004-09-08,7.3
Platte Lake (Big Platte),Total Phosphorus,2004-09-22,7.8
Platte Lake (Big Platte),Total Phosphorus,2004-10-06,8.7
Platte Lake (Big Platte),Total Phosphorus,2004-10-20,8.1
Platte Lake (Big Platte),Total Phosphorus,2004-11-03,6.9
Platte Lake (Big Platte),Total Phosphorus,2004-11-17,5.9
Platte Lake (Big Platte),Total Phosphorus,2004-12-01,6
Platte Lake (Big Platte),Total Phosphorus,2005-01-19,5.4
Platte Lake (Big Platte),Total Phosphorus,2005-02-15,8.5
Platte Lake (Big Platte),Total Phosphorus,2005-03-02,8.2
Platte Lake (Big Platte),Total Phosphorus,2005-04-14,7.2
Platte Lake (Big Platte),Total Phosphorus,2005-04-28,9.9
Platte Lake (Big Platte),Total Phosphorus,2005-05-11,8
Platte Lake (Big Platte),Total Phosphorus,2005-05-25,9.6
Platte Lake (Big Platte),Total Phosphorus,2005-06-08,8.7
Platte Lake (Big Platte),Total Phosphorus,2005-06-22,9.8
Platte Lake (Big Platte),Total Phosphorus,2005-07-13,10.6
Platte Lake (Big Platte),Total Phosphorus,2005-07-27,11.2
Platte Lake (Big Platte),Total Phosphorus,2005-08-10,7.9
Platte Lake (Big Platte),Total Phosphorus,2005-08-24,9.7
Platte Lake (Big Platte),Total Phosphorus,2005-09-07,8.8
Platte Lake (Big Platte),Total Phosphorus,2005-09-21,9.4
Platte Lake (Big Platte),Total Phosphorus,2005-10-05,7.9
Platte Lake (Big Platte),Total Phosphorus,2005-11-02,8.6
Platte Lake (Big Platte),Total Phosphorus,2005-11-30,6.5
Platte Lake (Big Platte),Total Phosphorus,2006-03-01,6.5
Platte Lake (Big Platte),Total Phosphorus,2006-04-05,9.8
Platte Lake (Big Platte),Total Phosphorus,2006-04-19,8.3
Platte Lake (Big Platte),Total Phosphorus,2006-05-03,8.9
Platte Lake (Big Platte),Total Phosphorus,2006-05-16,12.6
Platte Lake (Big Platte),Total Phosphorus,2006-06-01,9.8
Platte Lake (Big Platte),Total Phosphorus,2006-06-14,10.2
Platte Lake (Big Platte),Total Phosphorus,2006-06-28,9.9
Platte Lake (Big Platte),Total Phosphorus,2006-07-12,9.8
Platte Lake (Big Platte),Total Phosphorus,2006-07-27,9.1
Platte Lake (Big Platte),Total Phosphorus,2006-08-09,8.1
Platte Lake (Big Platte),Total Phosphorus,2006-08-23,8.3
Platte Lake (Big Platte),Total Phosphorus,2006-09-06,8.2
Platte Lake (Big Platte),Total Phosphorus,2006-09-20,8.4
Platte Lake (Big Platte),Total Phosphorus,2006-10-09,7
Platte Lake (Big Platte),Total Phosphorus,2006-10-24,6.6
Platte Lake (Big Platte),Total Phosphorus,2006-11-08,5.6
Platte Lake (Big Platte),Total Phosphorus,2006-11-27,6
Platte Lake (Big Platte),Total Phosphorus,2006-12-13,6.6
Platte Lake (Big Platte),Total Phosphorus,2007-01-05,5.4
Platte Lake (Big Platte),Total Phosphorus,2007-03-29,7.1
Platte Lake (Big Platte),Total Phosphorus,2007-04-17,9.5
Platte Lake (Big Platte),Total Phosphorus,2007-05-02,5.8
Platte Lake (Big Platte),Total Phosphorus,2007-05-16,5.9
Platte Lake (Big Platte),Total Phosphorus,2007-06-01,6
Platte Lake (Big Platte),Total Phosphorus,2007-06-13,6.6
Platte Lake (Big Platte),Total Phosphorus,2007-06-27,8.6
Platte Lake (Big Platte),Total Phosphorus,2007-07-11,8
Platte Lake (Big Platte),Total Phosphorus,2007-07-25,8.7
Platte Lake (Big Platte),Total Phosphorus,2007-08-08,8.2
Platte Lake (Big Platte),Total Phosphorus,2007-08-22,8.3
Platte Lake (Big Platte),Total Phosphorus,2007-09-05,8.7
Platte Lake (Big Platte),Total Phosphorus,2007-09-26,7.3
Platte Lake (Big Platte),Total Phosphorus,2007-10-10,8.7
Platte Lake (Big Platte),Total Phosphorus,2007-10-24,7.7
Platte Lake (Big Platte),Total Phosphorus,2007-11-07,8.8
Platte Lake (Big Platte),Total Phosphorus,2008-02-01,7.4
Platte Lake (Big Platte),Total Phosphorus,2008-02-14,8.3
Platte Lake (Big Platte),Total Phosphorus,2008-03-05,7.5
Platte Lake (Big Platte),Total Phosphorus,2008-03-20,4.4
Platte Lake (Big Platte),Total Phosphorus,2008-04-16,7.6
Platte Lake (Big Platte),Total Phosphorus,2008-04-30,7.2
Platte Lake (Big Platte),Total Phosphorus,2008-05-15,6.9
Platte Lake (Big Platte),Total Phosphorus,2008-05-23,7.3
Platte Lake (Big Platte),Total Phosphorus,2008-06-04,8.2
Platte Lake (Big Platte),Total Phosphorus,2008-06-20,9
Platte Lake (Big Platte),Total Phosphorus,2008-07-01,9.4
Platte Lake (Big Platte),Total Phosphorus,2008-07-17,9.6
Platte Lake (Big Platte),Total Phosphorus,2008-07-30,8.4
Platte Lake (Big Platte),Total Phosphorus,2008-08-14,6.8
Platte Lake (Big Platte),Total Phosphorus,2008-08-27,7.8
Platte Lake (Big Platte),Total Phosphorus,2008-09-10,9.2
Platte Lake (Big Platte),Total Phosphorus,2008-09-23,16.2
Platte Lake (Big Platte),Total Phosphorus,2008-10-09,7.4
Platte Lake (Big Platte),Total Phosphorus,2008-10-15,7.7
Platte Lake (Big Platte),Total Phosphorus,2008-10-30,8.3
Platte Lake (Big Platte),Total Phosphorus,2008-11-12,7.2
Platte Lake (Big Platte),Total Phosphorus,2009-01-27,7.5
Platte Lake (Big Platte),Total Phosphorus,2009-04-09,7
Platte Lake (Big Platte),Total Phosphorus,2009-04-16,6.2
Platte Lake (Big Platte),Total Phosphorus,2009-04-30,5.7
Platte Lake (Big Platte),Total Phosphorus,2009-05-14,5.8
Platte Lake (Big Platte),Total Phosphorus,2009-05-28,7
Platte Lake (Big Platte),Total Phosphorus,2009-06-12,9.6
Platte Lake (Big Platte),Total Phosphorus,2009-06-24,9.7
Platte Lake (Big Platte),Total Phosphorus,2009-07-09,11.2
Platte Lake (Big Platte),Total Phosphorus,2009-07-29,9.1
Platte Lake (Big Platte),Total Phosphorus,2009-08-05,9
Platte Lake (Big Platte),Total Phosphorus,2009-08-19,13.7
Platte Lake (Big Platte),Total Phosphorus,2009-09-02,9.2
Platte Lake (Big Platte),Total Phosphorus,2009-09-22,8
Platte Lake (Big Platte),Total Phosphorus,2009-10-07,14
Platte Lake (Big Platte),Total Phosphorus,2009-10-21,8.9
Platte Lake (Big Platte),Total Phosphorus,2009-11-04,7.6
Platte Lake (Big Platte),Total Phosphorus,2009-11-17,7.9
Platte Lake (Big Platte),Total Phosphorus,2009-12-02,7.7
Platte Lake (Big Platte),Total Phosphorus,2010-01-14,5.9
Platte Lake (Big Platte),Total Phosphorus,2010-02-04,6.15
Platte Lake (Big Platte),Total Phosphorus,2010-02-17,6.5
Platte Lake (Big Platte),Total Phosphorus,2010-03-31,9.3
Platte Lake (Big Platte),Total Phosphorus,2010-04-14,6
Platte Lake (Big Platte),Total Phosphorus,2010-05-19,6.2
Platte Lake (Big Platte),Total Phosphorus,2010-06-02,12.8
Platte Lake (Big Platte),Total Phosphorus,2010-06-24,8.29
Platte Lake (Big Platte),Total Phosphorus,2010-07-06,8.6
Platte Lake (Big Platte),Total Phosphorus,2010-07-21,8.55
Platte Lake (Big Platte),Total Phosphorus,2010-08-04,9.9
Platte Lake (Big Platte),Total Phosphorus,2010-08-19,8.76
Platte Lake (Big Platte),Total Phosphorus,2010-09-01,7.98
Platte Lake (Big Platte),Total Phosphorus,2010-09-15,9.55
Platte Lake (Big Platte),Total Phosphorus,2010-09-29,8.52
Platte Lake (Big Platte),Total Phosphorus,2010-10-12,13
Platte Lake (Big Platte),Total Phosphorus,2010-11-09,6.55
Platte Lake (Big Platte),Total Phosphorus,2010-12-01,6.48
Platte Lake (Big Platte),Total Phosphorus,2011-03-08,5.97
Platte Lake (Big Platte),Total Phosphorus,2011-04-21,7.6
Platte Lake (Big Platte),Total Phosphorus,2011-05-04,6.6
Platte Lake (Big Platte),Total Phosphorus,2011-05-17,6.08
Platte Lake (Big Platte),Total Phosphorus,2011-06-02,6.9
Platte Lake (Big Platte),Total Phosphorus,2011-06-14,7.9
Platte Lake (Big Platte),Total Phosphorus,2011-06-29,7.95
Platte Lake (Big Platte),Total Phosphorus,2011-07-13,9.94
Platte Lake (Big Platte),Total Phosphorus,2011-07-29,9.18
Platte Lake (Big Platte),Total Phosphorus,2011-08-10,9.6
Platte Lake (Big Platte),Total Phosphorus,2011-08-24,9.16
Platte Lake (Big Platte),Total Phosphorus,2011-09-07,7.05
Platte Lake (Big Platte),Total Phosphorus,2011-09-21,8.99
Platte Lake (Big Platte),Total Phosphorus,2011-10-05,8.21
Platte Lake (Big Platte),Total Phosphorus,2011-10-26,8.24
Platte Lake (Big Platte),Total Phosphorus,2011-11-08,6.1
Platte Lake (Big Platte),Total Phosphorus,2011-11-22,8.75
Platte Lake (Big Platte),Total Phosphorus,2011-12-21,7.35
Platte Lake (Big Platte),Total Phosphorus,2012-04-04,7.1
Platte Lake (Big Platte),Total Phosphorus,2012-04-17,8.25
Platte Lake (Big Platte),Total Phosphorus,2012-05-01,8
Platte Lake (Big Platte),Total Phosphorus,2012-05-15,7.53
Platte Lake (Big Platte),Total Phosphorus,2012-05-29,7.32
Platte Lake (Big Platte),Total Phosphorus,2012-06-13,8.6
Platte Lake (Big Platte),Total Phosphorus,2012-06-26,10.85
Platte Lake (Big Platte),Total Phosphorus,2012-07-11,9.34
Platte Lake (Big Platte),Total Phosphorus,2012-08-22,8.57
Platte Lake (Big Platte),Total Phosphorus,2012-09-05,6.95
Platte Lake (Big Platte),Total Phosphorus,2012-09-19,7.19
Platte Lake (Big Platte),Total Phosphorus,2012-10-10,8.29
Platte Lake (Big Platte),Total Phosphorus,2012-10-24,8.06
Platte Lake (Big Platte),Total Phosphorus,2012-11-07,7.5
Platte Lake (Big Platte),Total Phosphorus,2012-11-28,7.1
Platte Lake (Big Platte),Total Phosphorus,2013-02-15,6.84
Platte Lake (Big Platte),Total Phosphorus,2013-05-08,6.78
Platte Lake (Big Platte),Total Phosphorus,2013-05-22,9.31
Platte Lake (Big Platte),Total Phosphorus,2013-06-05,7.57
Platte Lake (Big Platte),Total Phosphorus,2013-06-18,8.87
Platte Lake (Big Platte),Total Phosphorus,2013-07-03,8.95
Platte Lake (Big Platte),Total Phosphorus,2013-07-17,10.16
Platte Lake (Big Platte),Total Phosphorus,2013-08-02,6.91
Platte Lake (Big Platte),Total Phosphorus,2013-08-16,8.81
Platte Lake (Big Platte),Total Phosphorus,2013-09-05,9.43
Platte Lake (Big Platte),Total Phosphorus,2013-09-27,9.71
Platte Lake (Big Platte),Total Phosphorus,2013-10-09,9.65
Platte Lake (Big Platte),Total Phosphorus,2013-10-23,8.03
Platte Lake (Big Platte),Total Phosphorus,2013-11-19,6.18
Platte Lake (Big Platte),Total Phosphorus,2014-02-19,5.17
Platte Lake (Big Platte),Total Phosphorus,2014-03-04,5.9
Platte Lake (Big Platte),Total Phosphorus,2014-03-26,6.35
Platte Lake (Big Platte),Total Phosphorus,2014-04-24,6.77
Platte Lake (Big Platte),Total Phosphorus,2014-05-30,7.54
Platte Lake (Big Platte),Total Phosphorus,2014-06-18,7.48
Platte Lake (Big Platte),Total Phosphorus,2014-07-02,7.12
Platte Lake (Big Platte),Total Phosphorus,2014-07-18,8.09
Platte Lake (Big Platte),Total Phosphorus,2014-08-05,8.27
Platte Lake (Big Platte),Total Phosphorus,2014-08-20,8.78
Platte Lake (Big Platte),Total Phosphorus,2014-09-03,7.31
Platte Lake (Big Platte),Total Phosphorus,2014-09-30,8.82
Platte Lake (Big Platte),Total Phosphorus,2015-01-16,8.17
Platte Lake (Big Platte),Total Phosphorus,2015-02-25,5.52
Platte Lake (Big Platte),Total Phosphorus,2015-04-13,5.75
Platte Lake (Big Platte),Total Phosphorus,2015-04-29,5.24
Platte Lake (Big Platte),Total Phosphorus,2015-05-12,6.95
Platte Lake (Big Platte),Total Phosphorus,2015-05-26,8.47
Platte Lake (Big Platte),Total Phosphorus,2015-06-09,8.44
Platte Lake (Big Platte),Total Phosphorus,2015-06-23,9.58
Platte Lake (Big Platte),Total Phosphorus,2015-07-06,9.28
Platte Lake (Big Platte),Total Phosphorus,2015-08-05,9.2
Platte Lake (Big Platte),Total Phosphorus,2015-08-20,9.61
Platte Lake (Big Platte),Total Phosphorus,2015-09-02,9.17
Platte Lake (Big Platte),Total Phosphorus,2015-09-23,11.22
Platte Lake (Big Platte),Total Phosphorus,2015-10-06,8.21
Platte Lake (Big Platte),Total Phosphorus,2015-10-26,9.08
Platte Lake (Big Platte),Total Phosphorus,2015-11-17,8.16
Platte Lake (Big Platte),Total Phosphorus,2015-12-03,9.8
Platte Lake (Big Platte),Total Phosphorus,2016-02-19,8.3
Platte Lake (Big Platte),Total Phosphorus,2016-03-07,7.5
Platte Lake (Big Platte),Total Phosphorus,2016-03-14,8.4
Platte Lake (Big Platte),Total Phosphorus,2016-03-30,9.4
Platte Lake (Big Platte),Total Phosphorus,2016-04-15,9.3
Platte Lake (Big Platte),Total Phosphorus,2016-04-26,9.2
Platte Lake (Big Platte),Total Phosphorus,2016-05-09,9.5
Platte Lake (Big Platte),Total Phosphorus,2016-05-27,9.6
Platte Lake (Big Platte),Total Phosphorus,2016-06-15,9.1
Platte Lake (Big Platte),Total Phosphorus,2016-06-28,8.5
Platte Lake (Big Platte),Total Phosphorus,2016-07-13,9
Platte Lake (Big Platte),Total Phosphorus,2016-07-26,9.6
Platte Lake (Big Platte),Total Phosphorus,2016-08-09,8.1
Platte Lake (Big Platte),Total Phosphorus,2016-08-23,8.8
Platte Lake (Big Platte),Total Phosphorus,2016-09-16,6.9
Platte Lake (Big Platte),Total Phosphorus,2016-09-27,10.6
Platte Lake (Big Platte),Total Phosphorus,2016-10-14,10
Platte Lake (Big Platte),Total Phosphorus,2016-10-26,9.3
Platte Lake (Big Platte),Total Phosphorus,2016-11-16,9.2
Platte Lake (Big Platte),Total Phosphorus,2017-01-18,6.2
Platte Lake (Big Platte),Total Phosphorus,2017-01-31,7.1
Platte Lake (Big Platte),Total Phosphorus,2017-02-17,9.2
Platte Lake (Big Platte),Total Phosphorus,2017-03-29,7.5
Platte Lake (Big Platte),Total Phosphorus,2017-04-18,7.5
Platte Lake (Big Platte),Total Phosphorus,2017-05-03,8
Platte Lake (Big Platte),Total Phosphorus,2017-05-22,8.5
Platte Lake (Big Platte),Total Phosphorus,2017-06-06,8.6
Platte Lake (Big Platte),Total Phosphorus,2017-06-19,8.4
Platte Lake (Big Platte),Total Phosphorus,2017-07-05,6.8
Platte Lake (Big Platte),Total Phosphorus,2017-07-20,7.9
Platte Lake (Big Platte),Total Phosphorus,2017-08-01,8.9
Platte Lake (Big Platte),Total Phosphorus,2017-08-18,8.1
Platte Lake (Big Platte),Total Phosphorus,2017-09-06,7.3
Platte Lake (Big Platte),Total Phosphorus,2017-09-21,6.2
Platte Lake (Big Platte),Total Phosphorus,2017-10-11,6.2
Platte Lake (Big Platte),Total Phosphorus,2017-10-30,6.659
Platte Lake (Big Platte),Total Phosphorus,2018-01-24,6.63
Platte Lake (Big Platte),Total Phosphorus,2018-02-07,5.663
Platte Lake (Big Platte),Total Phosphorus,2018-02-23,5.47
Platte Lake (Big Platte),Total Phosphorus,2018-04-24,6.874
Platte Lake (Big Platte),Total Phosphorus,2018-05-08,5.316
Platte Lake (Big Platte),Total Phosphorus,2018-05-24,5.788
Platte Lake (Big Platte),Total Phosphorus,2018-06-06,7.824
Platte Lake (Big Platte),Total Phosphorus,2018-06-20,5.458
Platte Lake (Big Platte),Total Phosphorus,2018-07-06,8.068
Platte Lake (Big Platte),Total Phosphorus,2018-07-30,8.666
Platte Lake (Big Platte),Total Phosphorus,2018-08-15,7.886
Platte Lake (Big Platte),Total Phosphorus,2018-08-29,7.968
Platte Lake (Big Platte),Total Phosphorus,2018-09-14,8.526
Platte Lake (Big Platte),Total Phosphorus,2018-09-28,10.105
Platte Lake (Big Platte),Total Phosphorus,2018-10-16,10.828
Platte Lake (Big Platte),Total Phosphorus,2018-10-31,10.545
Platte Lake (Big Platte),Total Phosphorus,2018-11-14,9.742
Platte Lake (Big Platte),Total Phosphorus,2018-11-30,6.481
Platte Lake (Big Platte),Total Phosphorus,2019-02-04,6.248
Platte Lake (Big Platte),Total Phosphorus,2019-02-27,5.9
Platte Lake (Big Platte),Total Phosphorus,2019-03-13,6.5
Platte Lake (Big Platte),Total Phosphorus,2019-03-26,5.4
Platte Lake (Big Platte),Total Phosphorus,2019-04-12,8.1
Platte Lake (Big Platte),Total Phosphorus,2019-04-30,6.8
Platte Lake (Big Platte),Total Phosphorus,2019-05-14,7.4
Platte Lake (Big Platte),Total Phosphorus,2019-05-31,7.6
Platte Lake (Big Platte),Total Phosphorus,2019-06-12,8.7
Platte Lake (Big Platte),Total Phosphorus,2019-06-25,8.5
Platte Lake (Big Platte),Total Phosphorus,2019-07-10,8.5
Platte Lake (Big Platte),Total Phosphorus,2019-07-24,7.6
Platte Lake (Big Platte),Total Phosphorus,2019-08-07,8.2
Platte Lake (Big Platte),Total Phosphorus,2019-08-30,9.2
Platte Lake (Big Platte),Total Phosphorus,2019-09-11,10.8
Platte Lake (Big Platte),Total Phosphorus,2019-09-27,8.2
Platte Lake (Big Platte),Total Phosphorus,2019-10-15,8.3
Platte Lake (Big Platte),Total Phosphorus,2019-10-29,8.2
Platte Lake (Big Platte),Total Phosphorus,2020-02-27,5.074
Platte Lake (Big Platte),Total Phosphorus,2020-03-27,5.63
Platte Lake (Big Platte),Total Phosphorus,2020-04-07,7.165
Platte Lake (Big Platte),Total Phosphorus,2020-04-24,7.411
Platte Lake (Big Platte),Total Phosphorus,2020-05-15,6.59
Platte Lake (Big Platte),Total Phosphorus,2020-05-29,6.749
Platte Lake (Big Platte),Total Phosphorus,2020-06-12,7.621
Platte Lake (Big Platte),Total Phosphorus,2020-06-26,7.655
Platte Lake (Big Platte),Total Phosphorus,2020-07-10,8.89
Platte Lake (Big Platte),Total Phosphorus,2020-07-24,6.835
Platte Lake (Big Platte),Total Phosphorus,2020-08-07,8.439
Platte Lake (Big Platte),Total Phosphorus,2020-09-15,8.025
Platte Lake (Big Platte),Total Phosphorus,2020-09-29,7.83
Platte Lake (Big Platte),Total Phosphorus,2020-10-14,9.133
Platte Lake (Big Platte),Total Phosphorus,2020-11-03,10.876
Platte Lake (Big Platte),Total Phosphorus,2020-11-19,7.811
Platte Lake (Big Platte),Total Phosphorus,2020-12-04,7.2
Platte Lake (Big Platte),Total Phosphorus,2021-02-04,6.882
Platte Lake (Big Platte),Total Phosphorus,2021-02-24,6.933
Platte Lake (Big Platte),Total Phosphorus,2021-03-09,6.889
Platte Lake (Big Platte),Total Phosphorus,2021-04-07,7.861
Platte Lake (Big Platte),Total Phosphorus,2021-04-19,8.641
Platte Lake (Big Platte),Total Phosphorus,2021-05-05,7.145
Platte Lake (Big Platte),Total Phosphorus,2021-05-26,5.934
Platte Lake (Big Platte),Total Phosphorus,2021-06-08,6.757
Platte Lake (Big Platte),Total Phosphorus,2021-06-28,8.064
Platte Lake (Big Platte),Total Phosphorus,2021-07-15,9.541
Platte Lake (Big Platte),Total Phosphorus,2021-08-16,6.813
Platte Lake (Big Platte),Total Phosphorus,2021-08-31,8.178
Platte Lake (Big Platte),Total Phosphorus,2021-09-22,9.173
Platte Lake (Big Platte),Total Phosphorus,2021-10-05,9.143
Platte Lake (Big Platte),Total Phosphorus,2021-10-25,8.513
Platte Lake (Big Platte),Total Phosphorus,2021-11-10,8.778
Platte Lake (Big Platte),Total Phosphorus,2021-11-30,9.361
Platte Lake (Big Platte),Total Phosphorus,2022-01-21,6.447
Platte Lake (Big Platte),Total Phosphorus,2022-02-02,7.592
Platte Lake (Big Platte),Total Phosphorus,2022-02-18,7.208
Platte Lake (Big Platte),Total Phosphorus,2022-03-09,7.096
Platte Lake (Big Platte),Total Phosphorus,2022-04-29,8.514
Platte Lake (Big Platte),Total Phosphorus,2022-05-11,8.408
Platte Lake (Big Platte),Total Phosphorus,2022-05-27,9.634
Platte Lake (Big Platte),Total Phosphorus,2022-06-14,8.721
Platte Lake (Big Platte),Total Phosphorus,2022-06-28,7.987
Platte Lake (Big Platte),Total Phosphorus,2022-07-12,8.566
Platte Lake (Big Platte),Total Phosphorus,2022-07-29,7.551
Platte Lake (Big Platte),Total Phosphorus,2022-08-12,6.009
Platte Lake (Big Platte),Total Phosphorus,2022-08-26,6.683
Platte Lake (Big Platte),Total Phosphorus,2022-09-15,7.972
Platte Lake (Big Platte),Total Phosphorus,2022-09-30,7.431
Platte Lake (Big Platte),Total Phosphorus,2022-10-14,8.508
Platte Lake (Big Platte),Total Phosphorus,2022-11-04,8.623
Platte Lake (Big Platte),Total Phosphorus,2022-11-29,8.102
Platte Lake (Big Platte),Total Phosphorus,2023-04-07,6.049
Platte Lake (Big Platte),Total Phosphorus,2023-04-26,6.538
Platte Lake (Big Platte),Total Phosphorus,2023-05-10,7.609
Platte Lake (Big Platte),Total Phosphorus,2023-05-31,5.314
Platte Lake (Big Platte),Total Phosphorus,2023-06-13,8.502
Platte Lake (Big Platte),Total Phosphorus,2023-06-30,7.652
Platte Lake (Big Platte),Total Phosphorus,2023-07-14,8.62
Platte Lake (Big Platte),Total Phosphorus,2023-07-28,7.183
Platte Lake (Big Platte),Total Phosphorus,2023-08-15,7.299
Platte Lake (Big Platte),Total Phosphorus,2023-08-30,8.114
Platte Lake (Big Platte),Total Phosphorus,2023-09-15,7.447
Platte Lake (Big Platte),Total Phosphorus,2023-11-07,6.829
Platte Lake (Big Platte),Total Phosphorus,2023-11-22,5.863
Platte Lake (Big Platte),Total Phosphorus,2023-12-06,7.068
Platte Lake (Big Platte),Total Phosphorus,2023-12-20,7.699
Platte Lake (Big Platte),Total Phosphorus,2024-03-14,4.943
Platte Lake (Big Platte),Total Phosphorus,2024-03-29,5.978
Platte Lake (Big Platte),Total Phosphorus,2024-04-10,7.039
Platte Lake (Big Platte),Total Phosphorus,2024-04-23,7.522
Platte Lake (Big Platte),Total Phosphorus,2024-05-17,6.59
Platte Lake (Big Platte),Total Phosphorus,2024-06-12,9.214
Platte Lake (Big Platte),Total Phosphorus,2024-06-26,8.935
Platte Lake (Big Platte),Total Phosphorus,2024-07-11,6.311
Platte Lake (Big Platte),Total Phosphorus,2024-07-25,6.113
Platte Lake (Big Platte),Total Phosphorus,2024-08-15,6.799
Platte Lake (Big Platte),Total Phosphorus,2024-08-28,7.309
Platte Lake (Big Platte),Total Phosphorus,2024-09-12,7.179
Platte Lake (Big Platte),Total Phosphorus,2024-09-27,7.58
Platte Lake (Big Platte),Total Phosphorus,2024-10-14,8.131
Platte Lake (Big Platte),Total Phosphorus,2024-10-31,7.637
Platte Lake (Big Platte),Total Phosphorus,2024-11-20,7.388
Platte Lake (Big Platte),Total Phosphorus,2024-12-11,6.949
Platte Lake (Big Platte),Total Phosphorus,2025-01-31,4.76
Platte Lake (Big Platte),Total Phosphorus,2025-04-09,7.733
Platte Lake (Big Platte),Total Phosphorus,2025-04-23,8.887
Platte Lake (Big Platte),Total Phosphorus,2025-05-09,7.175
Platte Lake (Big Platte),Total Phosphorus,2025-05-23,7.911
Platte Lake (Big Platte),Total Phosphorus,2025-06-06,7.141
Platte Lake (Big Platte),Total Phosphorus,2025-06-27,9.607
Platte Lake (Big Platte),Total Phosphorus,2025-07-18,7.761
Platte Lake (Big Platte),Total Phosphorus,2025-07-31,7.181
Platte Lake (Big Platte),Total Phosphorus,2025-08-15,6.533
Platte Lake (Big Platte),Total Phosphorus,2025-08-29,8.158
Platte Lake (Big Platte),Total Phosphorus,2025-09-12,10.344
Platte Lake (Big Platte),Total Phosphorus,2025-09-30,9.262
Platte Lake (Big Platte),Total Phosphorus,2025-10-16,7.975
Platte Lake (Big Platte),Total Phosphorus,2025-11-12,8.846
Platte Lake (Big Platte),Total Phosphorus,2026-02-04,6.584
Platte Lake (Big Platte),Total Phosphorus,2026-04-15,8.219
Platte Lake (Big Platte),Total Phosphorus,2026-05-06,7.991
Platte Lake (Big Platte),Total Phosphorus,2026-05-28,9.983
Platte Lake (Big Platte),Total Phosphorus,2026-06-10,9.803
Platte Lake (Big Platte),Total Phosphorus,2026-06-30,8.578
Platte Lake (Big Platte),Total Phosphorus,2026-07-17,8.503
